image_id,width,height,processed_canvas,processed_content_width,processed_content_height,processed_image_pixels,processed_lesion_pixels,processed_lesion_ratio,processed_lesion_percent,pigment_network_present,pigment_network_ratio,negative_network_present,negative_network_ratio,streaks_present,streaks_ratio,milia_like_cyst_present,milia_like_cyst_ratio,globules_present,globules_ratio,status,flags
000001,640,480,512x512,512,384,262144,103240,0.39382935,39.3829,1,0.12726562,0,0.0,0,0.0,0,0.0,0,0.0,ok,
000002,3008,2000,512x512,512,340,262144,1640,0.0062561,0.6256,1,0.00598055,0,0.0,1,0.01053391,0,0.0,0,0.0,ok,
000003,639,602,512x512,512,482,262144,15987,0.06098557,6.0986,1,0.02608935,0,0.0,1,0.00419832,0,0.0,1,0.00239421,ok,
000004,1024,768,512x512,512,384,262144,10782,0.04113007,4.113,1,0.02409108,0,0.0,0,0.0,0,0.0,0,0.0,ok,
000005,722,540,512x512,512,383,262144,139382,0.53170013,53.17,1,0.05062327,1,0.14317482,0,0.0,0,0.0,1,0.01137529,ok,
000006,2592,1944,512x512,512,384,262144,1478,0.00563812,0.5638,0,0.0,0,0.0,0,0.0,0,0.0,0,0.0,ok,
000007,6688,4459,512x512,512,341,262144,17043,0.06501389,6.5014,0,0.0,0,0.0,0,0.0,0,0.0,1,0.00668276,ok,
000008,4288,2848,512x512,512,340,262144,5372,0.02049255,2.0493,0,0.0,0,0.0,0,0.0,0,0.0,1,0.01240077,ok,
000009,4288,2848,512x512,512,340,262144,9673,0.03689957,3.69,1,0.00180221,0,0.0,0,0.0,0,0.0,0,0.0,ok,
000010,1504,1129,512x512,512,384,262144,34802,0.13275909,13.2759,0,0.0,0,0.0,0,0.0,0,0.0,0,0.0,ok,
000011,919,802,512x512,512,447,262144,120243,0.45869064,45.8691,0,0.0,0,0.0,0,0.0,0,0.0,1,0.01625289,ok,
000012,640,480,512x512,512,384,262144,41135,0.15691757,15.6918,0,0.0,0,0.0,0,0.0,0,0.0,0,0.0,ok,
000013,640,480,512x512,512,384,262144,27518,0.10497284,10.4973,1,0.02018555,0,0.0,0,0.0,0,0.0,0,0.0,ok,
000014,2592,1936,512x512,512,382,262144,10712,0.04086304,4.0863,0,0.0,0,0.0,0,0.0,0,0.0,0,0.0,ok,
000015,3008,2000,512x512,512,340,262144,2058,0.00785065,0.7851,1,0.01113082,0,0.0,1,0.00389229,0,0.0,0,0.0,ok,
000016,3072,2304,512x512,512,384,262144,77460,0.29548645,29.5486,0,0.0,0,0.0,0,0.0,0,0.0,0,0.0,ok,
000017,4288,2848,512x512,512,340,262144,9416,0.03591919,3.5919,0,0.0,0,0.0,0,0.0,1,0.00129968,0,0.0,ok,
000018,3872,2592,512x512,512,343,262144,16965,0.06471634,6.4716,0,0.0,0,0.0,0,0.0,0,0.0,0,0.0,ok,
000019,3872,2592,512x512,512,343,262144,5673,0.02164078,2.1641,0,0.0,0,0.0,0,0.0,0,0.0,0,0.0,ok,
000020,3008,2000,512x512,512,340,262144,2409,0.00918961,0.919,1,0.00513398,0,0.0,0,0.0,0,0.0,0,0.0,ok,
000021,4288,2848,512x512,512,340,262144,8496,0.03240967,3.241,0,0.0,0,0.0,0,0.0,1,0.00129043,1,0.00810614,ok,
000022,4288,2848,512x512,512,340,262144,5128,0.01956177,1.9562,0,0.0,0,0.0,0,0.0,0,0.0,0,0.0,ok,
000023,767,576,512x512,512,385,262144,65057,0.24817276,24.8173,1,0.08913244,0,0.0,0,0.0,0,0.0,0,0.0,ok,
000024,3024,2016,512x512,512,341,262144,8038,0.03066254,3.0663,1,0.01157998,0,0.0,0,0.0,1,0.00229234,0,0.0,ok,
000025,1024,768,512x512,512,384,262144,166481,0.63507462,63.5075,1,0.19448344,0,0.0,0,0.0,1,0.01322556,0,0.0,ok,
000026,4288,2848,512x512,512,340,262144,4751,0.01812363,1.8124,1,0.01188874,0,0.0,0,0.0,0,0.0,0,0.0,ok,
000027,4288,2848,512x512,512,340,262144,6360,0.02426147,2.4261,0,0.0,0,0.0,0,0.0,1,0.00258774,0,0.0,ok,
000028,1024,768,512x512,512,384,262144,36650,0.13980865,13.9809,0,0.0,1,0.03716914,0,0.0,0,0.0,0,0.0,ok,
000029,4288,2848,512x512,512,340,262144,27611,0.10532761,10.5328,0,0.0,0,0.0,0,0.0,0,0.0,0,0.0,ok,
000030,4288,2848,512x512,512,340,262144,3864,0.01473999,1.474,0,0.0,0,0.0,0,0.0,1,0.00132081,1,0.00532565,ok,
000031,3072,2304,512x512,512,384,262144,54236,0.20689392,20.6894,1,0.17561778,0,0.0,0,0.0,0,0.0,0,0.0,ok,
000032,959,723,512x512,512,386,262144,32540,0.12413025,12.413,1,0.05871146,0,0.0,0,0.0,0,0.0,0,0.0,ok,
000033,3008,2000,512x512,512,340,262144,4920,0.01876831,1.8768,0,0.0,0,0.0,0,0.0,0,0.0,0,0.0,ok,
000034,1024,768,512x512,512,384,262144,91951,0.35076523,35.0765,1,0.03095245,0,0.0,0,0.0,0,0.0,0,0.0,ok,
000035,6682,4382,512x512,512,336,262144,25964,0.0990448,9.9045,0,0.0,0,0.0,1,0.0895261,0,0.0,0,0.0,ok,
000036,1024,768,512x512,512,384,262144,24389,0.09303665,9.3037,1,0.00526683,0,0.0,0,0.0,1,0.0022405,0,0.0,ok,
000037,6668,4439,512x512,512,341,262144,43808,0.16711426,16.7114,0,0.0,1,0.01333155,0,0.0,0,0.0,0,0.0,ok,
000038,4288,2848,512x512,512,340,262144,12556,0.04789734,4.7897,0,0.0,0,0.0,0,0.0,1,0.00375132,0,0.0,ok,
000039,6668,4459,512x512,512,342,262144,112067,0.42750168,42.7502,1,0.21849032,0,0.0,0,0.0,0,0.0,0,0.0,ok,
000040,824,719,512x512,512,447,262144,90408,0.34487915,34.4879,0,0.0,0,0.0,0,0.0,0,0.0,1,0.17613629,ok,
000041,3008,2000,512x512,512,340,262144,2008,0.00765991,0.766,1,0.0186368,0,0.0,0,0.0,0,0.0,0,0.0,ok,
000042,3072,2304,512x512,512,384,262144,26333,0.10045242,10.0452,0,0.0,0,0.0,0,0.0,0,0.0,0,0.0,ok,
000043,3072,2304,512x512,512,384,262144,31412,0.11982727,11.9827,1,0.00506761,1,0.01550138,0,0.0,0,0.0,1,0.00724552,ok,
000044,3872,2592,512x512,512,343,262144,22241,0.08484268,8.4843,0,0.0,0,0.0,0,0.0,0,0.0,0,0.0,ok,
000045,3008,2000,512x512,512,340,262144,1700,0.00648499,0.6485,1,0.01004455,0,0.0,0,0.0,0,0.0,1,0.01020196,ok,
000046,3072,2304,512x512,512,384,262144,56319,0.21483994,21.484,1,0.35398003,0,0.0,0,0.0,0,0.0,0,0.0,ok,
000047,3072,2304,512x512,512,384,262144,44869,0.17116165,17.1162,0,0.0,1,0.07874227,0,0.0,0,0.0,1,0.01854423,ok,
000048,3872,2592,512x512,512,343,262144,5659,0.02158737,2.1587,0,0.0,0,0.0,0,0.0,1,0.00592125,0,0.0,ok,
000049,1024,768,512x512,512,384,262144,125968,0.48052979,48.053,1,0.07640966,0,0.0,0,0.0,1,0.03251266,0,0.0,ok,
000050,1024,768,512x512,512,384,262144,23860,0.09101868,9.1019,0,0.0,0,0.0,0,0.0,0,0.0,0,0.0,ok,
000051,1504,1129,512x512,512,384,262144,80414,0.30675507,30.6755,1,0.08801625,0,0.0,0,0.0,0,0.0,0,0.0,ok,
000052,2592,3872,512x512,343,512,262144,11054,0.04216766,4.2168,1,0.00781778,0,0.0,0,0.0,0,0.0,1,0.01685554,ok,
000053,2048,1536,512x512,512,384,262144,21440,0.08178711,8.1787,1,0.10376517,0,0.0,0,0.0,0,0.0,1,0.00627677,ok,
000054,6680,4422,512x512,512,339,262144,112943,0.43084335,43.0843,1,0.32692712,0,0.0,0,0.0,0,0.0,0,0.0,ok,
000055,767,576,512x512,512,385,262144,44837,0.17103958,17.104,1,0.05670994,0,0.0,1,0.0110595,0,0.0,1,0.00212091,ok,
000056,6642,4420,512x512,512,341,262144,101525,0.38728714,38.7287,0,0.0,0,0.0,0,0.0,0,0.0,1,0.17245671,ok,
000057,640,480,512x512,512,384,262144,131683,0.50233078,50.2331,0,0.0,0,0.0,0,0.0,0,0.0,0,0.0,ok,
000058,3008,2000,512x512,512,340,262144,22802,0.08698273,8.6983,0,0.0,0,0.0,0,0.0,0,0.0,0,0.0,ok,
000059,3872,2592,512x512,512,343,262144,43612,0.16636658,16.6367,0,0.0,0,0.0,0,0.0,0,0.0,0,0.0,ok,
000060,824,719,512x512,512,447,262144,97236,0.3709259,37.0926,1,0.00626713,0,0.0,0,0.0,0,0.0,0,0.0,ok,
000061,2048,1536,512x512,512,384,262144,44120,0.16830444,16.8304,0,0.0,0,0.0,0,0.0,0,0.0,0,0.0,ok,
000062,4288,2848,512x512,512,340,262144,5789,0.02208328,2.2083,1,0.01325197,0,0.0,0,0.0,1,0.00130189,0,0.0,ok,
000063,6668,4439,512x512,512,341,262144,35973,0.1372261,13.7226,1,0.13441353,0,0.0,0,0.0,0,0.0,0,0.0,ok,
000064,640,480,512x512,512,384,262144,11758,0.04485321,4.4853,1,0.04177083,0,0.0,0,0.0,0,0.0,0,0.0,ok,
000065,640,480,512x512,512,384,262144,148878,0.5679245,56.7924,1,0.07116536,1,0.07764648,0,0.0,0,0.0,0,0.0,ok,
000066,6688,4419,512x512,512,338,262144,16579,0.06324387,6.3244,0,0.0,0,0.0,0,0.0,0,0.0,0,0.0,ok,
000067,640,480,512x512,512,384,262144,29179,0.11130905,11.1309,0,0.0,0,0.0,0,0.0,0,0.0,0,0.0,ok,
000068,3872,2592,512x512,512,343,262144,109319,0.41701889,41.7019,0,0.0,0,0.0,1,0.00721815,0,0.0,1,0.06301015,ok,
000069,767,576,512x512,512,385,262144,71462,0.2726059,27.2606,1,0.07527751,0,0.0,0,0.0,0,0.0,0,0.0,ok,
000070,6601,4382,512x512,512,340,262144,112400,0.42877197,42.8772,1,0.04602919,0,0.0,0,0.0,1,0.01291621,0,0.0,ok,
000071,640,480,512x512,512,384,262144,84294,0.32155609,32.1556,1,0.3967513,0,0.0,0,0.0,0,0.0,0,0.0,ok,
000072,4288,2848,512x512,512,340,262144,25654,0.09786224,9.7862,0,0.0,0,0.0,0,0.0,0,0.0,0,0.0,ok,
000073,3072,2304,512x512,512,384,262144,13280,0.05065918,5.0659,1,0.0265445,0,0.0,0,0.0,0,0.0,0,0.0,ok,
000074,3072,2304,512x512,512,384,262144,99752,0.38052368,38.0524,1,0.07112545,0,0.0,0,0.0,0,0.0,0,0.0,ok,
000075,4288,2848,512x512,512,340,262144,17886,0.06822968,6.823,0,0.0,0,0.0,0,0.0,0,0.0,0,0.0,ok,
000076,3008,2000,512x512,512,340,262144,1951,0.00744247,0.7442,0,0.0,0,0.0,0,0.0,0,0.0,0,0.0,ok,
000077,1831,1528,512x512,512,427,262144,143559,0.54763412,54.7634,1,0.24123837,1,0.01023173,0,0.0,0,0.0,1,0.00215136,ok,
000078,3072,2304,512x512,512,384,262144,57093,0.21779251,21.7793,0,0.0,0,0.0,0,0.0,0,0.0,0,0.0,ok,
000079,3072,2304,512x512,512,384,262144,62603,0.23881149,23.8811,1,0.01195809,1,0.00411422,0,0.0,0,0.0,1,0.01479806,ok,
000080,1503,1129,512x512,512,385,262144,98101,0.37422562,37.4226,0,0.0,0,0.0,0,0.0,0,0.0,1,0.02756459,ok,
000081,3072,2304,512x512,512,384,262144,11024,0.04205322,4.2053,0,0.0,0,0.0,0,0.0,0,0.0,0,0.0,ok,
000082,3072,2304,512x512,512,384,262144,195764,0.7467804,74.678,1,0.01953422,0,0.0,0,0.0,0,0.0,1,0.06479094,ok,
000083,1024,768,512x512,512,384,262144,107762,0.41107941,41.1079,1,0.13692983,0,0.0,0,0.0,1,0.00523885,1,0.06661224,ok,
000084,3024,2016,512x512,512,341,262144,13082,0.04990387,4.9904,0,0.0,1,0.02740018,0,0.0,0,0.0,0,0.0,ok,
000085,2048,1536,512x512,512,384,262144,86312,0.32925415,32.9254,1,0.00979328,0,0.0,0,0.0,1,0.00183201,1,0.10286236,ok,
000086,1024,768,512x512,512,384,262144,71134,0.27135468,27.1355,0,0.0,0,0.0,0,0.0,0,0.0,1,0.02111816,ok,
000087,4288,2848,512x512,512,340,262144,5418,0.02066803,2.0668,0,0.0,0,0.0,0,0.0,0,0.0,1,0.00497976,ok,
000088,1022,767,512x512,512,384,262144,92134,0.35146332,35.1463,1,0.21117807,0,0.0,0,0.0,0,0.0,0,0.0,ok,
000089,3008,2000,512x512,512,340,262144,8072,0.03079224,3.0792,0,0.0,0,0.0,0,0.0,1,0.00120495,0,0.0,ok,
000090,4288,2848,512x512,512,340,262144,13740,0.05241394,5.2414,1,0.06878354,0,0.0,0,0.0,1,0.01169132,0,0.0,ok,
000091,6642,4420,512x512,512,341,262144,101388,0.38676453,38.6765,1,0.42070837,0,0.0,0,0.0,0,0.0,0,0.0,ok,
000092,1024,768,512x512,512,384,262144,144574,0.55150604,55.1506,1,0.09010442,0,0.0,0,0.0,0,0.0,0,0.0,ok,
000093,3072,2304,512x512,512,384,262144,117994,0.45011139,45.0111,0,0.0,0,0.0,0,0.0,1,0.00860144,0,0.0,ok,
000094,2048,1536,512x512,512,384,262144,47713,0.18201065,18.2011,1,0.02532768,0,0.0,0,0.0,0,0.0,1,0.0406882,ok,
000095,1057,704,512x512,512,341,262144,53629,0.2045784,20.4578,0,0.0,0,0.0,0,0.0,0,0.0,0,0.0,ok,
000096,6688,4439,512x512,512,340,262144,51000,0.19454956,19.455,1,0.07927103,0,0.0,0,0.0,0,0.0,1,0.01100396,ok,
000097,2370,1720,512x512,512,372,262144,9688,0.03695679,3.6957,1,0.01255888,0,0.0,0,0.0,0,0.0,0,0.0,ok,
000098,6621,4420,512x512,512,342,262144,62744,0.23934937,23.9349,1,0.11911794,0,0.0,0,0.0,0,0.0,0,0.0,ok,
000099,3008,2000,512x512,512,340,262144,13560,0.05172729,5.1727,1,0.02185505,0,0.0,0,0.0,1,0.00475997,0,0.0,ok,
000100,1859,1351,512x512,512,372,262144,37044,0.14131165,14.1312,1,0.01499616,1,0.0287815,0,0.0,0,0.0,0,0.0,ok,
000101,4288,2848,512x512,512,340,262144,7772,0.02964783,2.9648,0,0.0,0,0.0,0,0.0,1,0.00342648,0,0.0,ok,
000102,3872,2592,512x512,512,343,262144,3260,0.01243591,1.2436,1,0.00310914,0,0.0,0,0.0,0,0.0,0,0.0,ok,
000103,3072,2304,512x512,512,384,262144,84326,0.32167816,32.1678,1,0.2043279,0,0.0,0,0.0,0,0.0,0,0.0,ok,
000104,965,649,512x512,512,344,262144,51992,0.19833374,19.8334,1,0.06319327,0,0.0,0,0.0,0,0.0,1,0.00660881,ok,
000105,1024,768,512x512,512,384,262144,35294,0.13463593,13.4636,1,0.04907227,0,0.0,0,0.0,0,0.0,0,0.0,ok,
000106,3072,2304,512x512,512,384,262144,44771,0.17078781,17.0788,1,0.03436096,0,0.0,0,0.0,0,0.0,0,0.0,ok,
000107,3024,2016,512x512,512,341,262144,14678,0.05599213,5.5992,1,0.01127652,0,0.0,0,0.0,0,0.0,0,0.0,ok,
000108,1024,768,512x512,512,384,262144,172334,0.65740204,65.7402,1,0.02009074,0,0.0,1,0.00416056,0,0.0,0,0.0,ok,
000109,2048,1536,512x512,512,384,262144,44132,0.16835022,16.835,1,0.12581889,0,0.0,0,0.0,0,0.0,0,0.0,ok,
000110,6688,4439,512x512,512,340,262144,47833,0.18246841,18.2468,0,0.0,0,0.0,0,0.0,0,0.0,1,0.08413128,ok,
000111,3072,2304,512x512,512,384,262144,14330,0.05466461,5.4665,1,0.04865378,0,0.0,0,0.0,0,0.0,0,0.0,ok,
000112,3072,2304,512x512,512,384,262144,7940,0.0302887,3.0289,1,0.00338943,0,0.0,0,0.0,0,0.0,0,0.0,ok,
000113,640,480,512x512,512,384,262144,120489,0.45962906,45.9629,1,0.14752604,0,0.0,0,0.0,0,0.0,0,0.0,ok,
000114,6641,4401,512x512,512,339,262144,27199,0.10375595,10.3756,0,0.0,0,0.0,1,0.05566609,0,0.0,0,0.0,ok,
000115,3872,2592,512x512,512,343,262144,6373,0.02431107,2.4311,1,0.00314979,0,0.0,0,0.0,0,0.0,1,0.01453355,ok,
000116,3072,2304,512x512,512,384,262144,67424,0.25720215,25.7202,0,0.0,0,0.0,0,0.0,0,0.0,1,0.01719581,ok,
000117,6760,4480,512x512,512,339,262144,111473,0.42523575,42.5236,1,0.03292355,0,0.0,0,0.0,0,0.0,0,0.0,ok,
000118,3008,2000,512x512,512,340,262144,25147,0.09592819,9.5928,1,0.0350502,0,0.0,0,0.0,0,0.0,0,0.0,ok,
000119,3072,2304,512x512,512,384,262144,20228,0.0771637,7.7164,1,0.02179195,0,0.0,0,0.0,0,0.0,0,0.0,ok,
000120,1504,1129,512x512,512,384,262144,91539,0.34919357,34.9194,0,0.0,0,0.0,0,0.0,0,0.0,1,0.00338042,ok,
000121,3008,2000,512x512,512,340,262144,43981,0.1677742,16.7774,1,0.00859608,0,0.0,0,0.0,1,0.00298604,1,0.01240226,ok,
000122,640,480,512x512,512,384,262144,11239,0.04287338,4.2873,1,0.02121745,0,0.0,0,0.0,0,0.0,0,0.0,ok,
000123,3072,2304,512x512,512,384,262144,143476,0.5473175,54.7318,0,0.0,0,0.0,0,0.0,0,0.0,0,0.0,ok,
000124,3024,2016,512x512,512,341,262144,14567,0.0555687,5.5569,1,0.01396549,0,0.0,0,0.0,1,0.00231826,0,0.0,ok,
000125,1024,768,512x512,512,384,262144,52205,0.19914627,19.9146,0,0.0,0,0.0,0,0.0,0,0.0,0,0.0,ok,
000126,640,480,512x512,512,384,262144,46640,0.17791748,17.7917,1,0.05083659,0,0.0,0,0.0,0,0.0,1,0.03982747,ok,
000127,6620,4401,512x512,512,340,262144,41972,0.16011047,16.011,0,0.0,0,0.0,0,0.0,0,0.0,1,0.02744597,ok,
000128,3872,2592,512x512,512,343,262144,2148,0.00819397,0.8194,0,0.0,0,0.0,0,0.0,0,0.0,0,0.0,ok,
000129,767,576,512x512,512,385,262144,79080,0.30166626,30.1666,1,0.01048004,0,0.0,0,0.0,0,0.0,0,0.0,ok,
000130,3008,2000,512x512,512,340,262144,12838,0.04897308,4.8973,0,0.0,0,0.0,0,0.0,1,0.00077776,0,0.0,ok,
000131,640,480,512x512,512,384,262144,22989,0.08769608,8.7696,1,0.05413737,0,0.0,0,0.0,0,0.0,0,0.0,ok,
000132,3072,2304,512x512,512,384,262144,47432,0.18093872,18.0939,1,0.00680245,0,0.0,0,0.0,0,0.0,1,0.01942077,ok,
000133,1024,768,512x512,512,384,262144,48803,0.18616867,18.6169,1,0.12089539,0,0.0,0,0.0,0,0.0,0,0.0,ok,
000134,3872,2592,512x512,512,343,262144,69185,0.26391983,26.392,0,0.0,0,0.0,0,0.0,0,0.0,0,0.0,ok,
000135,3072,2304,512x512,512,384,262144,3284,0.01252747,1.2527,0,0.0,0,0.0,1,0.00322427,0,0.0,0,0.0,ok,
000136,3072,2304,512x512,512,384,262144,8924,0.03404236,3.4042,1,0.05715038,0,0.0,0,0.0,0,0.0,0,0.0,ok,
000137,3024,2016,512x512,512,341,262144,20846,0.07952118,7.9521,0,0.0,0,0.0,0,0.0,1,0.00485304,0,0.0,ok,
000138,1024,768,512x512,512,384,262144,9200,0.03509521,3.5095,0,0.0,0,0.0,0,0.0,0,0.0,0,0.0,ok,
000139,3008,2000,512x512,512,340,262144,6920,0.02639771,2.6398,1,0.01845279,0,0.0,1,0.00475765,0,0.0,1,0.01172523,ok,
000140,3872,2592,512x512,512,343,262144,5380,0.02052307,2.0523,1,0.01055686,0,0.0,0,0.0,1,0.00094827,0,0.0,ok,
000141,3872,2592,512x512,512,343,262144,16546,0.06311798,6.3118,0,0.0,0,0.0,0,0.0,0,0.0,0,0.0,ok,
000142,3008,2000,512x512,512,340,262144,10456,0.03988647,3.9886,1,0.03079172,0,0.0,0,0.0,0,0.0,0,0.0,ok,
000143,767,576,512x512,512,385,262144,71329,0.27209854,27.2099,1,0.05336448,0,0.0,0,0.0,0,0.0,0,0.0,ok,
000144,6681,4420,512x512,512,339,262144,13572,0.05177307,5.1773,1,0.07851945,0,0.0,0,0.0,0,0.0,0,0.0,ok,
000145,3072,2304,512x512,512,384,262144,29984,0.11437988,11.438,0,0.0,0,0.0,0,0.0,0,0.0,1,0.00125843,ok,
000146,1024,768,512x512,512,384,262144,73285,0.27956009,27.956,0,0.0,0,0.0,0,0.0,0,0.0,0,0.0,ok,
000147,3008,2000,512x512,512,340,262144,1096,0.00418091,0.4181,1,0.003439,0,0.0,0,0.0,0,0.0,0,0.0,ok,
000148,6621,4420,512x512,512,342,262144,74924,0.28581238,28.5812,1,0.15704932,0,0.0,0,0.0,0,0.0,0,0.0,ok,
000149,2725,2082,512x512,512,391,262144,46466,0.17725372,17.7254,1,0.0953991,0,0.0,0,0.0,0,0.0,0,0.0,ok,
000150,1024,768,512x512,512,384,262144,142020,0.54176331,54.1763,0,0.0,0,0.0,0,0.0,1,0.01357142,0,0.0,ok,
000151,1024,768,512x512,512,384,262144,94766,0.3615036,36.1504,1,0.43091329,0,0.0,0,0.0,0,0.0,0,0.0,ok,
000152,640,480,512x512,512,384,262144,96765,0.36912918,36.9129,1,0.33215169,0,0.0,0,0.0,0,0.0,0,0.0,ok,
000153,3072,2304,512x512,512,384,262144,48044,0.18327332,18.3273,0,0.0,0,0.0,0,0.0,0,0.0,0,0.0,ok,
000154,1024,768,512x512,512,384,262144,95876,0.36573792,36.5738,0,0.0,1,0.02684021,0,0.0,1,0.0258255,0,0.0,ok,
000155,1022,767,512x512,512,384,262144,24246,0.09249115,9.2491,1,0.07247976,0,0.0,0,0.0,1,0.00123872,0,0.0,ok,
000156,4288,2848,512x512,512,340,262144,16190,0.06175995,6.176,0,0.0,0,0.0,0,0.0,0,0.0,1,0.03490519,ok,
000157,6668,4439,512x512,512,341,262144,71284,0.27192688,27.1927,1,0.00282531,1,0.04407601,0,0.0,0,0.0,0,0.0,ok,
000158,4256,2848,512x512,512,343,262144,5736,0.0218811,2.1881,1,0.02570314,0,0.0,0,0.0,0,0.0,0,0.0,ok,
000159,1024,768,512x512,512,384,262144,25099,0.09574509,9.5745,1,0.02172724,0,0.0,0,0.0,0,0.0,0,0.0,ok,
000160,2173,1863,512x512,512,439,262144,20262,0.0772934,7.7293,1,0.04175408,0,0.0,0,0.0,0,0.0,0,0.0,ok,
000161,1024,768,512x512,512,384,262144,150165,0.57283401,57.2834,1,0.10885747,0,0.0,0,0.0,0,0.0,1,0.00770696,ok,
000162,640,480,512x512,512,384,262144,17429,0.06648636,6.6486,1,0.0084375,0,0.0,1,0.02000977,0,0.0,0,0.0,ok,
000163,3008,2000,512x512,512,340,262144,3188,0.01216125,1.2161,0,0.0,0,0.0,0,0.0,0,0.0,0,0.0,ok,
000164,6668,4439,512x512,512,341,262144,37066,0.14139557,14.1396,1,0.12146891,0,0.0,0,0.0,0,0.0,0,0.0,ok,
000165,3872,2592,512x512,512,343,262144,5595,0.02134323,2.1343,0,0.0,0,0.0,0,0.0,0,0.0,0,0.0,ok,
000166,1024,768,512x512,512,384,262144,106309,0.40553665,40.5537,1,0.42961756,0,0.0,0,0.0,1,0.00338491,0,0.0,ok,
000167,640,480,512x512,512,384,262144,50987,0.19449997,19.45,1,0.01031576,0,0.0,0,0.0,0,0.0,0,0.0,ok,
000168,640,480,512x512,512,384,262144,12762,0.04868317,4.8683,1,0.0215332,0,0.0,0,0.0,0,0.0,0,0.0,ok,
000169,4288,2848,512x512,512,340,262144,76587,0.29215622,29.2156,1,0.01990547,0,0.0,0,0.0,0,0.0,0,0.0,ok,
000170,6688,4479,512x512,512,343,262144,45353,0.17300797,17.3008,0,0.0,0,0.0,0,0.0,0,0.0,0,0.0,ok,
000171,6661,4422,512x512,512,340,262144,168801,0.64392471,64.3925,1,0.03400845,0,0.0,0,0.0,0,0.0,0,0.0,ok,
000172,4288,2848,512x512,512,340,262144,30752,0.11730957,11.731,1,0.05289847,0,0.0,0,0.0,0,0.0,0,0.0,ok,
000173,1024,768,512x512,512,384,262144,29053,0.1108284,11.0828,1,0.01881663,0,0.0,0,0.0,0,0.0,0,0.0,ok,
000174,4288,2848,512x512,512,340,262144,15568,0.05938721,5.9387,0,0.0,1,0.03208187,0,0.0,0,0.0,1,0.00415051,ok,
000175,1024,768,512x512,512,384,262144,13456,0.05133057,5.1331,1,0.01185226,0,0.0,0,0.0,0,0.0,1,0.02660243,ok,
000176,1024,768,512x512,512,384,262144,6811,0.0259819,2.5982,1,0.00441869,0,0.0,0,0.0,1,0.00232442,0,0.0,ok,
000177,640,480,512x512,512,384,262144,47325,0.18053055,18.0531,0,0.0,0,0.0,0,0.0,0,0.0,0,0.0,ok,
000178,6648,4419,512x512,512,340,262144,89574,0.34169769,34.1698,0,0.0,0,0.0,0,0.0,0,0.0,0,0.0,ok,
000179,767,576,512x512,512,385,262144,55606,0.21212006,21.212,1,0.21740321,0,0.0,0,0.0,0,0.0,0,0.0,ok,
000180,3008,2000,512x512,512,340,262144,47394,0.18079376,18.0794,1,0.0116506,0,0.0,0,0.0,0,0.0,0,0.0,ok,
000181,6688,4439,512x512,512,340,262144,43288,0.16513062,16.5131,0,0.0,0,0.0,0,0.0,1,0.02128895,0,0.0,ok,
000182,6688,4439,512x512,512,340,262144,16534,0.0630722,6.3072,0,0.0,0,0.0,0,0.0,0,0.0,1,0.02993152,ok,
000183,3072,2304,512x512,512,384,262144,81224,0.30984497,30.9845,0,0.0,0,0.0,0,0.0,1,0.0030413,0,0.0,ok,
000184,1024,768,512x512,512,384,262144,67469,0.25737381,25.7374,1,0.0118014,0,0.0,0,0.0,0,0.0,0,0.0,ok,
000185,1024,768,512x512,512,384,262144,159625,0.60892105,60.8921,1,0.09316889,0,0.0,0,0.0,1,0.00359217,0,0.0,ok,
000186,1022,767,512x512,512,384,262144,45463,0.17342758,17.3428,1,0.02886688,0,0.0,0,0.0,0,0.0,1,0.09471548,ok,
000187,965,724,512x512,512,384,262144,75107,0.28651047,28.651,1,0.02376693,0,0.0,1,0.00915467,0,0.0,1,0.01777259,ok,
000188,1024,768,512x512,512,384,262144,92190,0.35167694,35.1677,1,0.15526581,0,0.0,0,0.0,0,0.0,0,0.0,ok,
000189,3072,2304,512x512,512,384,262144,41504,0.1583252,15.8325,1,0.15790572,0,0.0,0,0.0,0,0.0,0,0.0,ok,
000190,3008,2000,512x512,512,340,262144,50626,0.19312286,19.3123,1,0.09909126,0,0.0,0,0.0,0,0.0,0,0.0,ok,
000191,1024,768,512x512,512,384,262144,77872,0.29705811,29.7058,0,0.0,0,0.0,0,0.0,0,0.0,0,0.0,ok,
000192,3008,2000,512x512,512,340,262144,18203,0.06943893,6.9439,0,0.0,0,0.0,0,0.0,0,0.0,0,0.0,ok,
000193,6648,4459,512x512,512,343,262144,63693,0.24296951,24.297,1,0.02934734,0,0.0,0,0.0,1,0.00619378,0,0.0,ok,
000194,1024,768,512x512,512,384,262144,53074,0.20246124,20.2461,1,0.01831436,0,0.0,0,0.0,0,0.0,0,0.0,ok,
000195,4288,2848,512x512,512,340,262144,5095,0.01943588,1.9436,1,0.00332437,0,0.0,0,0.0,1,0.00227215,0,0.0,ok,
000196,3008,2000,512x512,512,340,262144,4288,0.01635742,1.6357,1,0.00812334,0,0.0,0,0.0,1,0.00099468,1,0.0010994,ok,
000197,6620,4420,512x512,512,342,262144,25534,0.09740448,9.7404,1,0.04108379,0,0.0,0,0.0,0,0.0,0,0.0,ok,
000198,640,480,512x512,512,384,262144,116602,0.44480133,44.4801,0,0.0,0,0.0,0,0.0,0,0.0,1,0.2134082,ok,
000199,640,480,512x512,512,384,262144,96148,0.36677551,36.6776,1,0.05790039,0,0.0,0,0.0,0,0.0,0,0.0,ok,
000200,3008,2000,512x512,512,340,262144,8979,0.03425217,3.4252,0,0.0,0,0.0,0,0.0,0,0.0,0,0.0,ok,
000201,1300,1212,512x512,512,477,262144,21058,0.0803299,8.033,1,0.01430376,0,0.0,0,0.0,0,0.0,0,0.0,ok,
000202,3008,2000,512x512,512,340,262144,4824,0.0184021,1.8402,1,0.00220213,0,0.0,0,0.0,1,0.00122889,1,0.00405668,ok,
000203,3872,2592,512x512,512,343,262144,30472,0.11624146,11.6241,0,0.0,1,0.03769874,0,0.0,0,0.0,0,0.0,ok,
000204,919,802,512x512,512,447,262144,118906,0.45359039,45.359,1,0.2565675,0,0.0,0,0.0,0,0.0,0,0.0,ok,
000205,3872,2592,512x512,512,343,262144,11896,0.04537964,4.538,1,0.00486398,0,0.0,0,0.0,0,0.0,1,0.01443262,ok,
000206,2272,1704,512x512,512,384,262144,75861,0.28938675,28.9387,1,0.05315217,0,0.0,0,0.0,0,0.0,0,0.0,ok,
000207,4288,2848,512x512,512,340,262144,48299,0.18424606,18.4246,1,0.03008584,0,0.0,0,0.0,0,0.0,0,0.0,ok,
000208,2048,1536,512x512,512,384,262144,40604,0.15489197,15.4892,0,0.0,0,0.0,0,0.0,0,0.0,1,0.03360494,ok,
000209,1024,768,512x512,512,384,262144,41920,0.15991211,15.9912,1,0.08645757,0,0.0,0,0.0,0,0.0,0,0.0,ok,
000210,4288,2848,512x512,512,340,262144,6500,0.02479553,2.4796,0,0.0,1,0.00957311,0,0.0,0,0.0,0,0.0,ok,
000211,2592,1936,512x512,512,382,262144,170750,0.65135956,65.136,0,0.0,0,0.0,0,0.0,0,0.0,0,0.0,ok,
000212,3008,2000,512x512,512,340,262144,1392,0.00531006,0.531,1,0.00401878,0,0.0,0,0.0,0,0.0,0,0.0,ok,
000213,1504,1129,512x512,512,384,262144,11703,0.0446434,4.4643,1,0.04989588,0,0.0,0,0.0,0,0.0,0,0.0,ok,
000214,6648,4419,512x512,512,340,262144,16392,0.06253052,6.2531,1,0.01802668,0,0.0,0,0.0,0,0.0,0,0.0,ok,
000215,3072,2304,512x512,512,384,262144,119850,0.45719147,45.7191,0,0.0,0,0.0,0,0.0,0,0.0,0,0.0,ok,
000216,3072,2304,512x512,512,384,262144,35528,0.13552856,13.5529,0,0.0,1,0.05681144,0,0.0,0,0.0,1,0.0407243,ok,
000217,6622,4441,512x512,512,343,262144,90264,0.34432983,34.433,1,0.16885783,0,0.0,0,0.0,0,0.0,1,0.0409534,ok,
000218,1057,707,512x512,512,342,262144,71891,0.2742424,27.4242,1,0.0089402,0,0.0,0,0.0,0,0.0,1,0.01580224,ok,
000219,5184,3456,512x512,512,341,262144,5196,0.01982117,1.9821,1,0.00291573,0,0.0,0,0.0,0,0.0,0,0.0,ok,
000220,3872,2592,512x512,512,343,262144,844,0.0032196,0.322,0,0.0,0,0.0,0,0.0,0,0.0,0,0.0,ok,
000221,4288,2848,512x512,512,340,262144,12930,0.04932404,4.9324,1,0.02170653,0,0.0,0,0.0,0,0.0,0,0.0,ok,
000222,1024,768,512x512,512,384,262144,14079,0.05370712,5.3707,0,0.0,0,0.0,1,0.00322851,0,0.0,1,0.00743866,ok,
000223,3008,2000,512x512,512,340,262144,1813,0.00691605,0.6916,1,0.00447889,0,0.0,0,0.0,0,0.0,0,0.0,ok,
000224,3072,2304,512x512,512,384,262144,29864,0.11392212,11.3922,0,0.0,0,0.0,0,0.0,0,0.0,1,0.01035252,ok,
000225,4288,2848,512x512,512,340,262144,50594,0.19300079,19.3001,1,0.03800594,0,0.0,0,0.0,0,0.0,0,0.0,ok,
000226,3008,2000,512x512,512,340,262144,5444,0.02076721,2.0767,1,0.01836403,0,0.0,0,0.0,0,0.0,0,0.0,ok,
000227,4288,2848,512x512,512,340,262144,4108,0.01567078,1.5671,0,0.0,0,0.0,0,0.0,0,0.0,1,0.00508982,ok,
000228,3008,2000,512x512,512,340,262144,3884,0.01481628,1.4816,1,0.00429904,0,0.0,0,0.0,0,0.0,0,0.0,ok,
000229,6661,4420,512x512,512,340,262144,165769,0.63235855,63.2359,1,0.13810582,0,0.0,0,0.0,0,0.0,1,0.00205546,ok,
000230,6688,4439,512x512,512,340,262144,43812,0.16712952,16.713,1,0.16887751,0,0.0,0,0.0,0,0.0,1,0.01016201,ok,
000231,4288,2848,512x512,512,340,262144,3536,0.01348877,1.3489,0,0.0,0,0.0,0,0.0,0,0.0,0,0.0,ok,
000232,1504,1129,512x512,512,384,262144,52812,0.20146179,20.1462,0,0.0,0,0.0,0,0.0,0,0.0,0,0.0,ok,
000233,1024,768,512x512,512,384,262144,30285,0.11552811,11.5528,1,0.00459544,1,0.01298396,0,0.0,0,0.0,1,0.00367864,ok,
000234,4288,2848,512x512,512,340,262144,26976,0.10290527,10.2905,0,0.0,1,0.06499226,0,0.0,0,0.0,0,0.0,ok,
000235,3008,2000,512x512,512,340,262144,1555,0.00593185,0.5932,1,0.00270479,0,0.0,0,0.0,1,0.00224518,0,0.0,ok,
000236,2048,1536,512x512,512,384,262144,9500,0.03623962,3.624,1,0.00495561,0,0.0,1,0.01234754,0,0.0,0,0.0,ok,
000237,919,802,512x512,512,447,262144,60354,0.23023224,23.0232,1,0.01620134,0,0.0,0,0.0,0,0.0,0,0.0,ok,
000238,2592,1936,512x512,512,382,262144,8956,0.03416443,3.4164,0,0.0,0,0.0,0,0.0,0,0.0,0,0.0,ok,
000239,3008,2000,512x512,512,340,262144,6716,0.02561951,2.562,0,0.0,0,0.0,0,0.0,1,0.01211835,0,0.0,ok,
000240,3072,2304,512x512,512,384,262144,15349,0.05855179,5.8552,1,0.05915946,0,0.0,0,0.0,0,0.0,0,0.0,ok,
000241,3872,2592,512x512,512,343,262144,153559,0.5857811,58.5781,0,0.0,0,0.0,0,0.0,0,0.0,1,0.14438677,ok,
000242,1024,768,512x512,512,384,262144,39717,0.15150833,15.1508,0,0.0,0,0.0,0,0.0,0,0.0,0,0.0,ok,
000243,1504,1129,512x512,512,384,262144,65434,0.2496109,24.9611,0,0.0,1,0.04597542,0,0.0,0,0.0,0,0.0,ok,
000244,640,480,512x512,512,384,262144,36225,0.13818741,13.8187,1,0.06350586,0,0.0,0,0.0,0,0.0,0,0.0,ok,
000245,1024,768,512x512,512,384,262144,53248,0.203125,20.3125,1,0.17002106,0,0.0,0,0.0,0,0.0,0,0.0,ok,
000246,3008,2000,512x512,512,340,262144,2364,0.00901794,0.9018,1,0.00692886,0,0.0,0,0.0,0,0.0,0,0.0,ok,
000247,3872,2592,512x512,512,343,262144,136621,0.52116776,52.1168,1,0.01076221,0,0.0,1,0.00380083,0,0.0,1,0.03317612,ok,
000248,1024,768,512x512,512,384,262144,62239,0.23742294,23.7423,1,0.05812836,0,0.0,0,0.0,0,0.0,0,0.0,ok,
000249,919,802,512x512,512,447,262144,114395,0.43638229,43.6382,0,0.0,0,0.0,0,0.0,0,0.0,0,0.0,ok,
000250,3008,2000,512x512,512,340,262144,4884,0.01863098,1.8631,1,0.00602709,1,0.00114977,0,0.0,0,0.0,0,0.0,ok,
000251,6688,4459,512x512,512,341,262144,61965,0.23637772,23.6378,1,0.0738183,0,0.0,0,0.0,0,0.0,0,0.0,ok,
000252,1504,1129,512x512,512,384,262144,25073,0.0956459,9.5646,1,0.0739145,0,0.0,0,0.0,0,0.0,0,0.0,ok,
000253,1024,768,512x512,512,384,262144,26004,0.09919739,9.9197,1,0.016126,0,0.0,0,0.0,0,0.0,0,0.0,ok,
000254,3008,2000,512x512,512,340,262144,3506,0.01337433,1.3374,1,0.00827959,0,0.0,0,0.0,0,0.0,1,0.00515276,ok,
000255,3008,2000,512x512,512,340,262144,4104,0.01565552,1.5656,1,0.00213265,0,0.0,0,0.0,1,0.00109259,0,0.0,ok,
000256,2592,1936,512x512,512,382,262144,47457,0.18103409,18.1034,0,0.0,0,0.0,0,0.0,0,0.0,0,0.0,ok,
000257,1024,768,512x512,512,384,262144,18153,0.0692482,6.9248,0,0.0,0,0.0,0,0.0,1,0.00129064,1,0.00378799,ok,
000258,1024,768,512x512,512,384,262144,63865,0.24362564,24.3626,1,0.11310069,0,0.0,0,0.0,1,0.00574748,0,0.0,ok,
000259,2304,1536,512x512,512,341,262144,17654,0.06734467,6.7345,0,0.0,0,0.0,0,0.0,1,0.00620072,0,0.0,ok,
000260,4288,2848,512x512,512,340,262144,3924,0.01496887,1.4969,1,0.00461947,0,0.0,0,0.0,0,0.0,0,0.0,ok,
000261,6688,4439,512x512,512,340,262144,7768,0.02963257,2.9633,0,0.0,0,0.0,0,0.0,0,0.0,0,0.0,ok,
000262,3008,2000,512x512,512,340,262144,30768,0.11737061,11.7371,0,0.0,0,0.0,0,0.0,0,0.0,0,0.0,ok,
000263,6641,4400,512x512,512,339,262144,15837,0.06041336,6.0413,1,0.03176213,0,0.0,0,0.0,0,0.0,1,0.01515475,ok,
000264,640,480,512x512,512,384,262144,112213,0.42805862,42.8059,0,0.0,1,0.09560872,0,0.0,0,0.0,0,0.0,ok,
000265,4288,2848,512x512,512,340,262144,14724,0.0561676,5.6168,0,0.0,0,0.0,0,0.0,0,0.0,0,0.0,ok,
000266,4288,2848,512x512,512,340,262144,29646,0.11309052,11.3091,1,0.00433042,0,0.0,0,0.0,1,0.00315266,0,0.0,ok,
000267,1024,768,512x512,512,384,262144,73696,0.28112793,28.1128,1,0.17545954,0,0.0,0,0.0,1,0.01160812,0,0.0,ok,
000268,2304,1536,512x512,512,341,262144,12208,0.04656982,4.657,1,0.0047192,0,0.0,0,0.0,1,0.00194493,1,0.00254652,ok,
000269,4288,2848,512x512,512,340,262144,94404,0.36012268,36.0123,1,0.0111268,0,0.0,0,0.0,0,0.0,0,0.0,ok,
000270,3024,2016,512x512,512,341,262144,11393,0.04346085,4.3461,0,0.0,0,0.0,0,0.0,0,0.0,0,0.0,ok,
000271,3072,2304,512x512,512,384,262144,20556,0.07841492,7.8415,0,0.0,0,0.0,0,0.0,0,0.0,1,0.04175426,ok,
000272,2048,1536,512x512,512,384,262144,61752,0.23556519,23.5565,1,0.05951595,0,0.0,0,0.0,0,0.0,0,0.0,ok,
000273,640,480,512x512,512,384,262144,9920,0.0378418,3.7842,0,0.0,0,0.0,1,0.00811523,0,0.0,0,0.0,ok,
000274,1024,768,512x512,512,384,262144,61764,0.23561096,23.5611,0,0.0,0,0.0,0,0.0,0,0.0,0,0.0,ok,
000275,3072,2304,512x512,512,384,262144,6200,0.02365112,2.3651,1,0.01230099,0,0.0,1,0.00853235,0,0.0,0,0.0,ok,
000276,962,674,512x512,512,359,262144,23440,0.0894165,8.9417,1,0.08673048,0,0.0,0,0.0,0,0.0,0,0.0,ok,
000277,3872,2592,512x512,512,343,262144,14159,0.0540123,5.4012,0,0.0,0,0.0,0,0.0,1,0.00426057,0,0.0,ok,
000278,3872,2592,512x512,512,343,262144,756,0.00288391,0.2884,1,0.00552289,0,0.0,0,0.0,0,0.0,0,0.0,ok,
000279,3072,2304,512x512,512,384,262144,102752,0.39196777,39.1968,1,0.3576112,1,0.05721453,0,0.0,0,0.0,0,0.0,ok,
000280,3072,2304,512x512,512,384,262144,35854,0.13677216,13.6772,1,0.0261643,0,0.0,0,0.0,0,0.0,1,0.04500495,ok,
000281,6668,4419,512x512,512,339,262144,17273,0.06589127,6.5891,1,0.05166092,0,0.0,0,0.0,1,0.01401128,1,0.00976597,ok,
000282,3872,2592,512x512,512,343,262144,10802,0.04120636,4.1206,0,0.0,0,0.0,0,0.0,0,0.0,0,0.0,ok,
000283,4288,2848,512x512,512,340,262144,3884,0.01481628,1.4816,1,0.01514523,0,0.0,0,0.0,0,0.0,0,0.0,ok,
000284,3072,2304,512x512,512,384,262144,84113,0.32086563,32.0866,1,0.01887498,0,0.0,0,0.0,0,0.0,0,0.0,ok,
000285,3072,2304,512x512,512,384,262144,76355,0.29127121,29.1271,1,0.00392236,0,0.0,0,0.0,0,0.0,0,0.0,ok,
000286,6668,4479,512x512,512,344,262144,80088,0.30551147,30.5511,0,0.0,1,0.11429951,0,0.0,1,0.01648163,1,0.0051401,ok,
000287,2048,1536,512x512,512,384,262144,44516,0.16981506,16.9815,0,0.0,0,0.0,0,0.0,0,0.0,0,0.0,ok,
000288,1024,768,512x512,512,384,262144,71168,0.27148438,27.1484,1,0.1710434,0,0.0,0,0.0,0,0.0,0,0.0,ok,
000289,4288,2848,512x512,512,340,262144,4816,0.01837158,1.8372,0,0.0,0,0.0,0,0.0,0,0.0,0,0.0,ok,
000290,1024,768,512x512,512,384,262144,54773,0.20894241,20.8942,0,0.0,0,0.0,0,0.0,1,0.00143305,1,0.15977478,ok,
000291,2048,1536,512x512,512,384,262144,24096,0.09191895,9.1919,1,0.10402997,0,0.0,0,0.0,0,0.0,0,0.0,ok,
000292,4288,2848,512x512,512,340,262144,3640,0.0138855,1.3885,0,0.0,0,0.0,0,0.0,0,0.0,0,0.0,ok,
000293,2304,1536,512x512,512,341,262144,4384,0.01672363,1.6724,0,0.0,0,0.0,1,0.00105907,0,0.0,1,0.0201173,ok,
000294,3008,2000,512x512,512,340,262144,3956,0.01509094,1.5091,1,0.02154804,0,0.0,0,0.0,0,0.0,1,0.00344781,ok,
000295,1019,717,512x512,512,360,262144,35428,0.13514709,13.5147,1,0.16841381,0,0.0,0,0.0,0,0.0,0,0.0,ok,
000296,3024,2016,512x512,512,341,262144,9714,0.03705597,3.7056,0,0.0,0,0.0,0,0.0,0,0.0,0,0.0,ok,
000297,1024,768,512x512,512,384,262144,17512,0.06680298,6.6803,1,0.02357864,0,0.0,0,0.0,0,0.0,0,0.0,ok,
000298,4288,2848,512x512,512,340,262144,103720,0.3956604,39.566,1,0.24137151,0,0.0,0,0.0,0,0.0,0,0.0,ok,
000299,6688,4459,512x512,512,341,262144,25787,0.0983696,9.837,1,0.02804074,0,0.0,0,0.0,0,0.0,1,0.04778925,ok,
000300,1024,768,512x512,512,384,262144,47695,0.18194199,18.1942,1,0.06769562,0,0.0,0,0.0,0,0.0,0,0.0,ok,
000301,640,480,512x512,512,384,262144,154060,0.58769226,58.7692,1,0.02046549,0,0.0,1,0.01791016,0,0.0,1,0.00463867,ok,
000302,3072,2304,512x512,512,384,262144,22535,0.0859642,8.5964,1,0.02470525,0,0.0,0,0.0,0,0.0,0,0.0,ok,
000303,3008,2000,512x512,512,340,262144,45096,0.17202759,17.2028,1,0.05485505,0,0.0,0,0.0,1,0.00588913,0,0.0,ok,
000304,6688,4479,512x512,512,343,262144,54307,0.20716476,20.7165,1,0.0345104,1,0.01778802,0,0.0,0,0.0,0,0.0,ok,
000305,3008,2000,512x512,512,340,262144,110993,0.42340469,42.3405,0,0.0,0,0.0,0,0.0,1,0.01289545,0,0.0,ok,
000306,3024,2016,512x512,512,341,262144,22490,0.08579254,8.5793,0,0.0,1,0.00582837,0,0.0,1,0.00415197,1,0.07455124,ok,
000307,1024,768,512x512,512,384,262144,26736,0.10198975,10.199,1,0.02887344,0,0.0,0,0.0,0,0.0,0,0.0,ok,
000308,2448,2448,512x512,512,512,262144,4316,0.01646423,1.6464,0,0.0,0,0.0,0,0.0,0,0.0,0,0.0,ok,
000309,2304,1536,512x512,512,341,262144,6208,0.02368164,2.3682,1,0.00490259,0,0.0,0,0.0,1,0.00543439,0,0.0,ok,
000310,1024,768,512x512,512,384,262144,46447,0.17718124,17.7181,0,0.0,0,0.0,0,0.0,0,0.0,0,0.0,ok,
000311,6608,4399,512x512,512,341,262144,61525,0.23469925,23.4699,1,0.16302372,0,0.0,0,0.0,0,0.0,0,0.0,ok,
000312,4288,2848,512x512,512,340,262144,6332,0.02415466,2.4155,1,0.00570224,0,0.0,0,0.0,1,0.00497321,0,0.0,ok,
000313,2304,1536,512x512,512,341,262144,2228,0.00849915,0.8499,1,0.00559545,0,0.0,0,0.0,0,0.0,0,0.0,ok,
000314,640,480,512x512,512,384,262144,30952,0.11807251,11.8073,1,0.09953125,0,0.0,0,0.0,0,0.0,0,0.0,ok,
000315,4288,2848,512x512,512,340,262144,17040,0.06500244,6.5002,1,0.00518923,0,0.0,0,0.0,1,0.01812979,0,0.0,ok,
000316,6668,4459,512x512,512,342,262144,151879,0.57937241,57.9372,0,0.0,1,0.05785509,0,0.0,1,0.03823176,1,0.11561026,ok,
000317,1504,1129,512x512,512,384,262144,22047,0.08410263,8.4103,1,0.06056362,0,0.0,0,0.0,0,0.0,1,0.0013822,ok,
000318,1024,768,512x512,512,384,262144,71817,0.27396011,27.396,1,0.15095901,0,0.0,0,0.0,0,0.0,0,0.0,ok,
000319,3072,2304,512x512,512,384,262144,38932,0.14851379,14.8514,1,0.00711964,1,0.00511169,0,0.0,0,0.0,1,0.00117818,ok,
000320,3024,2016,512x512,512,341,262144,32612,0.12440491,12.4405,1,0.03705311,0,0.0,0,0.0,0,0.0,0,0.0,ok,
000321,4288,2848,512x512,512,340,262144,20337,0.0775795,7.7579,1,0.00764234,0,0.0,0,0.0,1,0.01352653,1,0.01177771,ok,
000322,3072,2304,512x512,512,384,262144,122076,0.46568298,46.5683,1,0.29905121,0,0.0,0,0.0,0,0.0,0,0.0,ok,
000323,3072,2304,512x512,512,384,262144,42944,0.16381836,16.3818,1,0.00396559,0,0.0,0,0.0,0,0.0,0,0.0,ok,
000324,3008,2000,512x512,512,340,262144,16828,0.06419373,6.4194,1,0.08500465,0,0.0,0,0.0,0,0.0,0,0.0,ok,
000325,6640,4441,512x512,512,342,262144,47640,0.18173218,18.1732,1,0.01662029,1,0.06249613,0,0.0,0,0.0,0,0.0,ok,
000326,6688,4439,512x512,512,340,262144,126559,0.48278427,48.2784,1,0.10790409,1,0.01871936,0,0.0,1,0.00320944,0,0.0,ok,
000327,3872,2592,512x512,512,343,262144,3204,0.01222229,1.2222,1,0.0008277,0,0.0,0,0.0,1,0.00442467,0,0.0,ok,
000328,3008,2000,512x512,512,340,262144,11600,0.04425049,4.425,1,0.00213414,0,0.0,0,0.0,0,0.0,0,0.0,ok,
000329,6688,4439,512x512,512,340,262144,28409,0.10837173,10.8372,1,0.07301633,0,0.0,0,0.0,0,0.0,0,0.0,ok,
000330,4288,2848,512x512,512,340,262144,33335,0.12716293,12.7163,0,0.0,0,0.0,0,0.0,0,0.0,0,0.0,ok,
000331,3072,2304,512x512,512,384,262144,33707,0.128582,12.8582,0,0.0,0,0.0,0,0.0,1,0.0172851,0,0.0,ok,
000332,3072,2304,512x512,512,384,262144,21011,0.0801506,8.0151,1,0.0740105,0,0.0,0,0.0,0,0.0,0,0.0,ok,
000333,1024,768,512x512,512,384,262144,119114,0.45438385,45.4384,1,0.0418485,0,0.0,0,0.0,1,0.01159541,0,0.0,ok,
000334,919,802,512x512,512,447,262144,68302,0.26055145,26.0551,1,0.14310795,0,0.0,0,0.0,0,0.0,1,0.0084419,ok,
000335,3072,2304,512x512,512,384,262144,37976,0.14486694,14.4867,0,0.0,0,0.0,0,0.0,1,0.0011673,0,0.0,ok,
000336,1024,768,512x512,512,384,262144,38385,0.14642715,14.6427,0,0.0,0,0.0,0,0.0,1,0.00362269,0,0.0,ok,
000337,640,480,512x512,512,384,262144,11421,0.04356766,4.3568,0,0.0,0,0.0,0,0.0,0,0.0,0,0.0,ok,
000338,1024,768,512x512,512,384,262144,12367,0.04717636,4.7176,0,0.0,0,0.0,0,0.0,0,0.0,1,0.00935237,ok,
000339,640,480,512x512,512,384,262144,78490,0.29941559,29.9416,1,0.09664388,0,0.0,0,0.0,0,0.0,0,0.0,ok,
000340,3008,2000,512x512,512,340,262144,2062,0.00786591,0.7866,0,0.0,0,0.0,0,0.0,0,0.0,0,0.0,ok,
000341,3072,2304,512x512,512,384,262144,13883,0.05295944,5.2959,1,0.01196995,0,0.0,0,0.0,0,0.0,0,0.0,ok,
000342,3024,2016,512x512,512,341,262144,12923,0.04929733,4.9297,1,0.01097241,0,0.0,0,0.0,0,0.0,1,0.00317188,ok,
000343,4288,2848,512x512,512,340,262144,101441,0.38696671,38.6967,0,0.0,0,0.0,0,0.0,0,0.0,0,0.0,ok,
000344,1024,768,512x512,512,384,262144,52068,0.19862366,19.8624,1,0.13997523,0,0.0,0,0.0,0,0.0,0,0.0,ok,
000345,6688,4419,512x512,512,338,262144,24536,0.09359741,9.3597,0,0.0,0,0.0,0,0.0,1,0.02164564,0,0.0,ok,
000346,957,723,512x512,512,387,262144,19784,0.07546997,7.547,1,0.0808341,0,0.0,0,0.0,0,0.0,0,0.0,ok,
000347,640,480,512x512,512,384,262144,54526,0.20800018,20.8,1,0.15849284,0,0.0,0,0.0,0,0.0,0,0.0,ok,
000348,2597,2185,512x512,512,431,262144,84821,0.32356644,32.3566,0,0.0,0,0.0,0,0.0,0,0.0,0,0.0,ok,
000349,6642,4422,512x512,512,341,262144,12832,0.0489502,4.895,0,0.0,0,0.0,0,0.0,0,0.0,0,0.0,ok,
000350,1024,768,512x512,512,384,262144,40226,0.15345001,15.345,1,0.08593877,0,0.0,0,0.0,1,0.00350444,0,0.0,ok,
000351,1024,768,512x512,512,384,262144,22780,0.0868988,8.6899,1,0.02520116,0,0.0,0,0.0,0,0.0,0,0.0,ok,
000352,3008,2000,512x512,512,340,262144,4896,0.01867676,1.8677,0,0.0,0,0.0,0,0.0,0,0.0,1,0.00423836,ok,
000353,6688,4419,512x512,512,338,262144,22671,0.086483,8.6483,1,0.01106984,0,0.0,0,0.0,0,0.0,0,0.0,ok,
000354,640,480,512x512,512,384,262144,147230,0.56163788,56.1638,1,0.04943359,0,0.0,0,0.0,0,0.0,0,0.0,ok,
000355,1024,768,512x512,512,384,262144,163754,0.62467194,62.4672,1,0.14432526,0,0.0,0,0.0,0,0.0,0,0.0,ok,
000356,3008,2000,512x512,512,340,262144,22820,0.08705139,8.7051,1,0.14549967,0,0.0,0,0.0,0,0.0,0,0.0,ok,
000357,3072,2304,512x512,512,384,262144,54694,0.20864105,20.8641,1,0.06099263,0,0.0,0,0.0,0,0.0,0,0.0,ok,
000358,1024,768,512x512,512,384,262144,79595,0.30363083,30.3631,1,0.2504158,0,0.0,0,0.0,0,0.0,0,0.0,ok,
000359,1504,1129,512x512,512,384,262144,84009,0.3204689,32.0469,1,0.33674418,0,0.0,0,0.0,0,0.0,0,0.0,ok,
000360,4288,2848,512x512,512,340,262144,24499,0.09345627,9.3456,0,0.0,0,0.0,0,0.0,0,0.0,0,0.0,ok,
000361,640,480,512x512,512,384,262144,90570,0.34549713,34.5497,1,0.01782552,0,0.0,0,0.0,0,0.0,1,0.00917318,ok,
000362,640,480,512x512,512,384,262144,100710,0.38417816,38.4178,1,0.36439779,0,0.0,0,0.0,0,0.0,0,0.0,ok,
000363,4288,2848,512x512,512,340,262144,7107,0.02711105,2.7111,1,0.00300314,0,0.0,0,0.0,0,0.0,0,0.0,ok,
000364,6662,4422,512x512,512,340,262144,19755,0.07535934,7.5359,1,0.00528477,0,0.0,1,0.00338914,0,0.0,1,0.10057953,ok,
000365,3072,2304,512x512,512,384,262144,10423,0.03976059,3.9761,1,0.01077299,0,0.0,0,0.0,0,0.0,0,0.0,ok,
000366,1024,768,512x512,512,384,262144,34541,0.13176346,13.1763,1,0.00715001,0,0.0,0,0.0,0,0.0,0,0.0,ok,
000367,3072,2304,512x512,512,384,262144,18129,0.06915665,6.9157,0,0.0,0,0.0,0,0.0,0,0.0,0,0.0,ok,
000368,3072,2304,512x512,512,384,262144,47390,0.1807785,18.0779,1,0.02472093,1,0.02120364,0,0.0,0,0.0,0,0.0,ok,
000369,4288,2848,512x512,512,340,262144,6140,0.02342224,2.3422,1,0.02644219,0,0.0,0,0.0,0,0.0,0,0.0,ok,
000370,767,576,512x512,512,385,262144,22589,0.0861702,8.617,0,0.0,0,0.0,1,0.02404978,0,0.0,1,0.00822106,ok,
000371,1024,768,512x512,512,384,262144,166686,0.63585663,63.5857,1,0.75295766,0,0.0,0,0.0,0,0.0,0,0.0,ok,
000372,4288,2848,512x512,512,340,262144,3064,0.01168823,1.1688,0,0.0,1,0.00111495,0,0.0,1,0.00115753,0,0.0,ok,
000373,640,480,512x512,512,384,262144,144481,0.55115128,55.1151,1,0.30687174,0,0.0,0,0.0,0,0.0,0,0.0,ok,
000374,3008,2000,512x512,512,340,262144,5416,0.0206604,2.066,1,0.01986802,0,0.0,0,0.0,0,0.0,0,0.0,ok,
000375,4288,2848,512x512,512,340,262144,37284,0.14222717,14.2227,1,0.02461738,0,0.0,0,0.0,1,0.00252624,0,0.0,ok,
000376,640,480,512x512,512,384,262144,52708,0.20106506,20.1065,1,0.0471224,0,0.0,0,0.0,1,0.00247721,0,0.0,ok,
000377,6648,4419,512x512,512,340,262144,74540,0.28434753,28.4348,1,0.17143331,0,0.0,0,0.0,0,0.0,0,0.0,ok,
000378,1024,768,512x512,512,384,262144,14850,0.05664825,5.6648,1,0.01898066,0,0.0,1,0.00123851,0,0.0,0,0.0,ok,
000379,4288,2848,512x512,512,340,262144,4394,0.01676178,1.6762,0,0.0,0,0.0,0,0.0,0,0.0,0,0.0,ok,
000380,2012,1956,512x512,512,498,262144,19745,0.0753212,7.5321,1,0.03061081,0,0.0,0,0.0,0,0.0,0,0.0,ok,
000381,1024,768,512x512,512,384,262144,18013,0.06871414,6.8714,1,0.06583405,0,0.0,0,0.0,0,0.0,0,0.0,ok,
000382,3008,2000,512x512,512,340,262144,74477,0.28410721,28.4107,0,0.0,0,0.0,0,0.0,1,0.00124834,0,0.0,ok,
000383,3072,2304,512x512,512,384,262144,37748,0.14399719,14.3997,0,0.0,0,0.0,0,0.0,0,0.0,0,0.0,ok,
000384,2048,1536,512x512,512,384,262144,101065,0.38553238,38.5532,1,0.39634355,0,0.0,0,0.0,0,0.0,0,0.0,ok,
000385,3008,2000,512x512,512,340,262144,2622,0.01000214,1.0002,1,0.00972374,0,0.0,0,0.0,0,0.0,0,0.0,ok,
000386,1024,768,512x512,512,384,262144,105566,0.40270233,40.2702,0,0.0,0,0.0,0,0.0,0,0.0,0,0.0,ok,
000387,1024,768,512x512,512,384,262144,23935,0.09130478,9.1305,0,0.0,0,0.0,0,0.0,0,0.0,0,0.0,ok,
000388,2048,1536,512x512,512,384,262144,21385,0.0815773,8.1577,1,0.00588353,1,0.02127393,0,0.0,0,0.0,0,0.0,ok,
000389,1024,768,512x512,512,384,262144,11824,0.04510498,4.5105,1,0.01089096,0,0.0,0,0.0,0,0.0,0,0.0,ok,
000390,1024,768,512x512,512,384,262144,29711,0.11333847,11.3338,0,0.0,1,0.03123983,0,0.0,1,0.00272624,1,0.04491552,ok,
000391,1504,1129,512x512,512,384,262144,43504,0.16595459,16.5955,1,0.20732313,0,0.0,0,0.0,0,0.0,0,0.0,ok,
000392,1024,768,512x512,512,384,262144,14626,0.05579376,5.5794,1,0.01896922,0,0.0,0,0.0,0,0.0,0,0.0,ok,
000393,3072,2304,512x512,512,384,262144,38336,0.14624023,14.624,1,0.02762321,0,0.0,0,0.0,0,0.0,1,0.01311168,ok,
000394,6601,4382,512x512,512,340,262144,67760,0.25848389,25.8484,1,0.14897712,0,0.0,0,0.0,0,0.0,0,0.0,ok,
000395,1024,768,512x512,512,384,262144,125599,0.47912216,47.9122,0,0.0,0,0.0,0,0.0,1,0.05490112,1,0.01200358,ok,
000396,4288,2848,512x512,512,340,262144,4320,0.01647949,1.6479,1,0.00098246,0,0.0,0,0.0,1,0.00341805,0,0.0,ok,
000397,3008,2000,512x512,512,340,262144,3017,0.01150894,1.1509,0,0.0,0,0.0,0,0.0,1,0.00323471,0,0.0,ok,
000398,3008,2000,512x512,512,340,262144,2588,0.00987244,0.9872,1,0.01601097,0,0.0,0,0.0,0,0.0,0,0.0,ok,
000399,6668,4459,512x512,512,342,262144,120536,0.45980835,45.9808,0,0.0,1,0.04524564,0,0.0,0,0.0,1,0.02708591,ok,
000400,640,480,512x512,512,384,262144,39536,0.15081787,15.0818,0,0.0,0,0.0,0,0.0,0,0.0,0,0.0,ok,
000401,6641,4420,512x512,512,341,262144,53202,0.20294952,20.295,0,0.0,0,0.0,0,0.0,0,0.0,0,0.0,ok,
000402,4288,2848,512x512,512,340,262144,2615,0.00997543,0.9975,0,0.0,0,0.0,0,0.0,0,0.0,0,0.0,ok,
000403,640,480,512x512,512,384,262144,129798,0.49514008,49.514,1,0.08795898,0,0.0,1,0.00835286,0,0.0,0,0.0,ok,
000404,640,480,512x512,512,384,262144,19809,0.07556534,7.5565,1,0.08966471,0,0.0,0,0.0,0,0.0,0,0.0,ok,
000405,3008,2000,512x512,512,340,262144,6261,0.02388382,2.3884,1,0.03997158,0,0.0,0,0.0,0,0.0,0,0.0,ok,
000406,4288,2848,512x512,512,340,262144,8988,0.0342865,3.4286,0,0.0,0,0.0,1,0.01248651,0,0.0,1,0.03216171,ok,
000407,4288,2848,512x512,512,340,262144,96020,0.36628723,36.6287,0,0.0,0,0.0,0,0.0,0,0.0,1,0.01569084,ok,
000408,3872,2592,512x512,512,343,262144,5744,0.02191162,2.1912,1,0.00720072,0,0.0,0,0.0,0,0.0,0,0.0,ok,
000409,6654,4477,512x512,512,344,262144,20005,0.07631302,7.6313,1,0.07570205,0,0.0,0,0.0,0,0.0,0,0.0,ok,
000410,966,645,512x512,512,342,262144,92085,0.3512764,35.1276,1,0.44317332,1,0.03398013,0,0.0,0,0.0,0,0.0,ok,
000411,4288,2848,512x512,512,340,262144,13584,0.05181885,5.1819,0,0.0,0,0.0,0,0.0,1,0.00113624,0,0.0,ok,
000412,1024,768,512x512,512,384,262144,23930,0.09128571,9.1286,0,0.0,0,0.0,0,0.0,0,0.0,0,0.0,ok,
000413,1024,768,512x512,512,384,262144,20296,0.0774231,7.7423,1,0.01532364,0,0.0,0,0.0,0,0.0,0,0.0,ok,
000414,3072,2304,512x512,512,384,262144,21163,0.08073044,8.073,0,0.0,0,0.0,0,0.0,0,0.0,1,0.01194947,ok,
000415,640,480,512x512,512,384,262144,35022,0.13359833,13.3598,0,0.0,0,0.0,1,0.03141927,0,0.0,0,0.0,ok,
000416,640,480,512x512,512,384,262144,16169,0.06167984,6.168,1,0.03920898,0,0.0,0,0.0,0,0.0,0,0.0,ok,
000417,6688,4459,512x512,512,341,262144,22177,0.08459854,8.4599,0,0.0,1,0.15026408,0,0.0,0,0.0,0,0.0,ok,
000418,1024,768,512x512,512,384,262144,151185,0.57672501,57.6725,0,0.0,0,0.0,0,0.0,0,0.0,1,0.03637822,ok,
000419,4288,2848,512x512,512,340,262144,4732,0.01805115,1.8051,0,0.0,0,0.0,0,0.0,0,0.0,0,0.0,ok,
000420,3008,2000,512x512,512,340,262144,3773,0.01439285,1.4393,1,0.01073371,0,0.0,0,0.0,0,0.0,0,0.0,ok,
000421,3008,2000,512x512,512,340,262144,9484,0.03617859,3.6179,0,0.0,0,0.0,0,0.0,0,0.0,0,0.0,ok,
000422,4288,2848,512x512,512,340,262144,9495,0.03622055,3.6221,1,0.02110811,0,0.0,0,0.0,0,0.0,0,0.0,ok,
000423,3008,2000,512x512,512,340,262144,17352,0.06619263,6.6193,1,0.01070695,0,0.0,0,0.0,1,0.00106017,0,0.0,ok,
000424,6642,4422,512x512,512,341,262144,47796,0.18232727,18.2327,1,0.00827798,0,0.0,0,0.0,0,0.0,0,0.0,ok,
000425,2592,1944,512x512,512,384,262144,33440,0.12756348,12.7563,1,0.01706164,0,0.0,1,0.0074773,0,0.0,0,0.0,ok,
000426,1069,703,512x512,512,337,262144,21107,0.08051682,8.0517,0,0.0,0,0.0,0,0.0,0,0.0,0,0.0,ok,
000427,1024,768,512x512,512,384,262144,53289,0.2032814,20.3281,1,0.00163778,0,0.0,0,0.0,1,0.00158564,1,0.04853439,ok,
000428,6688,4419,512x512,512,338,262144,38139,0.14548874,14.5489,0,0.0,0,0.0,0,0.0,0,0.0,0,0.0,ok,
000429,6688,4419,512x512,512,338,262144,75467,0.28788376,28.7884,1,0.18109098,0,0.0,0,0.0,0,0.0,0,0.0,ok,
000430,6708,4439,512x512,512,339,262144,42042,0.1603775,16.0378,1,0.15431605,0,0.0,0,0.0,0,0.0,0,0.0,ok,
000431,3008,2000,512x512,512,340,262144,6650,0.02536774,2.5368,1,0.00529372,0,0.0,0,0.0,0,0.0,0,0.0,ok,
000432,1024,768,512x512,512,384,262144,23242,0.08866119,8.8661,1,0.08594131,0,0.0,0,0.0,1,0.00239436,0,0.0,ok,
000433,6641,4441,512x512,512,342,262144,150739,0.57502365,57.5024,0,0.0,1,0.07656245,0,0.0,0,0.0,0,0.0,ok,
000434,640,480,512x512,512,384,262144,96759,0.36910629,36.9106,1,0.21089193,0,0.0,0,0.0,0,0.0,0,0.0,ok,
000435,3072,2304,512x512,512,384,262144,20057,0.07651138,7.6511,1,0.0609826,0,0.0,0,0.0,0,0.0,0,0.0,ok,
000436,3024,2016,512x512,512,341,262144,10357,0.03950882,3.9509,1,0.00460863,0,0.0,0,0.0,1,0.00325242,1,0.00541304,ok,
000437,4288,2848,512x512,512,340,262144,28779,0.10978317,10.9783,0,0.0,0,0.0,0,0.0,0,0.0,0,0.0,ok,
000438,1506,1196,512x512,512,407,262144,2433,0.00928116,0.9281,0,0.0,0,0.0,1,0.00765611,0,0.0,0,0.0,ok,
000439,3872,2592,512x512,512,343,262144,9684,0.03694153,3.6942,1,0.00528655,0,0.0,0,0.0,0,0.0,0,0.0,ok,
000440,4288,2848,512x512,512,340,262144,9602,0.03662872,3.6629,1,0.01577288,0,0.0,0,0.0,0,0.0,0,0.0,ok,
000441,1024,768,512x512,512,384,262144,32007,0.12209702,12.2097,1,0.03322347,0,0.0,0,0.0,0,0.0,0,0.0,ok,
000442,1024,768,512x512,512,384,262144,12934,0.04933929,4.9339,1,0.0184466,0,0.0,0,0.0,0,0.0,0,0.0,ok,
000443,2048,1536,512x512,512,384,262144,16604,0.06333923,6.3339,1,0.00822481,0,0.0,0,0.0,0,0.0,1,0.0513649,ok,
000444,4288,2848,512x512,512,340,262144,5399,0.02059555,2.0596,0,0.0,0,0.0,0,0.0,0,0.0,0,0.0,ok,
000445,640,480,512x512,512,384,262144,77279,0.29479599,29.4796,1,0.10396484,0,0.0,0,0.0,0,0.0,0,0.0,ok,
000446,3008,2000,512x512,512,340,262144,4640,0.0177002,1.77,1,0.00701147,0,0.0,0,0.0,0,0.0,0,0.0,ok,
000447,1502,1051,512x512,512,358,262144,74776,0.2852478,28.5248,0,0.0,0,0.0,0,0.0,0,0.0,1,0.2233983,ok,
000448,3072,2304,512x512,512,384,262144,57670,0.21999359,21.9994,0,0.0,0,0.0,0,0.0,0,0.0,0,0.0,ok,
000449,640,480,512x512,512,384,262144,75633,0.288517,28.8517,1,0.27255534,0,0.0,0,0.0,0,0.0,0,0.0,ok,
000450,964,720,512x512,512,382,262144,80467,0.30695724,30.6957,1,0.03928942,0,0.0,0,0.0,0,0.0,1,0.00938509,ok,
000451,2592,1936,512x512,512,382,262144,59396,0.22657776,22.6578,0,0.0,0,0.0,0,0.0,1,0.01233273,0,0.0,ok,
000452,3072,2304,512x512,512,384,262144,22364,0.08531189,8.5312,0,0.0,1,0.02801415,0,0.0,1,0.01638907,0,0.0,ok,
000453,2592,1944,512x512,512,384,262144,45824,0.17480469,17.4805,0,0.0,0,0.0,0,0.0,0,0.0,1,0.05470179,ok,
000454,3024,2016,512x512,512,341,262144,8899,0.03394699,3.3947,0,0.0,0,0.0,0,0.0,0,0.0,0,0.0,ok,
000455,3872,2592,512x512,512,343,262144,3547,0.01353073,1.3531,0,0.0,0,0.0,0,0.0,0,0.0,0,0.0,ok,
000456,767,576,512x512,512,385,262144,47229,0.18016434,18.0164,1,0.05264695,0,0.0,0,0.0,0,0.0,0,0.0,ok,
000457,640,480,512x512,512,384,262144,36103,0.13772202,13.7722,1,0.01661784,0,0.0,0,0.0,0,0.0,0,0.0,ok,
000458,3008,2000,512x512,512,340,262144,77167,0.29436874,29.4369,0,0.0,0,0.0,0,0.0,0,0.0,0,0.0,ok,
000459,4288,2848,512x512,512,340,262144,14690,0.0560379,5.6038,1,0.0205716,0,0.0,0,0.0,1,0.00119962,0,0.0,ok,
000460,6642,4420,512x512,512,341,262144,65628,0.25035095,25.0351,0,0.0,0,0.0,0,0.0,1,0.04807386,0,0.0,ok,
000461,4288,2848,512x512,512,340,262144,44930,0.17139435,17.1394,0,0.0,0,0.0,0,0.0,0,0.0,0,0.0,ok,
000462,6688,4439,512x512,512,340,262144,71649,0.27331924,27.3319,0,0.0,0,0.0,0,0.0,1,0.00663658,1,0.00976161,ok,
000463,2673,2013,512x512,512,386,262144,26048,0.09936523,9.9365,1,0.00919668,0,0.0,0,0.0,0,0.0,0,0.0,ok,
000464,919,802,512x512,512,447,262144,35843,0.13673019,13.673,0,0.0,0,0.0,0,0.0,0,0.0,0,0.0,ok,
000465,1024,768,512x512,512,384,262144,109022,0.41588593,41.5886,0,0.0,0,0.0,0,0.0,0,0.0,0,0.0,ok,
000466,3072,2304,512x512,512,384,262144,29972,0.11433411,11.4334,1,0.03181825,0,0.0,0,0.0,0,0.0,0,0.0,ok,
000467,2592,1936,512x512,512,382,262144,28397,0.10832596,10.8326,0,0.0,0,0.0,0,0.0,0,0.0,0,0.0,ok,
000468,2048,1536,512x512,512,384,262144,94787,0.36158371,36.1584,1,0.0787433,0,0.0,1,0.02765878,0,0.0,1,0.01634757,ok,
000469,2592,1944,512x512,512,384,262144,51452,0.1962738,19.6274,1,0.05612771,0,0.0,0,0.0,0,0.0,0,0.0,ok,
000470,3008,2000,512x512,512,340,262144,1909,0.00728226,0.7282,1,0.00350665,0,0.0,0,0.0,1,0.0021998,0,0.0,ok,
000471,640,480,512x512,512,384,262144,99393,0.37915421,37.9154,1,0.02353516,0,0.0,1,0.03337565,1,0.00254232,0,0.0,ok,
000472,1024,768,512x512,512,384,262144,172916,0.65962219,65.9622,1,0.02554321,0,0.0,0,0.0,1,0.02021154,1,0.0586586,ok,
000473,3008,2000,512x512,512,340,262144,4336,0.01654053,1.6541,0,0.0,0,0.0,1,0.00448188,1,0.00647573,1,0.0207126,ok,
000474,4288,2848,512x512,512,340,262144,82194,0.31354523,31.3545,0,0.0,0,0.0,0,0.0,0,0.0,0,0.0,ok,
000475,3072,2304,512x512,512,384,262144,45440,0.17333984,17.334,1,0.0086133,0,0.0,0,0.0,0,0.0,0,0.0,ok,
000476,3008,2000,512x512,512,340,262144,2956,0.01127625,1.1276,0,0.0,0,0.0,0,0.0,0,0.0,0,0.0,ok,
000477,6622,4380,512x512,512,339,262144,58142,0.22179413,22.1794,1,0.1137087,0,0.0,0,0.0,0,0.0,0,0.0,ok,
000478,3008,2000,512x512,512,340,262144,8052,0.03071594,3.0716,0,0.0,0,0.0,0,0.0,0,0.0,0,0.0,ok,
000479,3872,2592,512x512,512,343,262144,10884,0.04151917,4.1519,0,0.0,0,0.0,0,0.0,1,0.00760963,0,0.0,ok,
000480,3008,2000,512x512,512,340,262144,8288,0.03161621,3.1616,0,0.0,0,0.0,0,0.0,1,0.01088531,1,0.0209488,ok,
000481,3008,2000,512x512,512,340,262144,1788,0.00682068,0.6821,1,0.00129937,0,0.0,0,0.0,0,0.0,0,0.0,ok,
000482,767,576,512x512,512,385,262144,150828,0.57536316,57.5363,1,0.01460189,0,0.0,0,0.0,0,0.0,0,0.0,ok,
000483,6602,4380,512x512,512,340,262144,166787,0.63624191,63.6242,0,0.0,0,0.0,0,0.0,1,0.06377578,0,0.0,ok,
000484,2048,1536,512x512,512,384,262144,48333,0.18437576,18.4376,1,0.02296321,0,0.0,0,0.0,0,0.0,1,0.00827503,ok,
000485,3072,2304,512x512,512,384,262144,6034,0.02301788,2.3018,1,0.02854792,0,0.0,0,0.0,0,0.0,0,0.0,ok,
000486,4288,2848,512x512,512,340,262144,4494,0.01714325,1.7143,0,0.0,0,0.0,0,0.0,0,0.0,0,0.0,ok,
000487,3008,2000,512x512,512,340,262144,6108,0.02330017,2.33,0,0.0,0,0.0,0,0.0,0,0.0,1,0.01427743,ok,
000488,2283,1824,512x512,512,409,262144,58783,0.22423935,22.4239,0,0.0,1,0.03118252,0,0.0,0,0.0,1,0.00975003,ok,
000489,3024,2016,512x512,512,341,262144,13981,0.05333328,5.3333,1,0.0350803,0,0.0,0,0.0,1,0.0018821,0,0.0,ok,
000490,1024,768,512x512,512,384,262144,23836,0.09092712,9.0927,1,0.01430893,0,0.0,0,0.0,0,0.0,0,0.0,ok,
000491,6661,4422,512x512,512,340,262144,54961,0.20965958,20.966,0,0.0,0,0.0,0,0.0,0,0.0,1,0.11786915,ok,
000492,3872,2592,512x512,512,343,262144,17869,0.06816483,6.8165,1,0.00888751,0,0.0,0,0.0,1,0.00352852,1,0.00546989,ok,
000493,3008,2000,512x512,512,340,262144,4292,0.01637268,1.6373,0,0.0,0,0.0,0,0.0,1,0.00549003,0,0.0,ok,
000494,640,480,512x512,512,384,262144,99354,0.37900543,37.9005,0,0.0,0,0.0,0,0.0,0,0.0,0,0.0,ok,
000495,1502,1016,512x512,512,346,262144,41535,0.15844345,15.8443,1,0.16925071,0,0.0,0,0.0,0,0.0,1,0.01313799,ok,
000496,1024,768,512x512,512,384,262144,32359,0.12343979,12.344,0,0.0,0,0.0,0,0.0,0,0.0,1,0.10404841,ok,
000497,1024,768,512x512,512,384,262144,27124,0.10346985,10.347,1,0.00401052,0,0.0,0,0.0,0,0.0,0,0.0,ok,
000498,3872,2592,512x512,512,343,262144,47091,0.17963791,17.9638,1,0.1123571,0,0.0,1,0.00433799,0,0.0,1,0.00329945,ok,
000499,6648,4398,512x512,512,339,262144,144584,0.55154419,55.1544,1,0.48826417,0,0.0,0,0.0,0,0.0,0,0.0,ok,
000500,1024,768,512x512,512,384,262144,25908,0.09883118,9.8831,0,0.0,0,0.0,0,0.0,0,0.0,0,0.0,ok,
000501,3072,2304,512x512,512,384,262144,7556,0.02882385,2.8824,0,0.0,0,0.0,1,0.0054447,0,0.0,1,0.0087755,ok,
000502,2592,1936,512x512,512,382,262144,23676,0.09031677,9.0317,0,0.0,1,0.01905338,0,0.0,1,0.00143082,0,0.0,ok,
000503,3072,2304,512x512,512,384,262144,22316,0.08512878,8.5129,1,0.04449858,0,0.0,0,0.0,0,0.0,0,0.0,ok,
000504,1024,768,512x512,512,384,262144,23344,0.08905029,8.905,1,0.00473022,0,0.0,0,0.0,0,0.0,0,0.0,ok,
000505,3072,2304,512x512,512,384,262144,136636,0.52122498,52.1225,1,0.05192976,0,0.0,0,0.0,0,0.0,0,0.0,ok,
000506,6581,4382,512x512,512,341,262144,46881,0.17883682,17.8837,1,0.05448461,0,0.0,0,0.0,0,0.0,0,0.0,ok,
000507,3008,2000,512x512,512,340,262144,63925,0.24385452,24.3855,0,0.0,0,0.0,0,0.0,1,0.00479654,1,0.02388996,ok,
000508,4288,2848,512x512,512,340,262144,6048,0.02307129,2.3071,1,0.00575374,0,0.0,0,0.0,1,0.00118111,0,0.0,ok,
000509,3008,2000,512x512,512,340,262144,1967,0.00750351,0.7504,1,0.00212217,0,0.0,0,0.0,0,0.0,0,0.0,ok,
000510,3072,2304,512x512,512,384,262144,88568,0.33786011,33.786,0,0.0,0,0.0,0,0.0,0,0.0,0,0.0,ok,
000511,6648,4459,512x512,512,343,262144,70998,0.27083588,27.0836,1,0.03213454,0,0.0,0,0.0,0,0.0,0,0.0,ok,
000512,3072,2304,512x512,512,384,262144,81221,0.30983353,30.9834,1,0.26034772,0,0.0,0,0.0,0,0.0,0,0.0,ok,
000513,4288,2848,512x512,512,340,262144,912,0.003479,0.3479,1,0.00146722,0,0.0,1,0.00413897,0,0.0,0,0.0,ok,
000514,3008,2000,512x512,512,340,262144,21344,0.0814209,8.1421,0,0.0,0,0.0,0,0.0,1,0.02705834,0,0.0,ok,
000515,3008,2000,512x512,512,340,262144,7476,0.02851868,2.8519,0,0.0,0,0.0,0,0.0,0,0.0,0,0.0,ok,
000516,3072,2304,512x512,512,384,262144,40064,0.15283203,15.2832,1,0.01802798,1,0.06426168,0,0.0,0,0.0,0,0.0,ok,
000517,3008,2000,512x512,512,340,262144,28272,0.10784912,10.7849,0,0.0,0,0.0,0,0.0,0,0.0,0,0.0,ok,
000518,3072,2304,512x512,512,384,262144,118632,0.45254517,45.2545,1,0.02227105,0,0.0,0,0.0,1,0.00222524,0,0.0,ok,
000519,824,719,512x512,512,447,262144,77794,0.29676056,29.6761,1,0.01609233,0,0.0,0,0.0,0,0.0,0,0.0,ok,
000520,1024,768,512x512,512,384,262144,149328,0.56964111,56.9641,1,0.09398015,0,0.0,0,0.0,0,0.0,0,0.0,ok,
000521,1022,767,512x512,512,384,262144,17314,0.06604767,6.6048,1,0.01802968,1,0.003572,0,0.0,0,0.0,0,0.0,ok,
000522,1024,768,512x512,512,384,262144,106712,0.40707397,40.7074,1,0.15443166,0,0.0,0,0.0,1,0.05210114,0,0.0,ok,
000523,1024,768,512x512,512,384,262144,26404,0.10072327,10.0723,0,0.0,0,0.0,0,0.0,0,0.0,0,0.0,ok,
000524,3008,2000,512x512,512,340,262144,6027,0.02299118,2.2991,1,0.00584674,0,0.0,0,0.0,0,0.0,0,0.0,ok,
000525,3072,2304,512x512,512,384,262144,76835,0.29310226,29.3102,1,0.06096451,0,0.0,0,0.0,0,0.0,1,0.00096328,ok,
000526,3072,2304,512x512,512,384,262144,74072,0.28256226,28.2562,1,0.22186633,0,0.0,0,0.0,0,0.0,0,0.0,ok,
000527,4288,2848,512x512,512,340,262144,5585,0.02130508,2.1305,1,0.0023872,0,0.0,0,0.0,0,0.0,0,0.0,ok,
000528,3072,2304,512x512,512,384,262144,6428,0.02452087,2.4521,0,0.0,0,0.0,0,0.0,0,0.0,0,0.0,ok,
000529,3872,2592,512x512,512,343,262144,5480,0.02090454,2.0905,1,0.02133352,0,0.0,0,0.0,0,0.0,0,0.0,ok,
000530,1024,768,512x512,512,384,262144,50323,0.19196701,19.1967,1,0.07521184,0,0.0,0,0.0,0,0.0,0,0.0,ok,
000531,4288,2848,512x512,512,340,262144,2432,0.00927734,0.9277,1,0.01106563,0,0.0,0,0.0,0,0.0,1,0.0105446,ok,
000532,3008,2000,512x512,512,340,262144,74763,0.28519821,28.5198,0,0.0,0,0.0,0,0.0,0,0.0,0,0.0,ok,
000533,1024,768,512x512,512,384,262144,60724,0.23164368,23.1644,1,0.05259069,0,0.0,0,0.0,0,0.0,0,0.0,ok,
000534,3008,2000,512x512,512,340,262144,10388,0.03962708,3.9627,1,0.03982364,0,0.0,0,0.0,1,0.001125,0,0.0,ok,
000535,6647,4439,512x512,512,342,262144,30480,0.11627197,11.6272,1,0.05979265,0,0.0,0,0.0,0,0.0,1,0.01101897,ok,
000536,3008,2000,512x512,512,340,262144,9440,0.03601074,3.6011,1,0.02785455,0,0.0,0,0.0,0,0.0,0,0.0,ok,
000537,962,674,512x512,512,359,262144,26006,0.09920502,9.9205,1,0.06607463,0,0.0,0,0.0,0,0.0,0,0.0,ok,
000538,6642,4420,512x512,512,341,262144,96335,0.36748886,36.7489,0,0.0,0,0.0,0,0.0,0,0.0,1,0.00827648,ok,
000539,1819,859,512x512,512,242,262144,10050,0.03833771,3.8338,0,0.0,0,0.0,0,0.0,1,0.00120062,0,0.0,ok,
000540,3072,2304,512x512,512,384,262144,20437,0.07796097,7.7961,1,0.00756356,0,0.0,0,0.0,0,0.0,1,0.00962999,ok,
000541,2592,1944,512x512,512,384,262144,39992,0.15255737,15.2557,1,0.03923972,0,0.0,0,0.0,0,0.0,1,0.01120832,ok,
000542,2592,1944,512x512,512,384,262144,57452,0.21916199,21.9162,0,0.0,0,0.0,0,0.0,1,0.00104687,0,0.0,ok,
000543,640,480,512x512,512,384,262144,85743,0.32708359,32.7084,1,0.06419596,0,0.0,0,0.0,0,0.0,0,0.0,ok,
000544,767,576,512x512,512,385,262144,69987,0.26697922,26.6979,1,0.03142655,0,0.0,0,0.0,0,0.0,0,0.0,ok,
000545,1504,1129,512x512,512,384,262144,40479,0.15441513,15.4415,1,0.14239265,0,0.0,1,0.01969122,0,0.0,1,0.02144385,ok,
000546,2592,1936,512x512,512,382,262144,8038,0.03066254,3.0663,0,0.0,0,0.0,0,0.0,0,0.0,0,0.0,ok,
000547,6621,4441,512x512,512,343,262144,32312,0.1232605,12.326,0,0.0,0,0.0,0,0.0,0,0.0,1,0.01243354,ok,
000548,4288,2848,512x512,512,340,262144,5906,0.0225296,2.253,0,0.0,0,0.0,0,0.0,0,0.0,0,0.0,ok,
000549,640,480,512x512,512,384,262144,112825,0.43039322,43.0393,0,0.0,0,0.0,0,0.0,0,0.0,0,0.0,ok,
000550,3072,2304,512x512,512,384,262144,33896,0.12930298,12.9303,1,0.01030618,1,0.0243916,0,0.0,0,0.0,0,0.0,ok,
000551,3872,2592,512x512,512,343,262144,103881,0.39627457,39.6275,1,0.01653799,0,0.0,0,0.0,0,0.0,0,0.0,ok,
000552,4288,2848,512x512,512,340,262144,9708,0.03703308,3.7033,1,0.01746521,0,0.0,0,0.0,1,0.00219763,0,0.0,ok,
000553,4288,2848,512x512,512,340,262144,10080,0.03845215,3.8452,0,0.0,0,0.0,0,0.0,0,0.0,1,0.02107765,ok,
000554,640,480,512x512,512,384,262144,20228,0.0771637,7.7164,0,0.0,1,0.00908854,0,0.0,0,0.0,0,0.0,ok,
000555,3008,2000,512x512,512,340,262144,2105,0.00802994,0.803,1,0.00838797,0,0.0,0,0.0,0,0.0,1,0.00073587,ok,
000556,3048,1939,512x512,512,326,262144,92607,0.35326767,35.3268,0,0.0,0,0.0,1,0.00767791,0,0.0,0,0.0,ok,
000557,1024,768,512x512,512,384,262144,21273,0.08115005,8.115,1,0.00135295,0,0.0,0,0.0,0,0.0,0,0.0,ok,
000558,6648,4419,512x512,512,340,262144,100267,0.38248825,38.2488,0,0.0,0,0.0,0,0.0,0,0.0,0,0.0,ok,
000559,3072,2304,512x512,512,384,262144,34688,0.13232422,13.2324,1,0.03607545,0,0.0,0,0.0,0,0.0,1,0.00098292,ok,
000560,3024,2016,512x512,512,341,262144,23257,0.08871841,8.8718,1,0.00342679,0,0.0,0,0.0,1,0.00722756,0,0.0,ok,
000561,6682,4441,512x512,512,340,262144,36288,0.13842773,13.8428,1,0.04749005,0,0.0,0,0.0,1,0.00744319,0,0.0,ok,
000562,3072,2304,512x512,512,384,262144,6860,0.02616882,2.6169,0,0.0,0,0.0,1,0.00772759,0,0.0,0,0.0,ok,
000563,4288,2848,512x512,512,340,262144,1629,0.00621414,0.6214,0,0.0,0,0.0,0,0.0,0,0.0,0,0.0,ok,
000564,640,480,512x512,512,384,262144,78993,0.30133438,30.1334,1,0.07672526,0,0.0,0,0.0,0,0.0,0,0.0,ok,
000565,3008,2000,512x512,512,340,262144,26448,0.10089111,10.0891,1,0.07709874,0,0.0,0,0.0,1,0.01098787,0,0.0,ok,
000566,4288,2848,512x512,512,340,262144,7332,0.02796936,2.7969,1,0.00824551,1,0.00386392,0,0.0,1,0.00179263,0,0.0,ok,
000567,3008,2000,512x512,512,340,262144,14204,0.05418396,5.4184,1,0.02581533,0,0.0,0,0.0,1,0.00350947,0,0.0,ok,
000568,3072,2304,512x512,512,384,262144,21380,0.08155823,8.1558,0,0.0,0,0.0,0,0.0,0,0.0,1,0.05286563,ok,
000569,3072,2304,512x512,512,384,262144,188023,0.71725082,71.7251,0,0.0,0,0.0,0,0.0,0,0.0,0,0.0,ok,
000570,3008,2000,512x512,512,340,262144,33214,0.12670135,12.6701,0,0.0,1,0.01748903,0,0.0,0,0.0,0,0.0,ok,
000571,6708,4439,512x512,512,339,262144,17801,0.06790543,6.7905,0,0.0,0,0.0,0,0.0,0,0.0,1,0.04124515,ok,
000572,640,480,512x512,512,384,262144,44023,0.16793442,16.7934,0,0.0,0,0.0,0,0.0,0,0.0,1,0.05249674,ok,
000573,1024,768,512x512,512,384,262144,68959,0.26305771,26.3058,0,0.0,0,0.0,0,0.0,0,0.0,0,0.0,ok,
000574,3008,2000,512x512,512,340,262144,4904,0.01870728,1.8707,0,0.0,0,0.0,0,0.0,0,0.0,0,0.0,ok,
000575,640,480,512x512,512,384,262144,76774,0.29286957,29.287,1,0.05351237,0,0.0,0,0.0,0,0.0,0,0.0,ok,
000576,6668,4459,512x512,512,342,262144,32035,0.12220383,12.2204,1,0.07869766,0,0.0,0,0.0,1,0.00491265,0,0.0,ok,
000577,4288,2848,512x512,512,340,262144,7580,0.02891541,2.8915,1,0.02664707,0,0.0,0,0.0,0,0.0,0,0.0,ok,
000578,6688,4459,512x512,512,341,262144,53800,0.20523071,20.5231,0,0.0,0,0.0,0,0.0,0,0.0,0,0.0,ok,
000579,3008,2000,512x512,512,340,262144,9691,0.03696823,3.6968,1,0.00321543,0,0.0,0,0.0,0,0.0,0,0.0,ok,
000580,3872,2592,512x512,512,343,262144,103106,0.39331818,39.3318,1,0.007342,0,0.0,0,0.0,0,0.0,0,0.0,ok,
000581,1504,1129,512x512,512,384,262144,48506,0.18503571,18.5036,1,0.24357132,0,0.0,0,0.0,0,0.0,1,0.00664246,ok,
000582,3008,2000,512x512,512,340,262144,23914,0.09122467,9.1225,0,0.0,0,0.0,0,0.0,1,0.0140128,0,0.0,ok,
000583,4288,2848,512x512,512,340,262144,21648,0.08258057,8.2581,1,0.04430151,0,0.0,0,0.0,1,0.00470021,0,0.0,ok,
000584,4288,2848,512x512,512,340,262144,1935,0.00738144,0.7381,1,0.00811425,0,0.0,0,0.0,0,0.0,0,0.0,ok,
000585,4288,2848,512x512,512,340,262144,11256,0.04293823,4.2938,0,0.0,0,0.0,0,0.0,1,0.004844,0,0.0,ok,
000586,3072,2304,512x512,512,384,262144,24020,0.09162903,9.1629,0,0.0,0,0.0,0,0.0,1,0.00358709,1,0.05509525,ok,
000587,640,480,512x512,512,384,262144,64216,0.2449646,24.4965,1,0.14591797,0,0.0,0,0.0,0,0.0,0,0.0,ok,
000588,3008,2000,512x512,512,340,262144,8528,0.03253174,3.2532,0,0.0,0,0.0,0,0.0,1,0.00497523,0,0.0,ok,
000589,1692,1915,512x512,452,512,262144,204487,0.780056,78.0056,0,0.0,0,0.0,0,0.0,0,0.0,1,0.0053247,ok,
000590,3872,2592,512x512,512,343,262144,43151,0.164608,16.4608,1,0.01784576,0,0.0,1,0.00639872,0,0.0,1,0.01644792,ok,
000591,4288,2848,512x512,512,340,262144,8244,0.03144836,3.1448,1,0.04236542,0,0.0,0,0.0,0,0.0,0,0.0,ok,
000592,4288,2848,512x512,512,340,262144,7319,0.02791977,2.792,1,0.00520438,0,0.0,0,0.0,1,0.00123516,0,0.0,ok,
000593,640,480,512x512,512,384,262144,103688,0.39553833,39.5538,0,0.0,1,0.02073893,0,0.0,0,0.0,1,0.00752604,ok,
000594,1024,768,512x512,512,384,262144,191196,0.72935486,72.9355,1,0.02298609,0,0.0,0,0.0,1,0.0040652,0,0.0,ok,
000595,6641,4440,512x512,512,342,262144,50112,0.19116211,19.1162,1,0.18748123,0,0.0,0,0.0,0,0.0,0,0.0,ok,
000596,6641,4440,512x512,512,342,262144,61575,0.23488998,23.489,0,0.0,0,0.0,0,0.0,1,0.01322151,0,0.0,ok,
000597,2048,1536,512x512,512,384,262144,46664,0.17800903,17.8009,0,0.0,0,0.0,0,0.0,0,0.0,0,0.0,ok,
000598,3008,2000,512x512,512,340,262144,3200,0.01220703,1.2207,0,0.0,0,0.0,0,0.0,0,0.0,0,0.0,ok,
000599,640,480,512x512,512,384,262144,61231,0.23357773,23.3578,1,0.29061523,0,0.0,0,0.0,0,0.0,0,0.0,ok,
000600,4288,2848,512x512,512,340,262144,2188,0.00834656,0.8347,1,0.00591612,0,0.0,0,0.0,0,0.0,0,0.0,ok,
000601,1024,768,512x512,512,384,262144,14580,0.05561829,5.5618,1,0.03274663,0,0.0,0,0.0,0,0.0,1,0.00285467,ok,
000602,3072,2304,512x512,512,384,262144,43868,0.16734314,16.7343,1,0.11111916,0,0.0,0,0.0,0,0.0,0,0.0,ok,
000603,3024,2016,512x512,512,341,262144,11813,0.04506302,4.5063,1,0.02620061,0,0.0,0,0.0,0,0.0,0,0.0,ok,
000604,6642,4420,512x512,512,341,262144,34462,0.1314621,13.1462,1,0.11529414,0,0.0,0,0.0,0,0.0,0,0.0,ok,
000605,1024,768,512x512,512,384,262144,31788,0.1212616,12.1262,0,0.0,0,0.0,0,0.0,0,0.0,0,0.0,ok,
000606,3024,2016,512x512,512,341,262144,13494,0.05147552,5.1476,1,0.02125719,0,0.0,0,0.0,0,0.0,0,0.0,ok,
000607,2592,1936,512x512,512,382,262144,17836,0.06803894,6.8039,0,0.0,0,0.0,0,0.0,1,0.00717521,0,0.0,ok,
000608,3008,2000,512x512,512,340,262144,13091,0.0499382,4.9938,0,0.0,0,0.0,0,0.0,1,0.00251247,0,0.0,ok,
000609,3008,2000,512x512,512,340,262144,6868,0.02619934,2.6199,0,0.0,0,0.0,0,0.0,1,0.00453291,0,0.0,ok,
000610,3072,2304,512x512,512,384,262144,33356,0.12724304,12.7243,1,0.0506531,0,0.0,1,0.01062139,0,0.0,0,0.0,ok,
000611,2781,2077,512x512,512,382,262144,83291,0.31772995,31.773,1,0.02788646,0,0.0,0,0.0,0,0.0,0,0.0,ok,
000612,6642,4420,512x512,512,341,262144,63748,0.24317932,24.3179,1,0.1099478,0,0.0,0,0.0,1,0.0079751,0,0.0,ok,
000613,959,638,512x512,512,341,262144,102104,0.38949585,38.9496,1,0.48312636,0,0.0,0,0.0,1,0.00276379,0,0.0,ok,
000614,1024,768,512x512,512,384,262144,32154,0.12265778,12.2658,0,0.0,1,0.02941895,0,0.0,0,0.0,0,0.0,ok,
000615,2304,1536,512x512,512,341,262144,4355,0.01661301,1.6613,1,0.01945552,0,0.0,0,0.0,0,0.0,1,0.00928582,ok,
000616,3008,2000,512x512,512,340,262144,7300,0.02784729,2.7847,1,0.01043334,0,0.0,0,0.0,0,0.0,0,0.0,ok,
000617,2048,1536,512x512,512,384,262144,36567,0.13949203,13.9492,1,0.15231546,0,0.0,0,0.0,0,0.0,1,0.04328601,ok,
000618,4288,2848,512x512,512,340,262144,61796,0.23573303,23.5733,1,0.04596591,0,0.0,0,0.0,1,0.01424523,0,0.0,ok,
000619,1024,768,512x512,512,384,262144,154760,0.59036255,59.0363,1,0.01062266,1,0.07685471,0,0.0,0,0.0,0,0.0,ok,
000620,4288,2848,512x512,512,340,262144,5144,0.0196228,1.9623,1,0.00938052,0,0.0,0,0.0,0,0.0,0,0.0,ok,
000621,640,480,512x512,512,384,262144,152872,0.5831604,58.316,0,0.0,0,0.0,0,0.0,0,0.0,0,0.0,ok,
000622,640,480,512x512,512,384,262144,32915,0.12556076,12.5561,0,0.0,0,0.0,0,0.0,0,0.0,0,0.0,ok,
000623,2592,1944,512x512,512,384,262144,27944,0.1065979,10.6598,1,0.08029871,0,0.0,0,0.0,0,0.0,1,0.01614635,ok,
000624,4288,2848,512x512,512,340,262144,60195,0.2296257,22.9626,1,0.03963267,0,0.0,0,0.0,1,0.01265765,0,0.0,ok,
000625,1024,768,512x512,512,384,262144,41746,0.15924835,15.9248,0,0.0,0,0.0,0,0.0,0,0.0,0,0.0,ok,
000626,3008,2000,512x512,512,340,262144,1928,0.00735474,0.7355,1,0.00663115,0,0.0,0,0.0,0,0.0,0,0.0,ok,
000627,1504,1129,512x512,512,384,262144,47096,0.17965698,17.9657,1,0.06861596,0,0.0,0,0.0,0,0.0,0,0.0,ok,
000628,1022,767,512x512,512,384,262144,44769,0.17078018,17.078,1,0.10199598,0,0.0,0,0.0,0,0.0,0,0.0,ok,
000629,3072,2304,512x512,512,384,262144,174097,0.66412735,66.4127,1,0.08723803,0,0.0,0,0.0,1,0.01742469,0,0.0,ok,
000630,3024,2016,512x512,512,341,262144,20172,0.07695007,7.695,1,0.01162,0,0.0,0,0.0,0,0.0,0,0.0,ok,
000631,3008,2000,512x512,512,340,262144,30358,0.11580658,11.5807,0,0.0,0,0.0,0,0.0,0,0.0,0,0.0,ok,
000632,1024,768,512x512,512,384,262144,73036,0.27861023,27.861,0,0.0,0,0.0,0,0.0,1,0.0181605,0,0.0,ok,
000633,1024,768,512x512,512,384,262144,4306,0.01642609,1.6426,0,0.0,0,0.0,0,0.0,0,0.0,1,0.00428391,ok,
000634,3024,2016,512x512,512,341,262144,5868,0.02238464,2.2385,0,0.0,0,0.0,0,0.0,1,0.00349322,0,0.0,ok,
000635,6708,4439,512x512,512,339,262144,47928,0.18283081,18.2831,1,0.14995779,0,0.0,0,0.0,0,0.0,0,0.0,ok,
000636,3008,2000,512x512,512,340,262144,4772,0.01820374,1.8204,0,0.0,0,0.0,0,0.0,0,0.0,1,0.00968634,ok,
000637,640,480,512x512,512,384,262144,38655,0.14745712,14.7457,1,0.01734375,0,0.0,0,0.0,0,0.0,0,0.0,ok,
000638,4288,2848,512x512,512,340,262144,48372,0.18452454,18.4525,1,0.01639587,0,0.0,0,0.0,0,0.0,0,0.0,ok,
000639,6688,4459,512x512,512,341,262144,34396,0.13121033,13.121,0,0.0,0,0.0,0,0.0,1,0.00119989,0,0.0,ok,
000640,3008,2000,512x512,512,340,262144,3596,0.01371765,1.3718,1,0.01394963,0,0.0,0,0.0,0,0.0,0,0.0,ok,
000641,3072,2304,512x512,512,384,262144,14848,0.05664062,5.6641,0,0.0,0,0.0,0,0.0,0,0.0,1,0.00761965,ok,
000642,1024,768,512x512,512,384,262144,37166,0.14177704,14.1777,0,0.0,1,0.03622564,0,0.0,0,0.0,0,0.0,ok,
000643,1022,767,512x512,512,384,262144,9950,0.03795624,3.7956,1,0.00460916,0,0.0,0,0.0,1,0.00206666,1,0.01471538,ok,
000644,4288,2848,512x512,512,340,262144,62221,0.23735428,23.7354,0,0.0,0,0.0,1,0.00687909,0,0.0,1,0.01306183,ok,
000645,1022,767,512x512,512,384,262144,72833,0.27783585,27.7836,1,0.1136152,0,0.0,0,0.0,0,0.0,0,0.0,ok,
000646,576,768,512x512,384,512,262144,12888,0.04916382,4.9164,1,0.05415627,0,0.0,0,0.0,0,0.0,1,0.01053422,ok,
000647,4288,2848,512x512,512,340,262144,9536,0.03637695,3.6377,1,0.01298994,0,0.0,0,0.0,1,0.00116703,1,0.02686718,ok,
000648,2048,1536,512x512,512,384,262144,19472,0.07427979,7.428,1,0.0572993,0,0.0,0,0.0,0,0.0,0,0.0,ok,
000649,3072,2304,512x512,512,384,262144,25829,0.09852982,9.853,0,0.0,1,0.0541088,0,0.0,0,0.0,1,0.01893743,ok,
000650,1321,1339,512x512,505,512,262144,48011,0.18314743,18.3147,1,0.06301775,0,0.0,0,0.0,0,0.0,1,0.00540021,ok,
000651,3008,2000,512x512,512,340,262144,13528,0.05160522,5.1605,0,0.0,0,0.0,0,0.0,0,0.0,0,0.0,ok,
000652,640,480,512x512,512,384,262144,56451,0.21534348,21.5343,1,0.13761393,0,0.0,0,0.0,0,0.0,0,0.0,ok,
000653,3072,2304,512x512,512,384,262144,35371,0.13492966,13.493,1,0.01084603,0,0.0,0,0.0,0,0.0,0,0.0,ok,
000654,3872,2592,512x512,512,343,262144,10656,0.04064941,4.0649,0,0.0,0,0.0,0,0.0,1,0.00694076,0,0.0,ok,
000655,6681,4441,512x512,512,340,262144,57232,0.21832275,21.8323,1,0.0106043,1,0.00990633,0,0.0,1,0.00478303,0,0.0,ok,
000656,1024,768,512x512,512,384,262144,61602,0.23499298,23.4993,0,0.0,1,0.0250295,0,0.0,1,0.00107066,0,0.0,ok,
000657,1024,768,512x512,512,384,262144,3774,0.01439667,1.4397,1,0.00340398,0,0.0,0,0.0,0,0.0,0,0.0,ok,
000658,3072,2304,512x512,512,384,262144,17936,0.06842041,6.842,0,0.0,0,0.0,0,0.0,0,0.0,1,0.00885363,ok,
000659,6641,4440,512x512,512,342,262144,68899,0.26282883,26.2829,1,0.06515036,0,0.0,0,0.0,0,0.0,0,0.0,ok,
000660,3072,2304,512x512,512,384,262144,35602,0.13581085,13.5811,1,0.0953899,0,0.0,0,0.0,0,0.0,1,0.01708787,ok,
000661,4288,2848,512x512,512,340,262144,2516,0.00959778,0.9598,0,0.0,0,0.0,0,0.0,0,0.0,0,0.0,ok,
000662,3072,2304,512x512,512,384,262144,28100,0.10719299,10.7193,0,0.0,0,0.0,0,0.0,1,0.00310361,0,0.0,ok,
000663,4288,2848,512x512,512,340,262144,7377,0.02814102,2.8141,1,0.02019796,0,0.0,0,0.0,1,0.00367247,0,0.0,ok,
000664,1024,768,512x512,512,384,262144,8431,0.03216171,3.2162,0,0.0,0,0.0,1,0.00494385,0,0.0,1,0.00550079,ok,
000665,3024,2016,512x512,512,341,262144,12635,0.0481987,4.8199,1,0.05744241,0,0.0,0,0.0,0,0.0,0,0.0,ok,
000666,3072,2304,512x512,512,384,262144,31172,0.11891174,11.8912,0,0.0,0,0.0,0,0.0,1,0.00654404,0,0.0,ok,
000667,1024,768,512x512,512,384,262144,2403,0.00916672,0.9167,0,0.0,0,0.0,1,0.00610224,0,0.0,0,0.0,ok,
000668,3008,2000,512x512,512,340,262144,2644,0.01008606,1.0086,0,0.0,0,0.0,0,0.0,0,0.0,0,0.0,ok,
000669,4288,2848,512x512,512,340,262144,12524,0.04777527,4.7775,0,0.0,0,0.0,0,0.0,0,0.0,0,0.0,ok,
000670,3024,2016,512x512,512,341,262144,16645,0.06349564,6.3496,1,0.02055694,0,0.0,0,0.0,0,0.0,0,0.0,ok,
000671,6648,4439,512x512,512,342,262144,52308,0.19953918,19.9539,1,0.00463629,1,0.02261272,0,0.0,1,0.00317975,1,0.00708762,ok,
000672,640,480,512x512,512,384,262144,38310,0.14614105,14.6141,0,0.0,0,0.0,0,0.0,0,0.0,0,0.0,ok,
000673,3872,2592,512x512,512,343,262144,12236,0.04667664,4.6677,1,0.00623422,0,0.0,0,0.0,1,0.0127526,1,0.00260556,ok,
000674,1024,768,512x512,512,384,262144,142083,0.54200363,54.2004,0,0.0,0,0.0,0,0.0,1,0.03524144,0,0.0,ok,
000675,4288,2848,512x512,512,340,262144,5927,0.02260971,2.261,1,0.00241332,0,0.0,0,0.0,0,0.0,0,0.0,ok,
000676,4288,2848,512x512,512,340,262144,46274,0.1765213,17.6521,0,0.0,0,0.0,0,0.0,1,0.01602321,0,0.0,ok,
000677,640,480,512x512,512,384,262144,94155,0.35917282,35.9173,1,0.01968099,0,0.0,0,0.0,0,0.0,0,0.0,ok,
000678,1024,768,512x512,512,384,262144,41044,0.15657043,15.657,1,0.0254453,1,0.00566228,0,0.0,0,0.0,0,0.0,ok,
000679,1024,768,512x512,512,384,262144,12325,0.04701614,4.7016,1,0.00933456,0,0.0,0,0.0,1,0.00123469,1,0.00617472,ok,
000680,919,802,512x512,512,447,262144,49549,0.18901443,18.9014,0,0.0,0,0.0,0,0.0,0,0.0,0,0.0,ok,
000681,6682,4442,512x512,512,340,262144,27239,0.10390854,10.3909,1,0.05574554,0,0.0,0,0.0,0,0.0,0,0.0,ok,
000682,4288,2848,512x512,512,340,262144,17696,0.06750488,6.7505,1,0.01155719,0,0.0,0,0.0,0,0.0,0,0.0,ok,
000683,640,480,512x512,512,384,262144,31563,0.12040329,12.0403,1,0.10180664,0,0.0,0,0.0,0,0.0,0,0.0,ok,
000684,3072,2304,512x512,512,384,262144,35528,0.13552856,13.5529,1,0.0129663,0,0.0,1,0.02003394,0,0.0,0,0.0,ok,
000685,1024,768,512x512,512,384,262144,136446,0.52050018,52.05,1,0.27256902,0,0.0,0,0.0,0,0.0,1,0.0265096,ok,
000686,4288,2848,512x512,512,340,262144,6740,0.02571106,2.5711,1,0.01990227,0,0.0,0,0.0,1,0.00218347,0,0.0,ok,
000687,6628,4399,512x512,512,340,262144,119404,0.45549011,45.549,1,0.29277636,0,0.0,0,0.0,0,0.0,0,0.0,ok,
000688,3072,2304,512x512,512,384,262144,46540,0.17753601,17.7536,0,0.0,0,0.0,0,0.0,0,0.0,0,0.0,ok,
000689,1024,768,512x512,512,384,262144,15013,0.05727005,5.727,0,0.0,0,0.0,0,0.0,1,0.00107574,0,0.0,ok,
000690,1024,768,512x512,512,384,262144,13490,0.05146027,5.146,0,0.0,0,0.0,0,0.0,0,0.0,1,0.0278422,ok,
000691,767,576,512x512,512,385,262144,28598,0.10909271,10.9093,1,0.10683761,0,0.0,0,0.0,0,0.0,0,0.0,ok,
000692,3008,2000,512x512,512,340,262144,1005,0.00383377,0.3834,0,0.0,0,0.0,0,0.0,1,0.00152311,0,0.0,ok,
000693,6668,4439,512x512,512,341,262144,94741,0.36140823,36.1408,1,0.304593,0,0.0,0,0.0,0,0.0,0,0.0,ok,
000694,3008,2000,512x512,512,340,262144,12344,0.04708862,4.7089,1,0.01951928,0,0.0,0,0.0,0,0.0,0,0.0,ok,
000695,4288,2848,512x512,512,340,262144,7278,0.02776337,2.7763,1,0.00133931,0,0.0,0,0.0,0,0.0,0,0.0,ok,
000696,3072,2304,512x512,512,384,262144,23924,0.09126282,9.1263,1,0.00690361,0,0.0,0,0.0,0,0.0,0,0.0,ok,
000697,3008,2000,512x512,512,340,262144,2584,0.00985718,0.9857,1,0.0138735,0,0.0,0,0.0,0,0.0,0,0.0,ok,
000698,4288,2848,512x512,512,340,262144,9777,0.0372963,3.7296,1,0.01896051,1,0.00946724,0,0.0,0,0.0,0,0.0,ok,
000699,4288,2848,512x512,512,340,262144,22616,0.08627319,8.6273,1,0.03147756,0,0.0,0,0.0,1,0.0062905,0,0.0,ok,
000700,3008,2000,512x512,512,340,262144,68693,0.262043,26.2043,0,0.0,0,0.0,0,0.0,1,0.01025881,0,0.0,ok,
000701,3072,2304,512x512,512,384,262144,50456,0.19247437,19.2474,1,0.08256234,1,0.01515989,0,0.0,0,0.0,0,0.0,ok,
000702,1024,768,512x512,512,384,262144,65715,0.25068283,25.0683,0,0.0,0,0.0,0,0.0,1,0.00126139,0,0.0,ok,
000703,3072,2304,512x512,512,384,262144,38218,0.1457901,14.579,1,0.08831462,0,0.0,0,0.0,0,0.0,0,0.0,ok,
000704,1024,768,512x512,512,384,262144,119910,0.45742035,45.742,1,0.10968653,0,0.0,0,0.0,0,0.0,0,0.0,ok,
000705,4288,2848,512x512,512,340,262144,67786,0.25858307,25.8583,1,0.02352626,0,0.0,0,0.0,1,0.01078288,0,0.0,ok,
000706,640,480,512x512,512,384,262144,22859,0.08720016,8.72,0,0.0,0,0.0,0,0.0,0,0.0,1,0.09355469,ok,
000707,6648,4419,512x512,512,340,262144,101740,0.3881073,38.8107,1,0.46036421,0,0.0,0,0.0,1,0.01095515,0,0.0,ok,
000708,4288,2848,512x512,512,340,262144,1244,0.00474548,0.4745,1,0.00863651,0,0.0,0,0.0,0,0.0,0,0.0,ok,
000709,3872,2592,512x512,512,343,262144,4996,0.01905823,1.9058,1,0.00961627,0,0.0,0,0.0,0,0.0,0,0.0,ok,
000710,3024,2016,512x512,512,341,262144,14031,0.05352402,5.3524,1,0.00821356,0,0.0,0,0.0,0,0.0,0,0.0,ok,
000711,3872,2592,512x512,512,343,262144,22233,0.08481216,8.4812,0,0.0,0,0.0,0,0.0,0,0.0,0,0.0,ok,
000712,6642,4421,512x512,512,341,262144,98967,0.37752914,37.7529,1,0.12199444,0,0.0,0,0.0,1,0.00125911,0,0.0,ok,
000713,962,674,512x512,512,359,262144,116235,0.44340134,44.3401,1,0.03829806,0,0.0,0,0.0,1,0.00406701,1,0.04937476,ok,
000714,4288,2848,512x512,512,340,262144,20713,0.07901382,7.9014,0,0.0,0,0.0,0,0.0,0,0.0,0,0.0,ok,
000715,640,480,512x512,512,384,262144,20198,0.07704926,7.7049,1,0.07598958,0,0.0,0,0.0,0,0.0,0,0.0,ok,
000716,6662,4440,512x512,512,341,262144,100824,0.38461304,38.4613,0,0.0,0,0.0,0,0.0,0,0.0,0,0.0,ok,
000717,3872,2592,512x512,512,343,262144,6812,0.02598572,2.5986,1,0.00447808,0,0.0,0,0.0,1,0.00399164,0,0.0,ok,
000718,640,480,512x512,512,384,262144,6995,0.02668381,2.6684,1,0.03065104,0,0.0,0,0.0,0,0.0,0,0.0,ok,
000719,962,674,512x512,512,359,262144,134861,0.51445389,51.4454,1,0.44647032,0,0.0,0,0.0,0,0.0,1,0.00235353,ok,
000720,6648,4419,512x512,512,340,262144,6908,0.02635193,2.6352,1,0.03340845,0,0.0,0,0.0,0,0.0,0,0.0,ok,
000721,6668,4459,512x512,512,342,262144,148438,0.56624603,56.6246,1,0.18675836,1,0.0669594,0,0.0,0,0.0,0,0.0,ok,
000722,6640,4420,512x512,512,341,262144,13303,0.05074692,5.0747,1,0.03140806,0,0.0,0,0.0,0,0.0,0,0.0,ok,
000723,3072,2304,512x512,512,384,262144,43924,0.16755676,16.7557,1,0.00477685,0,0.0,0,0.0,0,0.0,0,0.0,ok,
000724,640,480,512x512,512,384,262144,106860,0.40763855,40.7639,1,0.08798828,0,0.0,0,0.0,0,0.0,1,0.01205729,ok,
000725,6681,4441,512x512,512,340,262144,47279,0.18035507,18.0355,0,0.0,0,0.0,0,0.0,0,0.0,0,0.0,ok,
000726,1024,768,512x512,512,384,262144,119430,0.45558929,45.5589,0,0.0,0,0.0,0,0.0,0,0.0,1,0.03552628,ok,
000727,6601,4382,512x512,512,340,262144,65468,0.2497406,24.9741,0,0.0,0,0.0,0,0.0,0,0.0,1,0.1545619,ok,
000728,4288,2848,512x512,512,340,262144,69900,0.26664734,26.6647,1,0.03168587,0,0.0,0,0.0,1,0.00223702,0,0.0,ok,
000729,3872,2592,512x512,512,343,262144,29629,0.11302567,11.3026,0,0.0,0,0.0,0,0.0,0,0.0,0,0.0,ok,
000730,3072,2304,512x512,512,384,262144,8456,0.03225708,3.2257,0,0.0,0,0.0,0,0.0,0,0.0,0,0.0,ok,
000731,4288,2848,512x512,512,340,262144,5184,0.01977539,1.9775,0,0.0,0,0.0,0,0.0,0,0.0,0,0.0,ok,
000732,1504,1129,512x512,512,384,262144,100274,0.38251495,38.2515,1,0.27346621,0,0.0,0,0.0,0,0.0,1,0.0114781,ok,
000733,6662,4422,512x512,512,340,262144,43602,0.16632843,16.6328,1,0.073434,0,0.0,0,0.0,0,0.0,1,0.03921999,ok,
000734,4288,2848,512x512,512,340,262144,5894,0.02248383,2.2484,0,0.0,0,0.0,0,0.0,1,0.00488887,0,0.0,ok,
000735,640,480,512x512,512,384,262144,21381,0.08156204,8.1562,1,0.08313151,0,0.0,0,0.0,0,0.0,0,0.0,ok,
000736,1024,768,512x512,512,384,262144,69749,0.26607132,26.6071,1,0.09900157,0,0.0,0,0.0,0,0.0,0,0.0,ok,
000737,3072,2304,512x512,512,384,262144,12908,0.04924011,4.924,1,0.01236979,0,0.0,0,0.0,0,0.0,1,0.01585402,ok,
000738,1504,1129,512x512,512,384,262144,97780,0.3730011,37.3001,1,0.14989729,0,0.0,0,0.0,0,0.0,0,0.0,ok,
000739,1024,768,512x512,512,384,262144,31634,0.12067413,12.0674,0,0.0,1,0.00631332,0,0.0,0,0.0,0,0.0,ok,
000740,4288,2848,512x512,512,340,262144,8339,0.03181076,3.1811,0,0.0,0,0.0,0,0.0,0,0.0,1,0.00937741,ok,
000741,2048,1536,512x512,512,384,262144,77465,0.29550552,29.5506,1,0.35118198,0,0.0,1,0.00871277,0,0.0,1,0.01978683,ok,
000742,2048,1536,512x512,512,384,262144,88016,0.33575439,33.5754,1,0.11066087,0,0.0,0,0.0,0,0.0,0,0.0,ok,
000743,1024,768,512x512,512,384,262144,188275,0.71821213,71.8212,1,0.01114909,0,0.0,0,0.0,0,0.0,0,0.0,ok,
000744,6648,4399,512x512,512,339,262144,53864,0.20547485,20.5475,1,0.18347475,0,0.0,0,0.0,1,0.00686087,1,0.02746477,ok,
000745,1024,768,512x512,512,384,262144,43959,0.16769028,16.769,0,0.0,0,0.0,0,0.0,0,0.0,1,0.12079112,ok,
000746,3072,2304,512x512,512,384,262144,82124,0.3132782,31.3278,0,0.0,0,0.0,0,0.0,0,0.0,0,0.0,ok,
000747,3072,2304,512x512,512,384,262144,17792,0.06787109,6.7871,0,0.0,0,0.0,0,0.0,1,0.0012686,0,0.0,ok,
000748,3008,2000,512x512,512,340,262144,10196,0.03889465,3.8895,0,0.0,0,0.0,0,0.0,1,0.01036669,0,0.0,ok,
000749,3008,2000,512x512,512,340,262144,1220,0.00465393,0.4654,0,0.0,0,0.0,0,0.0,0,0.0,0,0.0,ok,
000750,3872,2592,512x512,512,343,262144,27242,0.10391998,10.392,1,0.0205652,0,0.0,0,0.0,0,0.0,0,0.0,ok,
000751,3872,2592,512x512,512,343,262144,4323,0.01649094,1.6491,0,0.0,0,0.0,0,0.0,1,0.00184731,0,0.0,ok,
000752,6682,4441,512x512,512,340,262144,38090,0.14530182,14.5302,1,0.02823753,0,0.0,0,0.0,0,0.0,0,0.0,ok,
000753,1024,768,512x512,512,384,262144,132163,0.50416183,50.4162,1,0.54689407,0,0.0,0,0.0,1,0.00138474,0,0.0,ok,
000754,1024,768,512x512,512,384,262144,164056,0.62582397,62.5824,1,0.28687795,0,0.0,0,0.0,1,0.01907349,1,0.01125971,ok,
000755,919,802,512x512,512,447,262144,42832,0.16339111,16.3391,0,0.0,0,0.0,0,0.0,0,0.0,0,0.0,ok,
000756,3024,2016,512x512,512,341,262144,8130,0.03101349,3.1013,0,0.0,0,0.0,0,0.0,0,0.0,0,0.0,ok,
000757,1024,768,512x512,512,384,262144,166041,0.63339615,63.3396,1,0.04981105,0,0.0,0,0.0,0,0.0,0,0.0,ok,
000758,3008,2000,512x512,512,340,262144,8072,0.03079224,3.0792,1,0.01198438,0,0.0,0,0.0,0,0.0,0,0.0,ok,
000759,4288,2848,512x512,512,340,262144,84204,0.32121277,32.1213,0,0.0,0,0.0,0,0.0,1,0.00334681,0,0.0,ok,
000760,1024,768,512x512,512,384,262144,81280,0.31005859,31.0059,0,0.0,1,0.02835973,0,0.0,1,0.01443481,1,0.02261734,ok,
000761,4288,2848,512x512,512,340,262144,10164,0.03877258,3.8773,0,0.0,0,0.0,0,0.0,0,0.0,0,0.0,ok,
000762,3008,2000,512x512,512,340,262144,6274,0.02393341,2.3933,1,0.00933029,1,0.00121443,0,0.0,0,0.0,0,0.0,ok,
000763,3872,2592,512x512,512,343,262144,2259,0.0086174,0.8617,0,0.0,0,0.0,0,0.0,0,0.0,0,0.0,ok,
000764,640,480,512x512,512,384,262144,20466,0.07807159,7.8072,1,0.05442057,0,0.0,0,0.0,0,0.0,1,0.03274089,ok,
000765,3072,2304,512x512,512,384,262144,22856,0.08718872,8.7189,1,0.00330777,1,0.00389989,0,0.0,0,0.0,0,0.0,ok,
000766,3072,2304,512x512,512,384,262144,42164,0.1608429,16.0843,1,0.12154035,0,0.0,0,0.0,1,0.00107899,0,0.0,ok,
000767,4288,2848,512x512,512,340,262144,7560,0.02883911,2.8839,0,0.0,0,0.0,0,0.0,1,0.00437955,0,0.0,ok,
000768,6708,4459,512x512,512,340,262144,48482,0.18494415,18.4944,1,0.02541883,0,0.0,0,0.0,0,0.0,0,0.0,ok,
000769,6688,4399,512x512,512,337,262144,11084,0.0422821,4.2282,1,0.04251031,0,0.0,0,0.0,0,0.0,0,0.0,ok,
000770,3072,2304,512x512,512,384,262144,27368,0.10440063,10.4401,1,0.04040965,0,0.0,0,0.0,0,0.0,0,0.0,ok,
000771,919,802,512x512,512,447,262144,62302,0.23766327,23.7663,0,0.0,0,0.0,1,0.00297678,0,0.0,1,0.00480844,ok,
000772,6642,4422,512x512,512,341,262144,24124,0.09202576,9.2026,1,0.05842091,0,0.0,0,0.0,0,0.0,0,0.0,ok,
000773,1024,768,512x512,512,384,262144,27631,0.1054039,10.5404,1,0.00490316,0,0.0,0,0.0,1,0.01111348,1,0.04055786,ok,
000774,4288,2848,512x512,512,340,262144,13030,0.04970551,4.9706,0,0.0,0,0.0,0,0.0,0,0.0,0,0.0,ok,
000775,6681,4422,512x512,512,339,262144,151281,0.57709122,57.7091,1,0.07550469,1,0.03135592,0,0.0,0,0.0,1,0.02124493,ok,
000776,640,480,512x512,512,384,262144,37318,0.14235687,14.2357,0,0.0,0,0.0,1,0.00791667,0,0.0,1,0.00338867,ok,
000777,3008,2000,512x512,512,340,262144,9246,0.03527069,3.5271,0,0.0,0,0.0,0,0.0,0,0.0,0,0.0,ok,
000778,640,480,512x512,512,384,262144,38468,0.14674377,14.6744,1,0.06121419,0,0.0,0,0.0,0,0.0,0,0.0,ok,
000779,1504,1129,512x512,512,384,262144,121422,0.46318817,46.3188,1,0.06883268,1,0.00471433,0,0.0,0,0.0,1,0.0304791,ok,
000780,3072,2304,512x512,512,384,262144,97517,0.37199783,37.1998,1,0.06959477,0,0.0,0,0.0,0,0.0,1,0.04465923,ok,
000781,3024,2016,512x512,512,341,262144,18664,0.07119751,7.1198,0,0.0,0,0.0,0,0.0,0,0.0,0,0.0,ok,
000782,824,719,512x512,512,447,262144,98175,0.3745079,37.4508,1,0.22082146,0,0.0,0,0.0,0,0.0,0,0.0,ok,
000783,4288,2848,512x512,512,340,262144,63424,0.24194336,24.1943,1,0.26432859,0,0.0,0,0.0,1,0.01307772,0,0.0,ok,
000784,6668,4459,512x512,512,342,262144,24924,0.09507751,9.5078,0,0.0,0,0.0,0,0.0,0,0.0,1,0.01641464,ok,
000785,3872,2592,512x512,512,343,262144,29687,0.11324692,11.3247,0,0.0,0,0.0,0,0.0,0,0.0,0,0.0,ok,
000786,3008,2000,512x512,512,340,262144,9470,0.03612518,3.6125,1,0.01767503,0,0.0,0,0.0,1,0.00131732,0,0.0,ok,
000787,3872,2592,512x512,512,343,262144,6276,0.02394104,2.3941,0,0.0,0,0.0,0,0.0,1,0.00123363,0,0.0,ok,
000788,4288,2848,512x512,512,340,262144,17928,0.06838989,6.839,1,0.01008621,0,0.0,0,0.0,1,0.00124425,0,0.0,ok,
000789,3008,2000,512x512,512,340,262144,29803,0.11368942,11.3689,1,0.01012517,0,0.0,0,0.0,1,0.01178657,0,0.0,ok,
000790,6682,4441,512x512,512,340,262144,126668,0.48320007,48.32,1,0.37155021,0,0.0,0,0.0,0,0.0,0,0.0,ok,
000791,640,480,512x512,512,384,262144,44366,0.16924286,16.9243,1,0.08393555,0,0.0,0,0.0,0,0.0,0,0.0,ok,
000792,3072,2304,512x512,512,384,262144,93827,0.3579216,35.7922,1,0.08291061,0,0.0,0,0.0,0,0.0,0,0.0,ok,
000793,1024,768,512x512,512,384,262144,79048,0.30154419,30.1544,1,0.09676361,0,0.0,0,0.0,0,0.0,0,0.0,ok,
000794,1024,768,512x512,512,384,262144,58826,0.22440338,22.4403,1,0.05844752,0,0.0,0,0.0,0,0.0,0,0.0,ok,
000795,6662,4441,512x512,512,341,262144,55194,0.2105484,21.0548,1,0.10979093,0,0.0,0,0.0,0,0.0,1,0.00879174,ok,
000796,962,674,512x512,512,359,262144,90351,0.34466171,34.4662,1,0.16181052,0,0.0,1,0.01128337,0,0.0,0,0.0,ok,
000797,3008,2000,512x512,512,340,262144,7300,0.02784729,2.7847,1,0.04542653,0,0.0,0,0.0,0,0.0,0,0.0,ok,
000798,1024,768,512x512,512,384,262144,40600,0.15487671,15.4877,0,0.0,0,0.0,0,0.0,0,0.0,1,0.02843221,ok,
000799,6641,4400,512x512,512,339,262144,17984,0.06860352,6.8604,1,0.01507235,0,0.0,0,0.0,1,0.00127079,0,0.0,ok,
000800,3072,2304,512x512,512,384,262144,46220,0.17631531,17.6315,1,0.06976714,0,0.0,0,0.0,0,0.0,0,0.0,ok,
000801,4288,2848,512x512,512,340,262144,47451,0.1810112,18.1011,0,0.0,0,0.0,0,0.0,1,0.00222212,0,0.0,ok,
000802,1024,768,512x512,512,384,262144,67919,0.25909042,25.909,1,0.03326797,0,0.0,0,0.0,0,0.0,1,0.02270381,ok,
000803,1024,768,512x512,512,384,262144,17229,0.06572342,6.5723,1,0.01248042,0,0.0,0,0.0,1,0.00223033,1,0.03193792,ok,
000804,3072,2304,512x512,512,384,262144,57943,0.221035,22.1035,0,0.0,0,0.0,0,0.0,0,0.0,0,0.0,ok,
000805,640,480,512x512,512,384,262144,15727,0.05999374,5.9994,1,0.04814779,0,0.0,0,0.0,0,0.0,0,0.0,ok,
000806,4288,2848,512x512,512,340,262144,18060,0.06889343,6.8893,0,0.0,0,0.0,0,0.0,0,0.0,0,0.0,ok,
000807,3008,2000,512x512,512,340,262144,14276,0.05445862,5.4459,0,0.0,0,0.0,0,0.0,0,0.0,0,0.0,ok,
000808,767,576,512x512,512,385,262144,77805,0.29680252,29.6803,1,0.02064094,0,0.0,0,0.0,0,0.0,0,0.0,ok,
000809,640,480,512x512,512,384,262144,157188,0.59962463,59.9625,1,0.33059245,0,0.0,0,0.0,0,0.0,0,0.0,ok,
000810,963,629,512x512,512,334,262144,57039,0.21758652,21.7587,1,0.03909187,0,0.0,0,0.0,0,0.0,0,0.0,ok,
000811,2592,1936,512x512,512,382,262144,75444,0.28779602,28.7796,0,0.0,0,0.0,0,0.0,1,0.0082545,0,0.0,ok,
000812,1024,768,512x512,512,384,262144,46440,0.17715454,17.7155,1,0.00973384,0,0.0,0,0.0,1,0.00380198,0,0.0,ok,
000813,6661,4421,512x512,512,340,262144,35808,0.13659668,13.6597,1,0.07993394,0,0.0,0,0.0,0,0.0,0,0.0,ok,
000814,3008,2000,512x512,512,340,262144,4671,0.01781845,1.7818,1,0.00529538,0,0.0,0,0.0,0,0.0,0,0.0,ok,
000815,3072,2304,512x512,512,384,262144,20624,0.07867432,7.8674,1,0.01916928,0,0.0,0,0.0,1,0.00097218,0,0.0,ok,
000816,2592,1944,512x512,512,384,262144,17984,0.06860352,6.8604,1,0.04224577,0,0.0,0,0.0,0,0.0,0,0.0,ok,
000817,3072,2304,512x512,512,384,262144,52196,0.19911194,19.9112,1,0.0109349,0,0.0,0,0.0,0,0.0,0,0.0,ok,
000818,3008,2000,512x512,512,340,262144,5548,0.02116394,2.1164,1,0.00089977,0,0.0,0,0.0,1,0.00236586,0,0.0,ok,
000819,1504,1129,512x512,512,384,262144,129062,0.49233246,49.2332,1,0.49190231,0,0.0,0,0.0,0,0.0,1,0.01101344,ok,
000820,3008,2000,512x512,512,340,262144,1348,0.00514221,0.5142,0,0.0,0,0.0,0,0.0,0,0.0,0,0.0,ok,
000821,4288,2848,512x512,512,340,262144,8124,0.0309906,3.0991,0,0.0,0,0.0,0,0.0,0,0.0,0,0.0,ok,
000822,1504,1129,512x512,512,384,262144,108790,0.41500092,41.5001,1,0.06877085,0,0.0,0,0.0,0,0.0,1,0.0255987,ok,
000823,4288,2848,512x512,512,340,262144,7452,0.02842712,2.8427,0,0.0,0,0.0,0,0.0,0,0.0,0,0.0,ok,
000824,3008,2000,512x512,512,340,262144,5046,0.01924896,1.9249,1,0.02519764,0,0.0,0,0.0,0,0.0,0,0.0,ok,
000825,3008,2000,512x512,512,340,262144,6113,0.02331924,2.3319,0,0.0,0,0.0,0,0.0,0,0.0,1,0.00511336,ok,
000826,3008,2000,512x512,512,340,262144,9412,0.03590393,3.5904,1,0.02377443,0,0.0,0,0.0,1,0.00379538,0,0.0,ok,
000827,6642,4401,512x512,512,339,262144,29599,0.11291122,11.2911,1,0.03770262,0,0.0,0,0.0,0,0.0,0,0.0,ok,
000828,6668,4439,512x512,512,341,262144,16063,0.06127548,6.1275,0,0.0,0,0.0,0,0.0,0,0.0,1,0.01518954,ok,
000829,6628,4419,512x512,512,341,262144,98813,0.37694168,37.6942,0,0.0,0,0.0,0,0.0,0,0.0,0,0.0,ok,
000830,1022,767,512x512,512,384,262144,67532,0.25761414,25.7614,1,0.08884974,0,0.0,1,0.00768746,0,0.0,1,0.224346,ok,
000831,3072,2304,512x512,512,384,262144,47864,0.18258667,18.2587,1,0.04661588,0,0.0,0,0.0,0,0.0,0,0.0,ok,
000832,4288,2848,512x512,512,340,262144,2544,0.00970459,0.9705,1,0.00193298,0,0.0,0,0.0,0,0.0,0,0.0,ok,
000833,640,480,512x512,512,384,262144,29741,0.11345291,11.3453,1,0.15090495,0,0.0,0,0.0,0,0.0,0,0.0,ok,
000834,3008,2000,512x512,512,340,262144,15112,0.05764771,5.7648,0,0.0,0,0.0,0,0.0,0,0.0,0,0.0,ok,
000835,6648,4439,512x512,512,342,262144,95276,0.3634491,36.3449,0,0.0,0,0.0,1,0.15671952,0,0.0,0,0.0,ok,
000836,1007,711,512x512,512,362,262144,68508,0.26133728,26.1337,1,0.03199544,0,0.0,0,0.0,1,0.01102549,1,0.01390128,ok,
000837,3872,2592,512x512,512,343,262144,7186,0.02741241,2.7412,1,0.00443125,0,0.0,0,0.0,0,0.0,0,0.0,ok,
000838,3008,2000,512x512,512,340,262144,9984,0.03808594,3.8086,0,0.0,0,0.0,0,0.0,0,0.0,0,0.0,ok,
000839,6621,4420,512x512,512,342,262144,30644,0.11689758,11.6898,1,0.06949515,0,0.0,0,0.0,0,0.0,1,0.0060136,ok,
000840,4288,2848,512x512,512,340,262144,1915,0.00730515,0.7305,1,0.01374041,0,0.0,0,0.0,0,0.0,0,0.0,ok,
000841,1024,768,512x512,512,384,262144,10377,0.03958511,3.9585,0,0.0,0,0.0,0,0.0,0,0.0,0,0.0,ok,
000842,4288,2848,512x512,512,340,262144,14632,0.05581665,5.5817,1,0.0089955,0,0.0,0,0.0,0,0.0,0,0.0,ok,
000843,4288,2848,512x512,512,340,262144,1732,0.00660706,0.6607,0,0.0,0,0.0,0,0.0,0,0.0,1,0.00695967,ok,
000844,1024,768,512x512,512,384,262144,116588,0.44474792,44.4748,1,0.05059052,0,0.0,0,0.0,0,0.0,0,0.0,ok,
000845,4288,2848,512x512,512,340,262144,7504,0.02862549,2.8625,1,0.00538518,0,0.0,0,0.0,0,0.0,1,0.03474723,ok,
000846,1028,753,512x512,512,375,262144,37600,0.14343262,14.3433,0,0.0,0,0.0,0,0.0,0,0.0,0,0.0,ok,
000847,4288,2848,512x512,512,340,262144,5853,0.02232742,2.2327,1,0.01159052,0,0.0,0,0.0,0,0.0,0,0.0,ok,
000848,1024,768,512x512,512,384,262144,10422,0.03975677,3.9757,1,0.02329127,0,0.0,0,0.0,0,0.0,0,0.0,ok,
000849,4288,2848,512x512,512,340,262144,48827,0.18626022,18.626,0,0.0,0,0.0,0,0.0,1,0.00119872,0,0.0,ok,
000850,1024,768,512x512,512,384,262144,165783,0.63241196,63.2412,1,0.27189255,0,0.0,0,0.0,1,0.00843684,0,0.0,ok,
000851,4288,2848,512x512,512,340,262144,32972,0.1257782,12.5778,1,0.01674003,0,0.0,0,0.0,0,0.0,0,0.0,ok,
000852,3024,2016,512x512,512,341,262144,16380,0.06248474,6.2485,0,0.0,0,0.0,0,0.0,0,0.0,0,0.0,ok,
000853,919,802,512x512,512,447,262144,42620,0.1625824,16.2582,1,0.00242457,1,0.00497125,0,0.0,0,0.0,0,0.0,ok,
000854,3024,2016,512x512,512,341,262144,5963,0.02274704,2.2747,0,0.0,0,0.0,0,0.0,0,0.0,1,0.0204098,ok,
000855,1024,768,512x512,512,384,262144,52223,0.19921494,19.9215,1,0.20778656,0,0.0,0,0.0,0,0.0,0,0.0,ok,
000856,4288,2848,512x512,512,340,262144,37885,0.14451981,14.452,1,0.08529896,0,0.0,0,0.0,0,0.0,0,0.0,ok,
000857,3008,2000,512x512,512,340,262144,4035,0.0153923,1.5392,1,0.00207297,0,0.0,0,0.0,0,0.0,0,0.0,ok,
000858,3008,2000,512x512,512,340,262144,24808,0.09463501,9.4635,1,0.00612051,0,0.0,0,0.0,0,0.0,0,0.0,ok,
000859,1504,1129,512x512,512,384,262144,104912,0.40020752,40.0208,0,0.0,0,0.0,0,0.0,0,0.0,0,0.0,ok,
000860,1024,768,512x512,512,384,262144,26148,0.0997467,9.9747,0,0.0,0,0.0,0,0.0,0,0.0,0,0.0,ok,
000861,6688,4439,512x512,512,340,262144,44360,0.16921997,16.922,1,0.22721014,0,0.0,0,0.0,1,0.00114854,0,0.0,ok,
000862,1024,768,512x512,512,384,262144,11967,0.04565048,4.565,1,0.027963,0,0.0,0,0.0,1,0.0013415,0,0.0,ok,
000863,576,768,512x512,384,512,262144,19397,0.07399368,7.3994,1,0.02585856,0,0.0,0,0.0,0,0.0,0,0.0,ok,
000864,4288,2848,512x512,512,340,262144,5424,0.02069092,2.0691,0,0.0,0,0.0,0,0.0,1,0.00375648,0,0.0,ok,
000865,3072,2304,512x512,512,384,262144,65149,0.24852371,24.8524,1,0.00726785,1,0.03125848,0,0.0,0,0.0,0,0.0,ok,
000866,3008,2000,512x512,512,340,262144,2958,0.01128387,1.1284,0,0.0,0,0.0,0,0.0,0,0.0,0,0.0,ok,
000867,2304,1536,512x512,512,341,262144,15108,0.05763245,5.7632,1,0.07843865,0,0.0,0,0.0,1,0.0053304,0,0.0,ok,
000868,6620,4380,512x512,512,339,262144,109314,0.41699982,41.7,0,0.0,0,0.0,0,0.0,0,0.0,0,0.0,ok,
000869,1502,1051,512x512,512,358,262144,171121,0.65277481,65.2775,1,0.43185173,1,0.02185415,0,0.0,0,0.0,0,0.0,ok,
000870,2592,1944,512x512,512,384,262144,40016,0.15264893,15.2649,1,0.01901248,0,0.0,0,0.0,0,0.0,0,0.0,ok,
000871,3072,2304,512x512,512,384,262144,9509,0.03627396,3.6274,0,0.0,0,0.0,0,0.0,1,0.0059474,1,0.00385963,ok,
000872,1024,768,512x512,512,384,262144,127944,0.48806763,48.8068,1,0.02258301,1,0.00448736,0,0.0,0,0.0,0,0.0,ok,
000873,3008,2000,512x512,512,340,262144,2780,0.01060486,1.0605,1,0.00637533,0,0.0,0,0.0,0,0.0,0,0.0,ok,
000874,3024,2016,512x512,512,341,262144,3910,0.01491547,1.4915,0,0.0,0,0.0,0,0.0,0,0.0,1,0.01294603,ok,
000875,640,480,512x512,512,384,262144,107674,0.41074371,41.0744,0,0.0,1,0.05486979,0,0.0,0,0.0,1,0.01932617,ok,
000876,4288,2848,512x512,512,340,262144,6659,0.02540207,2.5402,1,0.00419833,0,0.0,0,0.0,0,0.0,0,0.0,ok,
000877,3072,2304,512x512,512,384,262144,34060,0.12992859,12.9929,1,0.06502886,0,0.0,0,0.0,0,0.0,0,0.0,ok,
000878,919,802,512x512,512,447,262144,111902,0.42687225,42.6872,1,0.21650715,0,0.0,0,0.0,1,0.01696113,1,0.02164068,ok,
000879,3072,2304,512x512,512,384,262144,26012,0.09922791,9.9228,0,0.0,0,0.0,0,0.0,1,0.02831862,0,0.0,ok,
000880,3008,2000,512x512,512,340,262144,2048,0.0078125,0.7812,0,0.0,0,0.0,0,0.0,0,0.0,0,0.0,ok,
000881,3008,2000,512x512,512,340,262144,7320,0.02792358,2.7924,1,0.0209641,0,0.0,0,0.0,1,0.00652261,0,0.0,ok,
000882,3008,2000,512x512,512,340,262144,49983,0.19067001,19.067,1,0.00943767,1,0.06661303,0,0.0,1,0.01953491,0,0.0,ok,
000883,1011,713,512x512,512,361,262144,44181,0.16853714,16.8537,0,0.0,0,0.0,0,0.0,0,0.0,1,0.17187793,ok,
000884,640,480,512x512,512,384,262144,53893,0.20558548,20.5585,1,0.22009115,0,0.0,0,0.0,0,0.0,0,0.0,ok,
000885,3072,2304,512x512,512,384,262144,69298,0.26435089,26.4351,0,0.0,0,0.0,0,0.0,1,0.06230051,0,0.0,ok,
000886,1024,768,512x512,512,384,262144,34555,0.13181686,13.1817,1,0.0251592,0,0.0,0,0.0,1,0.00132497,1,0.02217611,ok,
000887,3872,2592,512x512,512,343,262144,12108,0.04618835,4.6188,1,0.03738647,0,0.0,0,0.0,1,0.00125426,0,0.0,ok,
000888,3008,2000,512x512,512,340,262144,3088,0.01177979,1.178,1,0.0022357,0,0.0,0,0.0,0,0.0,0,0.0,ok,
000889,3008,2000,512x512,512,340,262144,29200,0.11138916,11.1389,1,0.05810173,1,0.03175266,0,0.0,0,0.0,0,0.0,ok,
000890,3072,2304,512x512,512,384,262144,50156,0.19132996,19.133,0,0.0,0,0.0,0,0.0,1,0.01413317,0,0.0,ok,
000891,4288,2848,512x512,512,340,262144,18520,0.07064819,7.0648,0,0.0,0,0.0,0,0.0,1,0.00654893,0,0.0,ok,
000892,767,576,512x512,512,385,262144,45806,0.17473602,17.4736,1,0.02593755,0,0.0,0,0.0,0,0.0,1,0.0403312,ok,
000893,3072,2304,512x512,512,384,262144,26624,0.1015625,10.1562,1,0.02867932,0,0.0,0,0.0,0,0.0,1,0.01563206,ok,
000894,4288,2848,512x512,512,340,262144,11068,0.04222107,4.2221,0,0.0,0,0.0,0,0.0,1,0.00863422,0,0.0,ok,
000895,6600,4401,512x512,512,341,262144,119678,0.45653534,45.6535,0,0.0,0,0.0,0,0.0,0,0.0,0,0.0,ok,
000896,1504,1129,512x512,512,384,262144,50624,0.19311523,19.3115,1,0.20152048,0,0.0,0,0.0,0,0.0,1,0.02057813,ok,
000897,4288,2848,512x512,512,340,262144,13672,0.05215454,5.2155,0,0.0,0,0.0,0,0.0,1,0.00321424,0,0.0,ok,
000898,1022,767,512x512,512,384,262144,25743,0.09820175,9.8202,1,0.02569546,0,0.0,0,0.0,0,0.0,1,0.04939825,ok,
000899,6601,4401,512x512,512,341,262144,124483,0.47486496,47.4865,0,0.0,0,0.0,0,0.0,1,0.05882589,0,0.0,ok,
000900,3072,2304,512x512,512,384,262144,44655,0.17034531,17.0345,1,0.05663822,0,0.0,0,0.0,0,0.0,0,0.0,ok,
000901,919,802,512x512,512,447,262144,53323,0.2034111,20.3411,0,0.0,0,0.0,0,0.0,0,0.0,0,0.0,ok,
000902,1504,1129,512x512,512,384,262144,55455,0.21154404,21.1544,1,0.02152924,0,0.0,0,0.0,0,0.0,0,0.0,ok,
000903,3072,2304,512x512,512,384,262144,57416,0.21902466,21.9025,0,0.0,0,0.0,0,0.0,1,0.00244748,0,0.0,ok,
000904,1024,768,512x512,512,384,262144,98509,0.37578201,37.5782,1,0.0465215,0,0.0,0,0.0,1,0.00820923,0,0.0,ok,
000905,6688,4439,512x512,512,340,262144,128519,0.49026108,49.0261,1,0.02077689,0,0.0,0,0.0,0,0.0,0,0.0,ok,
000906,3072,2304,512x512,512,384,262144,128588,0.49052429,49.0524,1,0.3489411,0,0.0,0,0.0,0,0.0,1,0.01144197,ok,
000907,4288,2848,512x512,512,340,262144,11797,0.04500198,4.5002,1,0.00242683,0,0.0,0,0.0,0,0.0,0,0.0,ok,
000908,3072,2304,512x512,512,384,262144,96515,0.36817551,36.8176,0,0.0,0,0.0,0,0.0,0,0.0,0,0.0,ok,
000909,6642,4422,512x512,512,341,262144,38356,0.14631653,14.6317,1,0.08873541,0,0.0,0,0.0,0,0.0,0,0.0,ok,
000910,6708,4439,512x512,512,339,262144,66176,0.25244141,25.2441,1,0.08143105,0,0.0,0,0.0,0,0.0,0,0.0,ok,
000911,3072,2304,512x512,512,384,262144,16724,0.063797,6.3797,0,0.0,0,0.0,0,0.0,0,0.0,1,0.00973327,ok,
000912,3008,2000,512x512,512,340,262144,13560,0.05172729,5.1727,1,0.0058642,0,0.0,0,0.0,0,0.0,0,0.0,ok,
000913,2048,1536,512x512,512,384,262144,43280,0.1651001,16.51,0,0.0,0,0.0,1,0.04970709,0,0.0,1,0.00905577,ok,
000914,1024,768,512x512,512,384,262144,193292,0.73735046,73.735,0,0.0,1,0.0644811,0,0.0,1,0.00710042,1,0.12548574,ok,
000915,1474,1028,512x512,512,357,262144,43900,0.16746521,16.7465,0,0.0,0,0.0,0,0.0,0,0.0,0,0.0,ok,
000916,640,480,512x512,512,384,262144,31763,0.12116623,12.1166,1,0.03145508,0,0.0,0,0.0,0,0.0,0,0.0,ok,
000917,2048,1536,512x512,512,384,262144,44000,0.16784668,16.7847,1,0.00300535,0,0.0,0,0.0,0,0.0,1,0.00800133,ok,
000918,1504,1129,512x512,512,384,262144,85129,0.32474136,32.4741,1,0.2341091,0,0.0,0,0.0,0,0.0,0,0.0,ok,
000919,4288,2848,512x512,512,340,262144,4816,0.01837158,1.8372,1,0.01081007,0,0.0,0,0.0,0,0.0,0,0.0,ok,
000920,1024,768,512x512,512,384,262144,82426,0.31443024,31.443,1,0.17939377,0,0.0,0,0.0,1,0.01870982,0,0.0,ok,
000921,1024,768,512x512,512,384,262144,62688,0.23913574,23.9136,1,0.06748962,0,0.0,0,0.0,0,0.0,1,0.00347773,ok,
000922,3008,2000,512x512,512,340,262144,76077,0.29021072,29.0211,0,0.0,0,0.0,0,0.0,1,0.06588564,0,0.0,ok,
000923,2048,1536,512x512,512,384,262144,101858,0.38855743,38.8557,1,0.00212065,0,0.0,0,0.0,0,0.0,0,0.0,ok,
000924,6648,4439,512x512,512,342,262144,108477,0.41380692,41.3807,0,0.0,0,0.0,0,0.0,0,0.0,1,0.02532958,ok,
000925,640,480,512x512,512,384,262144,29969,0.11432266,11.4323,0,0.0,0,0.0,0,0.0,0,0.0,0,0.0,ok,
000926,6608,4419,512x512,512,342,262144,96080,0.36651611,36.6516,1,0.02443776,1,0.06460628,0,0.0,0,0.0,0,0.0,ok,
000927,2592,1944,512x512,512,384,262144,38384,0.14642334,14.6423,1,0.05177354,0,0.0,0,0.0,1,0.00081904,0,0.0,ok,
000928,640,480,512x512,512,384,262144,93975,0.35848618,35.8486,1,0.12205404,0,0.0,0,0.0,0,0.0,0,0.0,ok,
000929,640,480,512x512,512,384,262144,111958,0.42708588,42.7086,0,0.0,0,0.0,0,0.0,0,0.0,0,0.0,ok,
000930,4288,2848,512x512,512,340,262144,3060,0.01167297,1.1673,1,0.00980264,0,0.0,0,0.0,0,0.0,0,0.0,ok,
000931,6622,4421,512x512,512,342,262144,45288,0.17276001,17.276,1,0.14829931,0,0.0,0,0.0,0,0.0,1,0.00392122,ok,
000932,3024,2016,512x512,512,341,262144,12957,0.04942703,4.9427,0,0.0,0,0.0,0,0.0,1,0.0022018,0,0.0,ok,
000933,6668,4459,512x512,512,342,262144,32575,0.12426376,12.4264,1,0.1413561,0,0.0,1,0.01302731,0,0.0,0,0.0,ok,
000934,640,480,512x512,512,384,262144,27952,0.10662842,10.6628,1,0.06032878,0,0.0,0,0.0,0,0.0,0,0.0,ok,
000935,1024,768,512x512,512,384,262144,86803,0.33112717,33.1127,1,0.09851837,0,0.0,0,0.0,1,0.00137456,0,0.0,ok,
000936,2048,1536,512x512,512,384,262144,8988,0.0342865,3.4286,0,0.0,0,0.0,0,0.0,0,0.0,0,0.0,ok,
000937,824,719,512x512,512,447,262144,121708,0.46427917,46.4279,1,0.01271149,0,0.0,0,0.0,0,0.0,0,0.0,ok,
000938,6621,4411,512x512,512,341,262144,149333,0.56966019,56.966,0,0.0,0,0.0,0,0.0,1,0.26168203,0,0.0,ok,
000939,1024,768,512x512,512,384,262144,12412,0.04734802,4.7348,0,0.0,0,0.0,0,0.0,0,0.0,1,0.01194127,ok,
000940,640,480,512x512,512,384,262144,35974,0.13722992,13.723,1,0.06027995,0,0.0,0,0.0,0,0.0,0,0.0,ok,
000941,640,480,512x512,512,384,262144,64049,0.24432755,24.4328,0,0.0,0,0.0,0,0.0,0,0.0,1,0.02995117,ok,
000942,3008,2000,512x512,512,340,262144,23128,0.08822632,8.8226,0,0.0,0,0.0,0,0.0,0,0.0,0,0.0,ok,
000943,3024,2016,512x512,512,341,262144,30772,0.11738586,11.7386,1,0.02324296,0,0.0,0,0.0,1,0.00137278,1,0.09574512,ok,
000944,1024,768,512x512,512,384,262144,65913,0.25143814,25.1438,0,0.0,0,0.0,0,0.0,0,0.0,0,0.0,ok,
000945,6668,4439,512x512,512,341,262144,46460,0.17723083,17.7231,1,0.01800566,1,0.03957336,0,0.0,0,0.0,1,0.05464912,ok,
000946,6668,4459,512x512,512,342,262144,49405,0.18846512,18.8465,1,0.16405528,0,0.0,0,0.0,0,0.0,0,0.0,ok,
000947,6661,4441,512x512,512,341,262144,117989,0.45009232,45.0092,1,0.53060482,0,0.0,0,0.0,0,0.0,0,0.0,ok,
000948,6682,4401,512x512,512,337,262144,32672,0.12463379,12.4634,1,0.14311817,0,0.0,0,0.0,1,0.00679477,0,0.0,ok,
000949,3072,2304,512x512,512,384,262144,15272,0.05825806,5.8258,0,0.0,0,0.0,0,0.0,0,0.0,1,0.04604834,ok,
000950,3072,2304,512x512,512,384,262144,5816,0.02218628,2.2186,1,0.00332755,0,0.0,0,0.0,0,0.0,0,0.0,ok,
000951,2048,1536,512x512,512,384,262144,50163,0.19135666,19.1357,1,0.08368651,0,0.0,0,0.0,0,0.0,0,0.0,ok,
000952,4288,2848,512x512,512,340,262144,7216,0.02752686,2.7527,1,0.00509227,0,0.0,0,0.0,0,0.0,0,0.0,ok,
000953,1024,768,512x512,512,384,262144,24287,0.09264755,9.2648,1,0.01980082,0,0.0,0,0.0,0,0.0,0,0.0,ok,
000954,1901,1933,512x512,504,512,262144,151752,0.57888794,57.8888,1,0.01388302,1,0.09928774,0,0.0,0,0.0,0,0.0,ok,
000955,6607,4399,512x512,512,341,262144,26846,0.10240936,10.2409,1,0.01046951,0,0.0,0,0.0,0,0.0,0,0.0,ok,
000956,1227,1149,512x512,512,479,262144,50961,0.19440079,19.4401,1,0.10275474,0,0.0,0,0.0,0,0.0,0,0.0,ok,
000957,4288,2848,512x512,512,340,262144,6942,0.02648163,2.6482,0,0.0,0,0.0,0,0.0,0,0.0,0,0.0,ok,
000958,824,719,512x512,512,447,262144,116871,0.44582748,44.5827,1,0.21503707,0,0.0,0,0.0,0,0.0,0,0.0,ok,
000959,6668,4439,512x512,512,341,262144,30005,0.11445999,11.446,0,0.0,0,0.0,0,0.0,0,0.0,1,0.04826568,ok,
000960,2592,1944,512x512,512,384,262144,73100,0.27885437,27.8854,1,0.09929293,1,0.03895771,0,0.0,0,0.0,0,0.0,ok,
000961,4288,2848,512x512,512,340,262144,8808,0.03359985,3.36,0,0.0,0,0.0,0,0.0,1,0.00493637,0,0.0,ok,
000962,3008,2000,512x512,512,340,262144,22909,0.0873909,8.7391,0,0.0,0,0.0,0,0.0,1,0.00145312,0,0.0,ok,
000963,3872,2592,512x512,512,343,262144,16569,0.06320572,6.3206,1,0.00931954,0,0.0,0,0.0,0,0.0,0,0.0,ok,
000964,6668,4439,512x512,512,341,262144,20327,0.07754135,7.7541,1,0.00824213,0,0.0,0,0.0,0,0.0,1,0.00486114,ok,
000965,4288,2848,512x512,512,340,262144,92717,0.35368729,35.3687,0,0.0,0,0.0,0,0.0,0,0.0,0,0.0,ok,
000966,1024,768,512x512,512,384,262144,155460,0.59303284,59.3033,0,0.0,0,0.0,0,0.0,0,0.0,0,0.0,ok,
000967,640,480,512x512,512,384,262144,94362,0.35996246,35.9962,1,0.19835938,0,0.0,0,0.0,0,0.0,0,0.0,ok,
000968,1024,768,512x512,512,384,262144,48007,0.18313217,18.3132,1,0.00144323,0,0.0,0,0.0,1,0.00225449,0,0.0,ok,
000969,1024,768,512x512,512,384,262144,40695,0.15523911,15.5239,1,0.1858902,0,0.0,0,0.0,0,0.0,0,0.0,ok,
000970,4288,2848,512x512,512,340,262144,24688,0.09417725,9.4177,1,0.0108009,0,0.0,0,0.0,1,0.00416918,0,0.0,ok,
000971,1024,768,512x512,512,384,262144,10266,0.03916168,3.9162,1,0.00681941,0,0.0,0,0.0,0,0.0,0,0.0,ok,
000972,3072,2304,512x512,512,384,262144,12635,0.0481987,4.8199,1,0.01630091,0,0.0,0,0.0,0,0.0,0,0.0,ok,
000973,1024,768,512x512,512,384,262144,58340,0.22254944,22.2549,0,0.0,0,0.0,0,0.0,1,0.01816432,0,0.0,ok,
000974,3008,2000,512x512,512,340,262144,5937,0.02264786,2.2648,0,0.0,0,0.0,0,0.0,0,0.0,0,0.0,ok,
000975,1024,768,512x512,512,384,262144,23418,0.08933258,8.9333,0,0.0,0,0.0,0,0.0,1,0.00336583,1,0.05982717,ok,
000976,1658,1440,512x512,512,445,262144,73540,0.28053284,28.0533,0,0.0,0,0.0,0,0.0,0,0.0,0,0.0,ok,
000977,1024,768,512x512,512,384,262144,35290,0.13462067,13.4621,0,0.0,1,0.04270935,0,0.0,1,0.00146612,1,0.04907099,ok,
000978,3072,2304,512x512,512,384,262144,105356,0.40190125,40.1901,1,0.25992655,0,0.0,0,0.0,0,0.0,0,0.0,ok,
000979,3008,2000,512x512,512,340,262144,17412,0.06642151,6.6422,1,0.07550216,0,0.0,0,0.0,0,0.0,0,0.0,ok,
000980,640,480,512x512,512,384,262144,38065,0.14520645,14.5206,1,0.00914714,0,0.0,0,0.0,0,0.0,0,0.0,ok,
000981,4288,2848,512x512,512,340,262144,55543,0.21187973,21.188,0,0.0,0,0.0,0,0.0,1,0.02024644,0,0.0,ok,
000982,6622,4421,512x512,512,342,262144,28688,0.10943604,10.9436,1,0.02837997,0,0.0,0,0.0,1,0.01046528,0,0.0,ok,
000983,4288,2848,512x512,512,340,262144,19932,0.07603455,7.6035,0,0.0,0,0.0,0,0.0,1,0.01750877,0,0.0,ok,
000984,640,480,512x512,512,384,262144,25363,0.09675217,9.6752,0,0.0,1,0.03107422,0,0.0,0,0.0,0,0.0,ok,
000985,3072,2304,512x512,512,384,262144,141160,0.53848267,53.8483,0,0.0,1,0.07413511,0,0.0,1,0.00360362,0,0.0,ok,
000986,640,480,512x512,512,384,262144,125821,0.47996902,47.9969,1,0.13831706,0,0.0,0,0.0,0,0.0,0,0.0,ok,
000987,640,480,512x512,512,384,262144,35137,0.13403702,13.4037,1,0.07277018,0,0.0,0,0.0,0,0.0,0,0.0,ok,
000988,1024,768,512x512,512,384,262144,21074,0.08039093,8.0391,1,0.07038879,0,0.0,0,0.0,0,0.0,0,0.0,ok,
000989,4288,2848,512x512,512,340,262144,10529,0.04016495,4.0165,0,0.0,0,0.0,0,0.0,0,0.0,0,0.0,ok,
000990,919,802,512x512,512,447,262144,75195,0.28684616,28.6846,1,0.20074813,0,0.0,0,0.0,0,0.0,0,0.0,ok,
000991,1024,768,512x512,512,384,262144,77255,0.29470444,29.4704,1,0.31288147,0,0.0,0,0.0,0,0.0,0,0.0,ok,
000992,4288,2848,512x512,512,340,262144,4648,0.01773071,1.7731,1,0.01725599,0,0.0,0,0.0,0,0.0,0,0.0,ok,
000993,3072,2304,512x512,512,384,262144,36548,0.13941956,13.942,0,0.0,0,0.0,0,0.0,0,0.0,1,0.01613659,ok,
000994,3008,2000,512x512,512,340,262144,8816,0.03363037,3.363,0,0.0,0,0.0,0,0.0,1,0.00200499,0,0.0,ok,
000995,2048,1536,512x512,512,384,262144,27909,0.10646439,10.6464,1,0.05843767,1,0.02187697,0,0.0,0,0.0,0,0.0,ok,
000996,1024,768,512x512,512,384,262144,16086,0.06136322,6.1363,1,0.00142288,0,0.0,0,0.0,1,0.00105921,1,0.03738658,ok,
000997,767,576,512x512,512,385,262144,74583,0.28451157,28.4512,1,0.04383058,0,0.0,0,0.0,0,0.0,1,0.07361156,ok,
000998,6661,4421,512x512,512,340,262144,95505,0.36432266,36.4323,0,0.0,0,0.0,0,0.0,0,0.0,0,0.0,ok,
000999,4288,2848,512x512,512,340,262144,3776,0.0144043,1.4404,1,0.01354782,0,0.0,0,0.0,0,0.0,0,0.0,ok,
001000,3872,2592,512x512,512,343,262144,18900,0.07209778,7.2098,0,0.0,0,0.0,0,0.0,1,0.00211115,1,0.04003458,ok,
001001,1024,768,512x512,512,384,262144,24885,0.09492874,9.4929,0,0.0,0,0.0,0,0.0,0,0.0,0,0.0,ok,
001002,4288,2848,512x512,512,340,262144,11108,0.04237366,4.2374,0,0.0,1,0.0226207,0,0.0,0,0.0,0,0.0,ok,
001003,3024,2016,512x512,512,341,262144,8757,0.0334053,3.3405,0,0.0,0,0.0,0,0.0,1,0.00110278,0,0.0,ok,
001004,1024,768,512x512,512,384,262144,31883,0.12162399,12.1624,1,0.02559535,0,0.0,0,0.0,0,0.0,1,0.00763448,ok,
001005,919,802,512x512,512,447,262144,68583,0.26162338,26.1623,1,0.08817591,0,0.0,0,0.0,1,0.00602004,0,0.0,ok,
001006,3872,2592,512x512,512,343,262144,1960,0.00747681,0.7477,0,0.0,0,0.0,0,0.0,1,0.00099181,0,0.0,ok,
001007,3072,2304,512x512,512,384,262144,40304,0.15374756,15.3748,1,0.13197411,0,0.0,0,0.0,0,0.0,0,0.0,ok,
001008,6648,4439,512x512,512,342,262144,91879,0.35049057,35.0491,1,0.01445155,0,0.0,0,0.0,1,0.01046435,0,0.0,ok,
001009,1024,768,512x512,512,384,262144,11598,0.04424286,4.4243,1,0.01675797,0,0.0,0,0.0,0,0.0,1,0.01822154,ok,
001010,1024,768,512x512,512,384,262144,119166,0.45458221,45.4582,0,0.0,0,0.0,0,0.0,0,0.0,0,0.0,ok,
001011,4288,2848,512x512,512,340,262144,7224,0.02755737,2.7557,1,0.01366336,0,0.0,0,0.0,0,0.0,0,0.0,ok,
001012,2048,1536,512x512,512,384,262144,151885,0.57939529,57.9395,0,0.0,0,0.0,0,0.0,1,0.00559584,1,0.45735518,ok,
001013,1024,768,512x512,512,384,262144,36879,0.14068222,14.0682,1,0.00699997,0,0.0,0,0.0,0,0.0,0,0.0,ok,
001014,3072,2304,512x512,512,384,262144,6892,0.02629089,2.6291,1,0.03117145,0,0.0,0,0.0,0,0.0,0,0.0,ok,
001015,3072,2304,512x512,512,384,262144,55028,0.20991516,20.9915,1,0.08517089,0,0.0,0,0.0,0,0.0,0,0.0,ok,
001016,3008,2000,512x512,512,340,262144,69452,0.26493835,26.4938,1,0.10392852,0,0.0,0,0.0,1,0.00494415,0,0.0,ok,
001017,3072,2304,512x512,512,384,262144,12788,0.04878235,4.8782,1,0.04170962,0,0.0,0,0.0,0,0.0,0,0.0,ok,
001018,2592,1936,512x512,512,382,262144,31652,0.1207428,12.0743,0,0.0,0,0.0,0,0.0,1,0.00138399,0,0.0,ok,
001019,3008,2000,512x512,512,340,262144,3092,0.01179504,1.1795,1,0.00435007,0,0.0,0,0.0,0,0.0,0,0.0,ok,
001020,2048,1536,512x512,512,384,262144,70736,0.26983643,26.9836,1,0.0847559,0,0.0,0,0.0,0,0.0,0,0.0,ok,
001021,4288,2848,512x512,512,340,262144,6662,0.02541351,2.5414,1,0.01338626,0,0.0,0,0.0,0,0.0,0,0.0,ok,
001022,4288,2848,512x512,512,340,262144,12520,0.04776001,4.776,0,0.0,0,0.0,0,0.0,0,0.0,0,0.0,ok,
001023,1024,768,512x512,512,384,262144,60135,0.22939682,22.9397,1,0.02273687,0,0.0,0,0.0,1,0.00884501,0,0.0,ok,
001024,4288,2848,512x512,512,340,262144,22354,0.08527374,8.5274,1,0.01675084,0,0.0,0,0.0,0,0.0,0,0.0,ok,
001025,2098,1340,512x512,512,327,262144,29353,0.11197281,11.1973,1,0.00908719,0,0.0,0,0.0,0,0.0,0,0.0,ok,
001026,4288,2848,512x512,512,340,262144,60860,0.23216248,23.2162,1,0.02566789,0,0.0,0,0.0,0,0.0,0,0.0,ok,
001027,3872,2592,512x512,512,343,262144,73775,0.28142929,28.1429,1,0.03595416,0,0.0,0,0.0,0,0.0,0,0.0,ok,
001028,4288,2848,512x512,512,340,262144,16865,0.06433487,6.4335,0,0.0,0,0.0,0,0.0,1,0.00551947,1,0.02107552,ok,
001029,3072,2304,512x512,512,384,262144,86468,0.32984924,32.9849,1,0.19747077,0,0.0,0,0.0,0,0.0,0,0.0,ok,
001030,3008,2000,512x512,512,340,262144,3120,0.01190186,1.1902,1,0.00771875,0,0.0,0,0.0,0,0.0,0,0.0,ok,
001031,1024,768,512x512,512,384,262144,43748,0.16688538,16.6885,1,0.00751241,0,0.0,0,0.0,0,0.0,1,0.01000722,ok,
001032,3072,2304,512x512,512,384,262144,109618,0.41815948,41.8159,1,0.19769697,0,0.0,0,0.0,0,0.0,0,0.0,ok,
001033,767,576,512x512,512,385,262144,27616,0.10534668,10.5347,0,0.0,0,0.0,0,0.0,0,0.0,0,0.0,ok,
001034,3072,2304,512x512,512,384,262144,16844,0.06425476,6.4255,0,0.0,0,0.0,0,0.0,0,0.0,0,0.0,ok,
001035,949,626,512x512,512,338,262144,79253,0.3023262,30.2326,1,0.10693449,0,0.0,0,0.0,0,0.0,1,0.09244976,ok,
001036,4288,2848,512x512,512,340,262144,65060,0.2481842,24.8184,0,0.0,0,0.0,0,0.0,0,0.0,0,0.0,ok,
001037,3072,2304,512x512,512,384,262144,20072,0.0765686,7.6569,1,0.02417741,0,0.0,0,0.0,0,0.0,1,0.00099295,ok,
001038,3072,2304,512x512,512,384,262144,26408,0.10073853,10.0739,0,0.0,0,0.0,0,0.0,0,0.0,0,0.0,ok,
001039,640,480,512x512,512,384,262144,15101,0.05760574,5.7606,1,0.0210319,0,0.0,0,0.0,0,0.0,1,0.00548503,ok,
001040,1024,768,512x512,512,384,262144,43865,0.1673317,16.7332,1,0.06364568,0,0.0,0,0.0,0,0.0,0,0.0,ok,
001041,6662,4402,512x512,512,338,262144,47890,0.18268585,18.2686,0,0.0,0,0.0,0,0.0,0,0.0,1,0.04136868,ok,
001042,6622,4420,512x512,512,342,262144,86722,0.33081818,33.0818,1,0.23563728,0,0.0,0,0.0,0,0.0,0,0.0,ok,
001043,6620,4420,512x512,512,342,262144,24310,0.09273529,9.2735,1,0.10219635,0,0.0,0,0.0,1,0.00128276,0,0.0,ok,
001044,1024,768,512x512,512,384,262144,27864,0.10629272,10.6293,1,0.01901754,0,0.0,0,0.0,0,0.0,0,0.0,ok,
001045,1504,1129,512x512,512,384,262144,64133,0.24464798,24.4648,1,0.0158432,0,0.0,1,0.00829144,0,0.0,1,0.01623895,ok,
001046,640,480,512x512,512,384,262144,85307,0.32542038,32.542,1,0.12582357,1,0.0590332,0,0.0,0,0.0,0,0.0,ok,
001047,3024,2016,512x512,512,341,262144,8797,0.03355789,3.3558,0,0.0,0,0.0,0,0.0,0,0.0,0,0.0,ok,
001048,1024,768,512x512,512,384,262144,20822,0.07942963,7.943,0,0.0,0,0.0,0,0.0,0,0.0,0,0.0,ok,
001049,4288,2848,512x512,512,340,262144,1019,0.00388718,0.3887,0,0.0,0,0.0,0,0.0,0,0.0,0,0.0,ok,
001050,1024,768,512x512,512,384,262144,65844,0.25117493,25.1175,0,0.0,0,0.0,0,0.0,0,0.0,0,0.0,ok,
001051,1024,768,512x512,512,384,262144,39512,0.15072632,15.0726,1,0.07811991,0,0.0,0,0.0,0,0.0,1,0.00800069,ok,
001052,919,802,512x512,512,447,262144,41959,0.16006088,16.0061,1,0.05599169,0,0.0,0,0.0,0,0.0,1,0.00442582,ok,
001053,4288,2848,512x512,512,340,262144,32437,0.12373734,12.3737,1,0.00624948,1,0.00292363,0,0.0,1,0.00455552,0,0.0,ok,
001054,1024,768,512x512,512,384,262144,108373,0.41341019,41.341,1,0.05709712,0,0.0,0,0.0,0,0.0,0,0.0,ok,
001055,4288,2848,512x512,512,340,262144,14409,0.05496597,5.4966,0,0.0,0,0.0,0,0.0,0,0.0,0,0.0,ok,
001056,6641,4420,512x512,512,341,262144,32768,0.125,12.5,1,0.07926255,0,0.0,0,0.0,1,0.00231031,1,0.0151011,ok,
001057,4288,2848,512x512,512,340,262144,1975,0.00753403,0.7534,1,0.00936914,0,0.0,0,0.0,0,0.0,0,0.0,ok,
001058,1024,768,512x512,512,384,262144,6790,0.02590179,2.5902,0,0.0,0,0.0,0,0.0,0,0.0,0,0.0,ok,
001059,4288,2848,512x512,512,340,262144,6162,0.02350616,2.3506,1,0.02950298,0,0.0,0,0.0,1,0.00131123,0,0.0,ok,
001060,3008,2000,512x512,512,340,262144,4151,0.01583481,1.5835,1,0.00233311,0,0.0,0,0.0,0,0.0,0,0.0,ok,
001061,3072,2304,512x512,512,384,262144,24751,0.09441757,9.4418,1,0.0314858,0,0.0,0,0.0,0,0.0,0,0.0,ok,
001062,6642,4422,512x512,512,341,262144,113866,0.43436432,43.4364,0,0.0,1,0.10110748,0,0.0,1,0.0484266,1,0.14649822,ok,
001063,1504,1129,512x512,512,384,262144,49917,0.19041824,19.0418,1,0.0593528,0,0.0,0,0.0,0,0.0,1,0.01200342,ok,
001064,4288,2848,512x512,512,340,262144,4886,0.01863861,1.8639,1,0.01006835,0,0.0,0,0.0,0,0.0,0,0.0,ok,
001065,4288,2848,512x512,512,340,262144,27396,0.10450745,10.4507,0,0.0,0,0.0,0,0.0,0,0.0,0,0.0,ok,
001066,2592,1936,512x512,512,382,262144,9132,0.03483582,3.4836,0,0.0,0,0.0,0,0.0,1,0.00757755,0,0.0,ok,
001067,1024,768,512x512,512,384,262144,111666,0.42597198,42.5972,1,0.24713771,0,0.0,0,0.0,0,0.0,0,0.0,ok,
001068,4288,2848,512x512,512,340,262144,75365,0.28749466,28.7495,0,0.0,0,0.0,0,0.0,1,0.00238867,0,0.0,ok,
001069,3008,2000,512x512,512,340,262144,12826,0.04892731,4.8927,0,0.0,0,0.0,0,0.0,1,0.00212051,0,0.0,ok,
001070,3008,2000,512x512,512,340,262144,4930,0.01880646,1.8806,1,0.01435655,0,0.0,0,0.0,0,0.0,1,0.01631184,ok,
001071,4288,2848,512x512,512,340,262144,11248,0.04290771,4.2908,0,0.0,0,0.0,0,0.0,1,0.00321317,0,0.0,ok,
001072,3008,2000,512x512,512,340,262144,29450,0.11234283,11.2343,0,0.0,0,0.0,0,0.0,0,0.0,0,0.0,ok,
001073,2048,1536,512x512,512,384,262144,50775,0.19369125,19.3691,1,0.27217134,0,0.0,0,0.0,0,0.0,0,0.0,ok,
001074,6728,4459,512x512,512,339,262144,27144,0.10354614,10.3546,1,0.09647491,0,0.0,0,0.0,0,0.0,0,0.0,ok,
001075,1456,1018,512x512,512,358,262144,92820,0.3540802,35.408,1,0.47570314,0,0.0,0,0.0,0,0.0,0,0.0,ok,
001076,2048,1536,512x512,512,384,262144,17667,0.06739426,6.7394,1,0.00710964,0,0.0,0,0.0,0,0.0,0,0.0,ok,
001077,3872,2592,512x512,512,343,262144,17408,0.06640625,6.6406,0,0.0,0,0.0,0,0.0,1,0.0180534,0,0.0,ok,
001078,3008,2000,512x512,512,340,262144,8860,0.03379822,3.3798,0,0.0,0,0.0,0,0.0,0,0.0,0,0.0,ok,
001079,3024,2016,512x512,512,341,262144,11013,0.04201126,4.2011,1,0.04060981,0,0.0,0,0.0,0,0.0,0,0.0,ok,
001080,3872,2592,512x512,512,343,262144,12148,0.04634094,4.6341,0,0.0,0,0.0,0,0.0,1,0.00558517,0,0.0,ok,
001081,3072,2304,512x512,512,384,262144,3956,0.01509094,1.5091,0,0.0,0,0.0,1,0.00922097,0,0.0,0,0.0,ok,
001082,4288,2848,512x512,512,340,262144,20956,0.0799408,7.9941,1,0.01355167,0,0.0,0,0.0,1,0.00121084,0,0.0,ok,
001083,3008,2000,512x512,512,340,262144,5350,0.02040863,2.0409,0,0.0,0,0.0,0,0.0,0,0.0,1,0.00645711,ok,
001084,4288,2848,512x512,512,340,262144,6738,0.02570343,2.5703,0,0.0,0,0.0,0,0.0,0,0.0,1,0.0048743,ok,
001085,4288,2848,512x512,512,340,262144,9276,0.03538513,3.5385,1,0.03038881,0,0.0,0,0.0,1,0.00894497,0,0.0,ok,
001086,2592,1936,512x512,512,382,262144,64172,0.24479675,24.4797,0,0.0,0,0.0,0,0.0,1,0.0318008,0,0.0,ok,
001087,6668,4459,512x512,512,342,262144,31694,0.12090302,12.0903,1,0.11881993,0,0.0,0,0.0,1,0.04674076,0,0.0,ok,
001088,3872,2592,512x512,512,343,262144,65760,0.25085449,25.0854,1,0.05179049,0,0.0,0,0.0,0,0.0,0,0.0,ok,
001089,640,480,512x512,512,384,262144,68482,0.2612381,26.1238,1,0.33133464,0,0.0,0,0.0,0,0.0,0,0.0,ok,
001090,1024,768,512x512,512,384,262144,19957,0.07612991,7.613,0,0.0,1,0.00607681,0,0.0,0,0.0,0,0.0,ok,
001091,640,480,512x512,512,384,262144,44004,0.16786194,16.7862,1,0.20015625,0,0.0,0,0.0,0,0.0,0,0.0,ok,
001092,4288,2848,512x512,512,340,262144,1551,0.0059166,0.5917,0,0.0,0,0.0,0,0.0,0,0.0,0,0.0,ok,
001093,1936,1296,512x512,512,343,262144,106772,0.40730286,40.7303,1,0.02740752,0,0.0,0,0.0,0,0.0,1,0.02057866,ok,
001094,3072,2304,512x512,512,384,262144,88584,0.33792114,33.7921,0,0.0,0,0.0,1,0.02250982,0,0.0,0,0.0,ok,
001095,2048,1536,512x512,512,384,262144,163550,0.62389374,62.3894,1,0.04628531,0,0.0,0,0.0,0,0.0,0,0.0,ok,
001096,4288,2848,512x512,512,340,262144,8677,0.03310013,3.31,0,0.0,0,0.0,0,0.0,0,0.0,1,0.02400758,ok,
001097,3072,2304,512x512,512,384,262144,30104,0.11483765,11.4838,1,0.01163539,0,0.0,0,0.0,0,0.0,0,0.0,ok,
001098,3024,2016,512x512,512,341,262144,10023,0.03823471,3.8235,0,0.0,0,0.0,0,0.0,1,0.00483319,0,0.0,ok,
001099,6648,4419,512x512,512,340,262144,61577,0.23489761,23.4898,1,0.02211317,1,0.0241033,1,0.01442995,0,0.0,0,0.0,ok,
001100,3008,2000,512x512,512,340,262144,7100,0.02708435,2.7084,1,0.03924668,0,0.0,0,0.0,0,0.0,0,0.0,ok,
001101,4288,2848,512x512,512,340,262144,5838,0.0222702,2.227,0,0.0,0,0.0,0,0.0,1,0.0010329,0,0.0,ok,
001102,6708,4439,512x512,512,339,262144,30356,0.11579895,11.5799,0,0.0,0,0.0,0,0.0,0,0.0,1,0.02126662,ok,
001103,3072,2304,512x512,512,384,262144,85750,0.32711029,32.711,1,0.01114852,0,0.0,0,0.0,0,0.0,0,0.0,ok,
001104,4288,2848,512x512,512,340,262144,19624,0.07485962,7.486,1,0.03501008,1,0.0077605,0,0.0,0,0.0,0,0.0,ok,
001105,1024,768,512x512,512,384,262144,179178,0.68350983,68.351,1,0.77805583,0,0.0,0,0.0,0,0.0,0,0.0,ok,
001106,2592,1944,512x512,512,384,262144,92084,0.35127258,35.1273,0,0.0,0,0.0,0,0.0,0,0.0,0,0.0,ok,
001107,4288,2848,512x512,512,340,262144,35792,0.13653564,13.6536,1,0.003562,0,0.0,0,0.0,1,0.00299421,0,0.0,ok,
001108,1024,768,512x512,512,384,262144,28974,0.11052704,11.0527,0,0.0,0,0.0,0,0.0,0,0.0,0,0.0,ok,
001109,2304,1536,512x512,512,341,262144,17280,0.06591797,6.5918,1,0.00184038,1,0.0095147,0,0.0,1,0.0126258,0,0.0,ok,
001110,4288,2848,512x512,512,340,262144,11291,0.04307175,4.3072,0,0.0,0,0.0,0,0.0,0,0.0,0,0.0,ok,
001111,3072,2304,512x512,512,384,262144,135450,0.51670074,51.6701,1,0.00535682,0,0.0,0,0.0,0,0.0,0,0.0,ok,
001112,6668,4419,512x512,512,339,262144,8891,0.03391647,3.3916,0,0.0,0,0.0,0,0.0,0,0.0,0,0.0,ok,
001113,2592,1944,512x512,512,384,262144,10652,0.04063416,4.0634,0,0.0,1,0.0049686,0,0.0,0,0.0,0,0.0,ok,
001114,3872,2592,512x512,512,343,262144,1624,0.00619507,0.6195,1,0.00770539,0,0.0,0,0.0,0,0.0,0,0.0,ok,
001115,1024,768,512x512,512,384,262144,10353,0.03949356,3.9494,1,0.00723775,0,0.0,0,0.0,0,0.0,0,0.0,ok,
001116,3872,2592,512x512,512,343,262144,130686,0.49852753,49.8528,0,0.0,0,0.0,0,0.0,0,0.0,0,0.0,ok,
001117,640,480,512x512,512,384,262144,30227,0.11530685,11.5307,0,0.0,0,0.0,1,0.01855143,0,0.0,0,0.0,ok,
001118,4288,2848,512x512,512,340,262144,2893,0.01103592,1.1036,1,0.00807887,0,0.0,0,0.0,1,0.00145641,0,0.0,ok,
001119,3024,2016,512x512,512,341,262144,9933,0.03789139,3.7891,0,0.0,0,0.0,0,0.0,0,0.0,0,0.0,ok,
001120,6602,4361,512x512,512,338,262144,66260,0.25276184,25.2762,0,0.0,0,0.0,0,0.0,1,0.04165648,0,0.0,ok,
001121,6661,4421,512x512,512,340,262144,34080,0.13000488,13.0005,1,0.1144351,0,0.0,0,0.0,1,0.00114631,0,0.0,ok,
001122,4288,2848,512x512,512,340,262144,17778,0.06781769,6.7818,0,0.0,0,0.0,0,0.0,0,0.0,0,0.0,ok,
001123,640,480,512x512,512,384,262144,50413,0.19231033,19.231,1,0.11580078,0,0.0,0,0.0,0,0.0,0,0.0,ok,
001124,1024,768,512x512,512,384,262144,25663,0.09789658,9.7897,0,0.0,0,0.0,0,0.0,0,0.0,0,0.0,ok,
001125,6688,4459,512x512,512,341,262144,87417,0.33346939,33.3469,1,0.04332972,0,0.0,0,0.0,0,0.0,1,0.04250787,ok,
001126,4288,2848,512x512,512,340,262144,4036,0.01539612,1.5396,1,0.01898205,0,0.0,0,0.0,0,0.0,0,0.0,ok,
001127,3008,2000,512x512,512,340,262144,3045,0.01161575,1.1616,0,0.0,0,0.0,0,0.0,0,0.0,0,0.0,ok,
001128,3024,2016,512x512,512,341,262144,14997,0.05720901,5.7209,1,0.04351153,0,0.0,0,0.0,0,0.0,0,0.0,ok,
001129,1024,768,512x512,512,384,262144,4322,0.01648712,1.6487,1,0.00804265,0,0.0,0,0.0,0,0.0,0,0.0,ok,
001130,3072,2304,512x512,512,384,262144,106445,0.40605545,40.6055,1,0.00878157,0,0.0,0,0.0,0,0.0,1,0.00121816,ok,
001131,3024,2016,512x512,512,341,262144,13019,0.04966354,4.9664,0,0.0,0,0.0,0,0.0,0,0.0,0,0.0,ok,
001132,3008,2000,512x512,512,340,262144,3625,0.01382828,1.3828,1,0.00801812,0,0.0,0,0.0,0,0.0,0,0.0,ok,
001133,6621,4422,512x512,512,342,262144,65000,0.24795532,24.7955,1,0.04129976,0,0.0,0,0.0,0,0.0,0,0.0,ok,
001134,6648,4439,512x512,512,342,262144,83846,0.31984711,31.9847,1,0.10432741,0,0.0,0,0.0,0,0.0,0,0.0,ok,
001135,4288,2848,512x512,512,340,262144,4668,0.01780701,1.7807,1,0.02109583,0,0.0,0,0.0,0,0.0,0,0.0,ok,
001136,6708,4439,512x512,512,339,262144,11740,0.04478455,4.4785,0,0.0,0,0.0,0,0.0,0,0.0,1,0.01486653,ok,
001137,1024,768,512x512,512,384,262144,54198,0.20674896,20.6749,1,0.01029587,1,0.04202906,0,0.0,0,0.0,0,0.0,ok,
001138,1024,768,512x512,512,384,262144,106531,0.40638351,40.6384,1,0.2222964,0,0.0,0,0.0,0,0.0,0,0.0,ok,
001139,640,480,512x512,512,384,262144,78893,0.30095291,30.0953,1,0.07825521,1,0.02717122,0,0.0,0,0.0,0,0.0,ok,
001140,640,480,512x512,512,384,262144,50345,0.19205093,19.2051,1,0.04079753,0,0.0,0,0.0,0,0.0,0,0.0,ok,
001141,6648,4439,512x512,512,342,262144,48484,0.18495178,18.4952,1,0.07675347,0,0.0,0,0.0,1,0.00545752,0,0.0,ok,
001142,640,480,512x512,512,384,262144,68239,0.26031113,26.0311,1,0.11738281,0,0.0,0,0.0,0,0.0,0,0.0,ok,
001143,3008,2000,512x512,512,340,262144,4668,0.01780701,1.7807,0,0.0,0,0.0,0,0.0,0,0.0,0,0.0,ok,
001144,640,480,512x512,512,384,262144,76171,0.29056931,29.0569,1,0.01383789,0,0.0,0,0.0,0,0.0,0,0.0,ok,
001145,3072,2304,512x512,512,384,262144,79274,0.30240631,30.2406,1,0.04050318,0,0.0,0,0.0,0,0.0,0,0.0,ok,
001146,3072,2304,512x512,512,384,262144,9308,0.0355072,3.5507,1,0.03754128,0,0.0,0,0.0,0,0.0,0,0.0,ok,
001147,6602,4401,512x512,512,341,262144,42136,0.16073608,16.0736,1,0.08628932,0,0.0,0,0.0,1,0.01096182,0,0.0,ok,
001148,640,480,512x512,512,384,262144,125276,0.47789001,47.789,1,0.01234701,0,0.0,1,0.0430013,0,0.0,0,0.0,ok,
001149,6600,4401,512x512,512,341,262144,7440,0.02838135,2.8381,0,0.0,0,0.0,0,0.0,0,0.0,0,0.0,ok,
001150,1024,768,512x512,512,384,262144,25686,0.09798431,9.7984,0,0.0,0,0.0,0,0.0,1,0.00110118,0,0.0,ok,
001151,1024,768,512x512,512,384,262144,25717,0.09810257,9.8103,0,0.0,0,0.0,0,0.0,1,0.00276311,1,0.02240753,ok,
001152,4288,2848,512x512,512,340,262144,2619,0.00999069,0.9991,0,0.0,0,0.0,0,0.0,0,0.0,0,0.0,ok,
001153,3072,2304,512x512,512,384,262144,10448,0.03985596,3.9856,0,0.0,0,0.0,0,0.0,0,0.0,0,0.0,ok,
001154,1024,768,512x512,512,384,262144,29693,0.11326981,11.327,0,0.0,0,0.0,0,0.0,0,0.0,0,0.0,ok,
001155,767,576,512x512,512,385,262144,16159,0.06164169,6.1642,0,0.0,0,0.0,0,0.0,0,0.0,0,0.0,ok,
001156,3008,2000,512x512,512,340,262144,9728,0.03710938,3.7109,0,0.0,0,0.0,0,0.0,0,0.0,1,0.00844232,ok,
001157,4288,2848,512x512,512,340,262144,8334,0.03179169,3.1792,0,0.0,0,0.0,0,0.0,0,0.0,0,0.0,ok,
001158,640,480,512x512,512,384,262144,26084,0.09950256,9.9503,0,0.0,0,0.0,0,0.0,0,0.0,1,0.00535156,ok,
001159,4288,2848,512x512,512,340,262144,5460,0.02082825,2.0828,0,0.0,1,0.00389077,0,0.0,1,0.00322783,1,0.00607768,ok,
001160,919,802,512x512,512,447,262144,55267,0.21082687,21.0827,0,0.0,0,0.0,0,0.0,0,0.0,0,0.0,ok,
001161,1024,768,512x512,512,384,262144,61538,0.23474884,23.4749,1,0.09145737,0,0.0,0,0.0,0,0.0,1,0.06408437,ok,
001162,6622,4441,512x512,512,343,262144,14632,0.05581665,5.5817,1,0.01112536,0,0.0,1,0.01026071,1,0.00581873,0,0.0,ok,
001163,3024,2016,512x512,512,341,262144,9524,0.03633118,3.6331,1,0.00406782,0,0.0,0,0.0,0,0.0,0,0.0,ok,
001164,640,480,512x512,512,384,262144,64134,0.24465179,24.4652,1,0.13776367,0,0.0,0,0.0,0,0.0,0,0.0,ok,
001165,3072,2304,512x512,512,384,262144,39596,0.15104675,15.1047,1,0.08499668,0,0.0,0,0.0,0,0.0,0,0.0,ok,
001166,3008,2000,512x512,512,340,262144,5178,0.0197525,1.9753,0,0.0,1,0.00103939,0,0.0,1,0.00157547,0,0.0,ok,
001167,640,480,512x512,512,384,262144,31153,0.11883926,11.8839,1,0.15870768,0,0.0,0,0.0,0,0.0,0,0.0,ok,
001168,1024,768,512x512,512,384,262144,14073,0.05368423,5.3684,0,0.0,0,0.0,0,0.0,0,0.0,0,0.0,ok,
001169,6642,4440,512x512,512,342,262144,46728,0.17825317,17.8253,1,0.09228429,0,0.0,0,0.0,0,0.0,0,0.0,ok,
001170,2592,1936,512x512,512,382,262144,7055,0.02691269,2.6913,0,0.0,0,0.0,0,0.0,0,0.0,0,0.0,ok,
001171,3024,2016,512x512,512,341,262144,8255,0.03149033,3.149,0,0.0,0,0.0,0,0.0,0,0.0,1,0.00547948,ok,
001172,6681,4422,512x512,512,339,262144,47861,0.18257523,18.2575,1,0.02108384,0,0.0,1,0.0479875,0,0.0,0,0.0,ok,
001173,6708,4439,512x512,512,339,262144,82404,0.31434631,31.4346,1,0.30623755,0,0.0,0,0.0,1,0.03798254,0,0.0,ok,
001174,6648,4479,512x512,512,345,262144,15550,0.05931854,5.9319,0,0.0,0,0.0,0,0.0,0,0.0,0,0.0,ok,
001175,3008,2000,512x512,512,340,262144,2204,0.00840759,0.8408,1,0.01455568,0,0.0,0,0.0,0,0.0,0,0.0,ok,
001176,1024,768,512x512,512,384,262144,32215,0.12289047,12.289,0,0.0,1,0.02022934,0,0.0,0,0.0,0,0.0,ok,
001177,1024,768,512x512,512,384,262144,62248,0.23745728,23.7457,0,0.0,0,0.0,0,0.0,0,0.0,0,0.0,ok,
001178,1024,768,512x512,512,384,262144,82963,0.31647873,31.6479,1,0.29933802,0,0.0,0,0.0,1,0.0041186,0,0.0,ok,
001179,1504,1129,512x512,512,384,262144,102681,0.39169693,39.1697,1,0.41626404,0,0.0,0,0.0,0,0.0,0,0.0,ok,
001180,1024,768,512x512,512,384,262144,56163,0.21424484,21.4245,0,0.0,0,0.0,0,0.0,0,0.0,1,0.16641871,ok,
001181,4288,2848,512x512,512,340,262144,4631,0.01766586,1.7666,0,0.0,0,0.0,0,0.0,0,0.0,0,0.0,ok,
001182,1024,768,512x512,512,384,262144,125393,0.47833633,47.8336,0,0.0,0,0.0,0,0.0,0,0.0,0,0.0,ok,
001183,1751,1524,512x512,512,446,262144,39899,0.15220261,15.2203,1,0.06007816,0,0.0,0,0.0,0,0.0,0,0.0,ok,
001184,3072,2304,512x512,512,384,262144,18531,0.07069016,7.069,0,0.0,0,0.0,0,0.0,0,0.0,0,0.0,ok,
001185,640,480,512x512,512,384,262144,28231,0.10769272,10.7693,1,0.02248372,0,0.0,0,0.0,0,0.0,0,0.0,ok,
001186,3072,2304,512x512,512,384,262144,99612,0.37998962,37.999,1,0.01592142,0,0.0,0,0.0,0,0.0,0,0.0,ok,
001187,1024,768,512x512,512,384,262144,38486,0.14681244,14.6812,0,0.0,0,0.0,0,0.0,0,0.0,1,0.06060155,ok,
001188,4288,2848,512x512,512,340,262144,8625,0.03290176,3.2902,1,0.00118914,0,0.0,0,0.0,0,0.0,0,0.0,ok,
001189,1024,768,512x512,512,384,262144,124998,0.47682953,47.683,1,0.0100441,0,0.0,0,0.0,0,0.0,0,0.0,ok,
001190,4288,2848,512x512,512,340,262144,32328,0.12332153,12.3322,1,0.02043436,0,0.0,0,0.0,1,0.01723019,0,0.0,ok,
001191,4288,2848,512x512,512,340,262144,7048,0.02688599,2.6886,0,0.0,0,0.0,0,0.0,1,0.00094307,1,0.0024333,ok,
001192,3872,2592,512x512,512,343,262144,3724,0.01420593,1.4206,0,0.0,0,0.0,0,0.0,0,0.0,0,0.0,ok,
001193,640,480,512x512,512,384,262144,63409,0.24188614,24.1886,1,0.10861003,1,0.01167318,0,0.0,0,0.0,0,0.0,ok,
001194,3872,2592,512x512,512,343,262144,18594,0.07093048,7.093,0,0.0,0,0.0,0,0.0,1,0.00116926,1,0.00103166,ok,
001195,767,576,512x512,512,385,262144,83786,0.31961823,31.9618,1,0.0456097,0,0.0,0,0.0,0,0.0,0,0.0,ok,
001196,640,480,512x512,512,384,262144,15953,0.06085587,6.0856,1,0.05657227,0,0.0,0,0.0,0,0.0,0,0.0,ok,
001197,640,480,512x512,512,384,262144,68504,0.26132202,26.1322,1,0.1227474,0,0.0,0,0.0,0,0.0,0,0.0,ok,
001198,1024,768,512x512,512,384,262144,3821,0.01457596,1.4576,0,0.0,0,0.0,0,0.0,0,0.0,0,0.0,ok,
001199,640,480,512x512,512,384,262144,131411,0.50129318,50.1293,1,0.29691081,0,0.0,0,0.0,0,0.0,1,0.06241862,ok,
001200,6642,4422,512x512,512,341,262144,129345,0.49341202,49.3412,1,0.01881776,0,0.0,0,0.0,0,0.0,0,0.0,ok,
001201,640,480,512x512,512,384,262144,24941,0.09514236,9.5142,1,0.07002279,0,0.0,0,0.0,0,0.0,0,0.0,ok,
001202,640,480,512x512,512,384,262144,68457,0.26114273,26.1143,0,0.0,0,0.0,0,0.0,0,0.0,0,0.0,ok,
001203,2048,1536,512x512,512,384,262144,27109,0.10341263,10.3413,1,0.075689,0,0.0,0,0.0,0,0.0,0,0.0,ok,
001204,4288,2848,512x512,512,340,262144,6616,0.02523804,2.5238,1,0.01664971,0,0.0,0,0.0,0,0.0,1,0.00130066,ok,
001205,640,480,512x512,512,384,262144,12615,0.04812241,4.8122,1,0.0306543,0,0.0,0,0.0,0,0.0,0,0.0,ok,
001206,1024,768,512x512,512,384,262144,25557,0.09749222,9.7492,0,0.0,0,0.0,0,0.0,0,0.0,1,0.0155894,ok,
001207,919,802,512x512,512,447,262144,48532,0.18513489,18.5135,1,0.04100603,0,0.0,0,0.0,0,0.0,0,0.0,ok,
001208,767,576,512x512,512,385,262144,63931,0.24387741,24.3877,0,0.0,0,0.0,0,0.0,0,0.0,0,0.0,ok,
001209,1024,768,512x512,512,384,262144,22100,0.08430481,8.4305,0,0.0,0,0.0,0,0.0,0,0.0,1,0.03546651,ok,
001210,3008,2000,512x512,512,340,262144,1676,0.00639343,0.6393,0,0.0,0,0.0,1,0.00689528,1,0.00127876,1,0.00238015,ok,
001211,4288,2848,512x512,512,340,262144,9016,0.03439331,3.4393,1,0.01539924,0,0.0,0,0.0,0,0.0,0,0.0,ok,
001212,3872,2592,512x512,512,343,262144,4517,0.01723099,1.7231,0,0.0,0,0.0,0,0.0,0,0.0,0,0.0,ok,
001213,1024,768,512x512,512,384,262144,62506,0.23844147,23.8441,1,0.01504135,0,0.0,0,0.0,1,0.0075353,0,0.0,ok,
001214,640,480,512x512,512,384,262144,38566,0.14711761,14.7118,1,0.01589193,0,0.0,0,0.0,0,0.0,1,0.01633464,ok,
001215,640,480,512x512,512,384,262144,42671,0.16277695,16.2777,1,0.11810547,0,0.0,0,0.0,0,0.0,1,0.03335612,ok,
001216,1024,768,512x512,512,384,262144,60358,0.2302475,23.0247,1,0.01217651,0,0.0,0,0.0,0,0.0,0,0.0,ok,
001217,6688,4439,512x512,512,340,262144,130788,0.49891663,49.8917,0,0.0,1,0.03737914,0,0.0,1,0.00204335,1,0.01623806,ok,
001218,3872,2592,512x512,512,343,262144,38443,0.14664841,14.6648,0,0.0,0,0.0,0,0.0,1,0.01646854,0,0.0,ok,
001219,3008,2000,512x512,512,340,262144,4611,0.01758957,1.759,0,0.0,0,0.0,0,0.0,0,0.0,0,0.0,ok,
001220,1024,768,512x512,512,384,262144,84781,0.32341385,32.3414,1,0.2113355,0,0.0,0,0.0,1,0.00116475,0,0.0,ok,
001221,3008,2000,512x512,512,340,262144,6504,0.02481079,2.4811,0,0.0,0,0.0,0,0.0,0,0.0,0,0.0,ok,
001222,3008,2000,512x512,512,340,262144,3134,0.01195526,1.1955,0,0.0,0,0.0,0,0.0,0,0.0,0,0.0,ok,
001223,3024,2016,512x512,512,341,262144,15195,0.05796432,5.7964,0,0.0,0,0.0,0,0.0,0,0.0,1,0.04946506,ok,
001224,2304,3072,512x512,384,512,262144,60345,0.23019791,23.0198,0,0.0,0,0.0,0,0.0,0,0.0,0,0.0,ok,
001225,3008,2000,512x512,512,340,262144,12269,0.04680252,4.6803,0,0.0,0,0.0,0,0.0,0,0.0,0,0.0,ok,
001226,6708,4439,512x512,512,339,262144,9476,0.03614807,3.6148,1,0.02764685,0,0.0,0,0.0,0,0.0,0,0.0,ok,
001227,4288,2848,512x512,512,340,262144,6332,0.02415466,2.4155,1,0.02605398,0,0.0,0,0.0,0,0.0,0,0.0,ok,
001228,3072,2304,512x512,512,384,262144,11162,0.04257965,4.258,0,0.0,0,0.0,0,0.0,0,0.0,0,0.0,ok,
001229,2048,1536,512x512,512,384,262144,42554,0.16233063,16.2331,0,0.0,0,0.0,0,0.0,0,0.0,1,0.03626251,ok,
001230,2592,3872,512x512,343,512,262144,50625,0.19311905,19.3119,0,0.0,0,0.0,0,0.0,0,0.0,1,0.00399413,ok,
001231,2272,1704,512x512,512,384,262144,76649,0.29239273,29.2393,0,0.0,0,0.0,0,0.0,0,0.0,0,0.0,ok,
001232,3872,2592,512x512,512,343,262144,6856,0.02615356,2.6154,0,0.0,0,0.0,0,0.0,0,0.0,0,0.0,ok,
001233,1024,768,512x512,512,384,262144,74368,0.28369141,28.3691,1,0.19981511,0,0.0,0,0.0,1,0.00237401,0,0.0,ok,
001234,1024,768,512x512,512,384,262144,50596,0.19300842,19.3008,0,0.0,0,0.0,0,0.0,0,0.0,0,0.0,ok,
001235,6608,4399,512x512,512,341,262144,40044,0.15275574,15.2756,0,0.0,0,0.0,0,0.0,0,0.0,1,0.04293703,ok,
001236,3072,2304,512x512,512,384,262144,25095,0.09572983,9.573,1,0.05964279,0,0.0,0,0.0,0,0.0,0,0.0,ok,
001237,2592,1936,512x512,512,382,262144,6889,0.02627945,2.6279,0,0.0,0,0.0,0,0.0,0,0.0,0,0.0,ok,
001238,1024,768,512x512,512,384,262144,56953,0.21725845,21.7258,1,0.06779607,0,0.0,0,0.0,0,0.0,0,0.0,ok,
001239,1504,1129,512x512,512,384,262144,63226,0.24118805,24.1188,1,0.33062822,0,0.0,0,0.0,0,0.0,0,0.0,ok,
001240,640,480,512x512,512,384,262144,52803,0.20142746,20.1427,1,0.11233724,0,0.0,0,0.0,0,0.0,0,0.0,ok,
001241,3072,2304,512x512,512,384,262144,73474,0.28028107,28.0281,1,0.07003445,0,0.0,0,0.0,0,0.0,0,0.0,ok,
001242,2592,1936,512x512,512,382,262144,4627,0.0176506,1.7651,0,0.0,0,0.0,0,0.0,0,0.0,1,0.00110021,ok,
001243,640,480,512x512,512,384,262144,63941,0.24391556,24.3916,1,0.23373372,0,0.0,0,0.0,0,0.0,0,0.0,ok,
001244,1024,768,512x512,512,384,262144,30785,0.11743546,11.7435,0,0.0,0,0.0,0,0.0,0,0.0,0,0.0,ok,
001245,6688,4459,512x512,512,341,262144,81110,0.3094101,30.941,1,0.05284012,0,0.0,0,0.0,0,0.0,0,0.0,ok,
001246,3008,2000,512x512,512,340,262144,19489,0.07434464,7.4345,0,0.0,0,0.0,0,0.0,0,0.0,0,0.0,ok,
001247,2048,1536,512x512,512,384,262144,69745,0.26605606,26.6056,1,0.32825406,0,0.0,0,0.0,0,0.0,0,0.0,ok,
001248,6668,4459,512x512,512,342,262144,38152,0.14553833,14.5538,0,0.0,1,0.11791961,0,0.0,1,0.00266532,1,0.00923208,ok,
001249,3008,2000,512x512,512,340,262144,3172,0.01210022,1.21,1,0.00213963,0,0.0,0,0.0,0,0.0,1,0.00676213,ok,
001250,824,719,512x512,512,447,262144,90021,0.34340286,34.3403,0,0.0,0,0.0,0,0.0,0,0.0,1,0.0434547,ok,
001251,3872,2592,512x512,512,343,262144,8565,0.03267288,3.2673,1,0.01316611,0,0.0,0,0.0,0,0.0,0,0.0,ok,
001252,4288,2848,512x512,512,340,262144,24240,0.09246826,9.2468,0,0.0,0,0.0,0,0.0,1,0.02997497,0,0.0,ok,
001253,1024,768,512x512,512,384,262144,121886,0.46495819,46.4958,0,0.0,0,0.0,0,0.0,0,0.0,0,0.0,ok,
001254,1024,768,512x512,512,384,262144,39834,0.15195465,15.1955,0,0.0,0,0.0,0,0.0,0,0.0,0,0.0,ok,
001255,3008,2000,512x512,512,340,262144,7024,0.02679443,2.6794,0,0.0,0,0.0,0,0.0,1,0.00942653,1,0.00992337,ok,
001256,3072,2304,512x512,512,384,262144,67508,0.25752258,25.7523,0,0.0,0,0.0,0,0.0,0,0.0,0,0.0,ok,
001257,6642,4421,512x512,512,341,262144,20722,0.07904816,7.9048,1,0.07958761,0,0.0,0,0.0,0,0.0,0,0.0,ok,
001258,4288,2848,512x512,512,340,262144,9422,0.03594208,3.5942,1,0.00357126,0,0.0,0,0.0,0,0.0,0,0.0,ok,
001259,1024,768,512x512,512,384,262144,22833,0.08710098,8.7101,1,0.1053098,0,0.0,0,0.0,0,0.0,0,0.0,ok,
001260,6688,4439,512x512,512,340,262144,34150,0.13027191,13.0272,1,0.09206272,0,0.0,0,0.0,1,0.00334862,1,0.01295438,ok,
001261,3072,2304,512x512,512,384,262144,40084,0.15290833,15.2908,0,0.0,0,0.0,0,0.0,0,0.0,1,0.04444377,ok,
001262,640,480,512x512,512,384,262144,166632,0.63565063,63.5651,1,0.30929688,0,0.0,0,0.0,0,0.0,0,0.0,ok,
001263,3072,2304,512x512,512,384,262144,59719,0.22780991,22.781,0,0.0,0,0.0,0,0.0,0,0.0,0,0.0,ok,
001264,919,802,512x512,512,447,262144,44420,0.16944885,16.9449,0,0.0,0,0.0,0,0.0,0,0.0,0,0.0,ok,
001265,3008,2000,512x512,512,340,262144,17736,0.06765747,6.7657,1,0.02267121,0,0.0,0,0.0,1,0.00136087,0,0.0,ok,
001266,3008,2000,512x512,512,340,262144,4882,0.01862335,1.8623,1,0.01533029,0,0.0,0,0.0,0,0.0,1,0.0121491,ok,
001267,640,480,512x512,512,384,262144,16676,0.06361389,6.3614,1,0.04246094,0,0.0,1,0.02123698,0,0.0,0,0.0,ok,
001268,3872,2592,512x512,512,343,262144,4328,0.01651001,1.651,0,0.0,0,0.0,0,0.0,1,0.00403498,0,0.0,ok,
001269,3024,2016,512x512,512,341,262144,6209,0.02368546,2.3685,1,0.03202685,0,0.0,0,0.0,0,0.0,0,0.0,ok,
001270,1024,768,512x512,512,384,262144,69533,0.26524734,26.5247,1,0.04982376,1,0.01107534,0,0.0,1,0.00337474,0,0.0,ok,
001271,3872,2592,512x512,512,343,262144,23886,0.09111786,9.1118,1,0.0064588,1,0.02355557,0,0.0,0,0.0,0,0.0,ok,
001272,1024,768,512x512,512,384,262144,173430,0.66158295,66.1583,1,0.33956528,0,0.0,0,0.0,0,0.0,1,0.01502736,ok,
001273,6688,4439,512x512,512,340,262144,124895,0.47643661,47.6437,1,0.29638576,0,0.0,0,0.0,0,0.0,0,0.0,ok,
001274,2816,2112,512x512,512,384,262144,35510,0.1354599,13.546,0,0.0,0,0.0,0,0.0,0,0.0,1,0.01326935,ok,
001275,962,674,512x512,512,359,262144,68657,0.26190567,26.1906,1,0.13772309,0,0.0,0,0.0,0,0.0,0,0.0,ok,
001276,767,576,512x512,512,385,262144,26997,0.10298538,10.2985,1,0.02126114,0,0.0,0,0.0,0,0.0,1,0.02811504,ok,
001277,4288,2848,512x512,512,340,262144,5908,0.02253723,2.2537,1,0.00299495,0,0.0,0,0.0,1,0.0020025,1,0.00367501,ok,
001278,3008,2000,512x512,512,340,262144,9656,0.03683472,3.6835,1,0.01173554,0,0.0,0,0.0,0,0.0,0,0.0,ok,
001279,3024,2016,512x512,512,341,262144,9084,0.03465271,3.4653,1,0.03091554,0,0.0,0,0.0,1,0.00095155,1,0.00852177,ok,
001280,1024,768,512x512,512,384,262144,84235,0.32133102,32.1331,0,0.0,0,0.0,0,0.0,0,0.0,1,0.04345449,ok,
001281,1024,768,512x512,512,384,262144,84451,0.322155,32.2155,1,0.1651624,0,0.0,1,0.0116183,0,0.0,1,0.00402451,ok,
001282,4288,2848,512x512,512,340,262144,21642,0.08255768,8.2558,0,0.0,0,0.0,0,0.0,0,0.0,0,0.0,ok,
001283,3008,2000,512x512,512,340,262144,5832,0.02224731,2.2247,0,0.0,0,0.0,0,0.0,0,0.0,0,0.0,ok,
001284,1024,768,512x512,512,384,262144,33957,0.12953568,12.9536,1,0.08318456,0,0.0,1,0.0011851,0,0.0,1,0.0301005,ok,
001285,640,480,512x512,512,384,262144,20792,0.07931519,7.9315,1,0.01756185,0,0.0,0,0.0,0,0.0,0,0.0,ok,
001286,1024,768,512x512,512,384,262144,65635,0.25037766,25.0378,1,0.03250758,1,0.03380839,0,0.0,1,0.00382996,0,0.0,ok,
001287,6681,4441,512x512,512,340,262144,48674,0.18567657,18.5677,1,0.02877906,0,0.0,0,0.0,0,0.0,0,0.0,ok,
001288,1024,768,512x512,512,384,262144,71948,0.27445984,27.446,1,0.11609141,0,0.0,0,0.0,1,0.02750651,0,0.0,ok,
001289,2592,1944,512x512,512,384,262144,14360,0.05477905,5.4779,0,0.0,0,0.0,0,0.0,0,0.0,0,0.0,ok,
001290,1024,768,512x512,512,384,262144,74259,0.2832756,28.3276,1,0.12733078,0,0.0,0,0.0,0,0.0,0,0.0,ok,
001291,2048,1536,512x512,512,384,262144,19928,0.07601929,7.6019,0,0.0,0,0.0,0,0.0,0,0.0,1,0.01671982,ok,
001292,4288,2848,512x512,512,340,262144,10669,0.04069901,4.0699,0,0.0,0,0.0,0,0.0,0,0.0,0,0.0,ok,
001293,4288,2848,512x512,512,340,262144,6072,0.02316284,2.3163,0,0.0,1,0.00655311,1,0.00601709,0,0.0,1,0.02247363,ok,
001294,4288,2848,512x512,512,340,262144,45045,0.17183304,17.1833,0,0.0,0,0.0,0,0.0,0,0.0,0,0.0,ok,
001295,6601,4380,512x512,512,340,262144,45452,0.17338562,17.3386,0,0.0,0,0.0,0,0.0,0,0.0,0,0.0,ok,
001296,640,480,512x512,512,384,262144,89400,0.34103394,34.1034,1,0.04086589,0,0.0,0,0.0,0,0.0,0,0.0,ok,
001297,3072,2304,512x512,512,384,262144,104264,0.3977356,39.7736,0,0.0,0,0.0,0,0.0,0,0.0,0,0.0,ok,
001298,1024,768,512x512,512,384,262144,69101,0.2635994,26.3599,1,0.03058116,0,0.0,1,0.01447423,0,0.0,0,0.0,ok,
001299,4288,2848,512x512,512,340,262144,4172,0.01591492,1.5915,0,0.0,0,0.0,0,0.0,0,0.0,1,0.01968929,ok,
001300,6708,4459,512x512,512,340,262144,80742,0.30800629,30.8006,1,0.14975575,0,0.0,0,0.0,0,0.0,0,0.0,ok,
001301,6601,4401,512x512,512,341,262144,52399,0.19988632,19.9886,1,0.01596585,0,0.0,0,0.0,0,0.0,0,0.0,ok,
001302,3072,2304,512x512,512,384,262144,20071,0.07656479,7.6565,0,0.0,0,0.0,0,0.0,0,0.0,0,0.0,ok,
001303,959,638,512x512,512,341,262144,60318,0.23009491,23.0095,1,0.14747598,0,0.0,0,0.0,0,0.0,0,0.0,ok,
001304,1024,768,512x512,512,384,262144,53676,0.20475769,20.4758,0,0.0,0,0.0,0,0.0,0,0.0,1,0.03075663,ok,
001305,4288,2848,512x512,512,340,262144,5195,0.01981735,1.9817,0,0.0,0,0.0,0,0.0,0,0.0,1,0.00138345,ok,
001306,6681,4401,512x512,512,337,262144,44728,0.17062378,17.0624,1,0.03473823,0,0.0,0,0.0,0,0.0,0,0.0,ok,
001307,3024,2016,512x512,512,341,262144,10453,0.03987503,3.9875,0,0.0,0,0.0,0,0.0,0,0.0,0,0.0,ok,
001308,1024,768,512x512,512,384,262144,65654,0.25045013,25.045,1,0.01279195,0,0.0,0,0.0,0,0.0,1,0.03391647,ok,
001309,4288,2848,512x512,512,340,262144,17427,0.06647873,6.6479,0,0.0,0,0.0,0,0.0,0,0.0,0,0.0,ok,
001310,3024,2016,512x512,512,341,262144,22504,0.08584595,8.5846,1,0.04500241,0,0.0,0,0.0,0,0.0,0,0.0,ok,
001311,6715,4457,512x512,512,340,262144,20204,0.07707214,7.7072,1,0.06113007,0,0.0,0,0.0,0,0.0,0,0.0,ok,
001312,2048,1536,512x512,512,384,262144,35636,0.13594055,13.5941,1,0.08353551,0,0.0,0,0.0,1,0.00122897,0,0.0,ok,
001313,1024,768,512x512,512,384,262144,5988,0.02284241,2.2842,0,0.0,0,0.0,0,0.0,0,0.0,1,0.00329336,ok,
001314,2592,1936,512x512,512,382,262144,32063,0.12231064,12.2311,1,0.01768972,1,0.01462104,0,0.0,0,0.0,0,0.0,ok,
001315,3008,2000,512x512,512,340,262144,2742,0.0104599,1.046,1,0.01000116,0,0.0,0,0.0,0,0.0,0,0.0,ok,
001316,4288,2848,512x512,512,340,262144,34123,0.13016891,13.0169,1,0.00308322,0,0.0,0,0.0,1,0.03045498,0,0.0,ok,
001317,3072,2304,512x512,512,384,262144,38252,0.1459198,14.592,0,0.0,0,0.0,0,0.0,0,0.0,0,0.0,ok,
001318,3008,2000,512x512,512,340,262144,5440,0.02075195,2.0752,1,0.03103191,0,0.0,0,0.0,0,0.0,0,0.0,ok,
001319,1008,711,512x512,512,361,262144,24898,0.09497833,9.4978,0,0.0,0,0.0,0,0.0,0,0.0,0,0.0,ok,
001320,3072,2304,512x512,512,384,262144,32192,0.12280273,12.2803,1,0.02216565,0,0.0,0,0.0,0,0.0,0,0.0,ok,
001321,3008,2000,512x512,512,340,262144,3077,0.01173782,1.1738,0,0.0,0,0.0,0,0.0,0,0.0,0,0.0,ok,
001322,3008,2000,512x512,512,340,262144,5636,0.02149963,2.15,1,0.01540725,0,0.0,0,0.0,0,0.0,0,0.0,ok,
001323,4288,2848,512x512,512,340,262144,1281,0.00488663,0.4887,1,0.00374142,0,0.0,0,0.0,0,0.0,0,0.0,ok,
001324,3008,2000,512x512,512,340,262144,8132,0.03102112,3.1021,1,0.01043102,0,0.0,0,0.0,0,0.0,0,0.0,ok,
001325,1504,1129,512x512,512,384,262144,16146,0.0615921,6.1592,1,0.08988019,0,0.0,0,0.0,0,0.0,1,0.00718721,ok,
001326,3008,2000,512x512,512,340,262144,19720,0.07522583,7.5226,1,0.00661735,0,0.0,0,0.0,1,0.00227144,0,0.0,ok,
001327,3072,2304,512x512,512,384,262144,5425,0.02069473,2.0695,0,0.0,0,0.0,1,0.00820598,0,0.0,1,0.00770866,ok,
001328,1024,768,512x512,512,384,262144,7167,0.02733994,2.734,1,0.00433477,0,0.0,1,0.00234731,0,0.0,1,0.01799011,ok,
001329,3072,2304,512x512,512,384,262144,96992,0.36999512,36.9995,1,0.16226776,0,0.0,0,0.0,0,0.0,0,0.0,ok,
001330,3008,2000,512x512,512,340,262144,8320,0.03173828,3.1738,1,0.04657646,0,0.0,0,0.0,1,0.00130103,0,0.0,ok,
001331,2592,1936,512x512,512,382,262144,6712,0.02560425,2.5604,1,0.03058222,0,0.0,0,0.0,0,0.0,0,0.0,ok,
001332,6641,4421,512x512,512,341,262144,106418,0.40595245,40.5952,0,0.0,0,0.0,0,0.0,0,0.0,0,0.0,ok,
001333,3008,2000,512x512,512,340,262144,9055,0.03454208,3.4542,0,0.0,0,0.0,0,0.0,0,0.0,0,0.0,ok,
001334,3008,2000,512x512,512,340,262144,13648,0.05206299,5.2063,1,0.01633793,0,0.0,0,0.0,1,0.0074252,0,0.0,ok,
001335,2313,1985,512x512,512,439,262144,38853,0.14821243,14.8212,1,0.00502711,0,0.0,0,0.0,0,0.0,0,0.0,ok,
001336,4288,2848,512x512,512,340,262144,22452,0.08564758,8.5648,0,0.0,0,0.0,0,0.0,0,0.0,0,0.0,ok,
001337,3072,2304,512x512,512,384,262144,51275,0.1955986,19.5599,0,0.0,0,0.0,1,0.01519479,0,0.0,1,0.00736095,ok,
001338,640,480,512x512,512,384,262144,142322,0.54291534,54.2915,1,0.13998047,1,0.15810547,0,0.0,0,0.0,0,0.0,ok,
001339,1936,2592,512x512,382,512,262144,97691,0.37266159,37.2662,1,0.00416352,0,0.0,0,0.0,1,0.00617025,0,0.0,ok,
001340,3008,2000,512x512,512,340,262144,55822,0.21294403,21.2944,0,0.0,0,0.0,0,0.0,0,0.0,0,0.0,ok,
001341,640,480,512x512,512,384,262144,71279,0.27190781,27.1908,1,0.14074544,0,0.0,0,0.0,0,0.0,0,0.0,ok,
001342,6648,4399,512x512,512,339,262144,118412,0.45170593,45.1706,1,0.07792935,0,0.0,0,0.0,0,0.0,0,0.0,ok,
001343,640,480,512x512,512,384,262144,30375,0.11587143,11.5871,1,0.12136393,0,0.0,0,0.0,0,0.0,0,0.0,ok,
001344,4288,2848,512x512,512,340,262144,6948,0.02650452,2.6505,1,0.00784517,0,0.0,0,0.0,1,0.00229123,1,0.00257946,ok,
001345,1024,768,512x512,512,384,262144,63510,0.24227142,24.2271,1,0.04523341,0,0.0,0,0.0,0,0.0,0,0.0,ok,
001346,3008,2000,512x512,512,340,262144,8728,0.03329468,3.3295,0,0.0,0,0.0,0,0.0,0,0.0,0,0.0,ok,
001347,919,802,512x512,512,447,262144,31312,0.1194458,11.9446,0,0.0,0,0.0,0,0.0,1,0.00109492,1,0.00888557,ok,
001348,3024,2016,512x512,512,341,262144,23444,0.08943176,8.9432,1,0.01977484,0,0.0,0,0.0,0,0.0,1,0.01120484,ok,
001349,3008,2000,512x512,512,340,262144,96271,0.36724472,36.7245,1,0.04993866,0,0.0,0,0.0,0,0.0,1,0.01537699,ok,
001350,4288,2848,512x512,512,340,262144,156764,0.5980072,59.8007,1,0.02699959,0,0.0,0,0.0,1,0.07253765,0,0.0,ok,
001351,1024,768,512x512,512,384,262144,163870,0.62511444,62.5114,1,0.08242162,0,0.0,0,0.0,0,0.0,0,0.0,ok,
001352,1024,768,512x512,512,384,262144,25606,0.09767914,9.7679,1,0.00435003,0,0.0,0,0.0,0,0.0,0,0.0,ok,
001353,3072,2304,512x512,512,384,262144,30116,0.11488342,11.4883,0,0.0,0,0.0,1,0.03074236,0,0.0,0,0.0,ok,
001354,1024,768,512x512,512,384,262144,20353,0.07764053,7.7641,0,0.0,0,0.0,0,0.0,0,0.0,1,0.01120249,ok,
001355,6648,4459,512x512,512,343,262144,137791,0.52563095,52.5631,1,0.21584707,0,0.0,0,0.0,1,0.00761487,1,0.03168628,ok,
001356,3072,2304,512x512,512,384,262144,105699,0.40320969,40.321,0,0.0,0,0.0,0,0.0,0,0.0,0,0.0,ok,
001357,4288,2848,512x512,512,340,262144,5513,0.02103043,2.103,1,0.00297063,0,0.0,0,0.0,1,0.0012187,0,0.0,ok,
001358,4288,2848,512x512,512,340,262144,56770,0.21656036,21.656,1,0.02967813,0,0.0,0,0.0,1,0.00628248,1,0.00377163,ok,
001359,640,480,512x512,512,384,262144,106369,0.40576553,40.5766,1,0.16327799,0,0.0,0,0.0,0,0.0,0,0.0,ok,
001360,3872,2592,512x512,512,343,262144,4274,0.01630402,1.6304,0,0.0,0,0.0,0,0.0,1,0.00123443,0,0.0,ok,
001361,3072,2304,512x512,512,384,262144,54418,0.2075882,20.7588,1,0.18361537,0,0.0,0,0.0,0,0.0,0,0.0,ok,
001362,3072,2304,512x512,512,384,262144,36200,0.13809204,13.8092,1,0.01059723,0,0.0,0,0.0,0,0.0,0,0.0,ok,
001363,6682,4441,512x512,512,340,262144,52493,0.2002449,20.0245,1,0.07276021,0,0.0,0,0.0,0,0.0,1,0.00206708,ok,
001364,640,480,512x512,512,384,262144,49915,0.19041061,19.0411,1,0.13216797,0,0.0,0,0.0,1,0.00562826,0,0.0,ok,
001365,3072,2304,512x512,512,384,262144,74576,0.28448486,28.4485,1,0.00488394,0,0.0,0,0.0,0,0.0,1,0.01994762,ok,
001366,3008,2000,512x512,512,340,262144,6398,0.02440643,2.4406,0,0.0,0,0.0,0,0.0,0,0.0,1,0.005249,ok,
001367,4288,2848,512x512,512,340,262144,27403,0.10453415,10.4534,0,0.0,0,0.0,0,0.0,0,0.0,0,0.0,ok,
001368,4288,2848,512x512,512,340,262144,12472,0.0475769,4.7577,0,0.0,0,0.0,0,0.0,0,0.0,0,0.0,ok,
001369,2059,1732,512x512,512,431,262144,49996,0.1907196,19.072,1,0.17971627,0,0.0,0,0.0,0,0.0,0,0.0,ok,
001370,1024,768,512x512,512,384,262144,50149,0.19130325,19.1303,0,0.0,1,0.02245076,0,0.0,0,0.0,1,0.01977921,ok,
001371,1024,768,512x512,512,384,262144,26579,0.10139084,10.1391,0,0.0,0,0.0,0,0.0,0,0.0,1,0.01779175,ok,
001372,6641,4440,512x512,512,342,262144,95728,0.36517334,36.5173,1,0.4001595,1,0.02793071,0,0.0,0,0.0,0,0.0,ok,
001373,4288,2848,512x512,512,340,262144,26876,0.1025238,10.2524,0,0.0,0,0.0,0,0.0,0,0.0,0,0.0,ok,
001374,640,480,512x512,512,384,262144,22136,0.08444214,8.4442,1,0.02949544,0,0.0,0,0.0,0,0.0,1,0.0116569,ok,
001375,3872,2592,512x512,512,343,262144,5972,0.02278137,2.2781,1,0.01927866,0,0.0,0,0.0,1,0.00289422,0,0.0,ok,
001376,1024,768,512x512,512,384,262144,51471,0.19634628,19.6346,0,0.0,0,0.0,0,0.0,1,0.05056254,0,0.0,ok,
001377,1024,768,512x512,512,384,262144,154323,0.58869553,58.8696,1,0.16477966,1,0.01993179,0,0.0,0,0.0,0,0.0,ok,
001378,3872,2592,512x512,512,343,262144,2208,0.00842285,0.8423,1,0.0130851,0,0.0,0,0.0,0,0.0,0,0.0,ok,
001379,4288,2848,512x512,512,340,262144,11588,0.04420471,4.4205,0,0.0,0,0.0,0,0.0,1,0.0104542,0,0.0,ok,
001380,1024,768,512x512,512,384,262144,50415,0.19231796,19.2318,1,0.08138657,0,0.0,0,0.0,1,0.00132497,0,0.0,ok,
001381,1453,1241,512x512,512,437,262144,119871,0.45727158,45.7272,0,0.0,0,0.0,0,0.0,0,0.0,0,0.0,ok,
001382,3072,2304,512x512,512,384,262144,22035,0.08405685,8.4057,0,0.0,0,0.0,0,0.0,0,0.0,0,0.0,ok,
001383,4288,2848,512x512,512,340,262144,8644,0.03297424,3.2974,0,0.0,0,0.0,0,0.0,1,0.00255138,0,0.0,ok,
001384,6622,4441,512x512,512,343,262144,19707,0.07517624,7.5176,1,0.05151841,0,0.0,0,0.0,0,0.0,1,0.00786268,ok,
001385,2592,1936,512x512,512,382,262144,19376,0.07391357,7.3914,0,0.0,0,0.0,0,0.0,1,0.00271536,0,0.0,ok,
001386,640,480,512x512,512,384,262144,28463,0.10857773,10.8578,1,0.03668945,0,0.0,0,0.0,0,0.0,0,0.0,ok,
001387,1502,1051,512x512,512,358,262144,55392,0.21130371,21.1304,1,0.28205019,0,0.0,0,0.0,0,0.0,0,0.0,ok,
001388,3008,2000,512x512,512,340,262144,12724,0.04853821,4.8538,1,0.04090143,0,0.0,0,0.0,1,0.00341057,0,0.0,ok,
001389,767,576,512x512,512,385,262144,27322,0.10422516,10.4225,0,0.0,0,0.0,0,0.0,0,0.0,0,0.0,ok,
001390,1024,768,512x512,512,384,262144,31901,0.12169266,12.1693,1,0.06880188,0,0.0,0,0.0,1,0.00328318,1,0.01044083,ok,
001391,6688,4439,512x512,512,340,262144,127061,0.48469925,48.4699,0,0.0,0,0.0,0,0.0,0,0.0,0,0.0,ok,
001392,640,480,512x512,512,384,262144,34388,0.13117981,13.118,1,0.04110026,0,0.0,0,0.0,0,0.0,0,0.0,ok,
001393,6621,4402,512x512,512,340,262144,26257,0.10016251,10.0163,1,0.07103662,0,0.0,0,0.0,0,0.0,0,0.0,ok,
001394,3872,2592,512x512,512,343,262144,9628,0.03672791,3.6728,1,0.03407118,0,0.0,0,0.0,1,0.00105707,0,0.0,ok,
001395,1024,768,512x512,512,384,262144,32838,0.12526703,12.5267,1,0.02459208,0,0.0,0,0.0,1,0.00131861,0,0.0,ok,
001396,3072,2304,512x512,512,384,262144,79718,0.30410004,30.41,1,0.1014944,0,0.0,0,0.0,0,0.0,0,0.0,ok,
001397,4288,2848,512x512,512,340,262144,13052,0.04978943,4.9789,1,0.01429936,0,0.0,0,0.0,1,0.01174315,0,0.0,ok,
001398,4288,2848,512x512,512,340,262144,4501,0.01716995,1.717,1,0.00388824,0,0.0,0,0.0,0,0.0,0,0.0,ok,
001399,4288,2848,512x512,512,340,262144,61416,0.23428345,23.4283,1,0.00190113,0,0.0,0,0.0,0,0.0,0,0.0,ok,
001400,6608,4419,512x512,512,342,262144,86921,0.3315773,33.1577,1,0.09135145,0,0.0,0,0.0,0,0.0,0,0.0,ok,
001401,6648,4439,512x512,512,342,262144,5443,0.0207634,2.0763,0,0.0,0,0.0,0,0.0,0,0.0,0,0.0,ok,
001402,4288,2848,512x512,512,340,262144,26532,0.10121155,10.1212,0,0.0,0,0.0,0,0.0,1,0.03140124,0,0.0,ok,
001403,3072,2304,512x512,512,384,262144,72656,0.27716064,27.7161,1,0.03786031,1,0.03213176,0,0.0,0,0.0,0,0.0,ok,
001404,1024,768,512x512,512,384,262144,181552,0.69256592,69.2566,1,0.0153389,0,0.0,0,0.0,1,0.00099436,0,0.0,ok,
001405,2265,1965,512x512,512,444,262144,27067,0.10325241,10.3252,1,0.03887906,0,0.0,0,0.0,0,0.0,1,0.01482051,ok,
001406,4288,2848,512x512,512,340,262144,6316,0.02409363,2.4094,1,0.00622909,0,0.0,0,0.0,0,0.0,0,0.0,ok,
001407,3072,2304,512x512,512,384,262144,17924,0.06837463,6.8375,0,0.0,0,0.0,0,0.0,0,0.0,0,0.0,ok,
001408,4288,2848,512x512,512,340,262144,14921,0.0569191,5.6919,0,0.0,0,0.0,0,0.0,1,0.01047491,0,0.0,ok,
001409,3024,2016,512x512,512,341,262144,4756,0.0181427,1.8143,0,0.0,0,0.0,0,0.0,0,0.0,0,0.0,ok,
001410,1024,768,512x512,512,384,262144,173620,0.66230774,66.2308,1,0.03002421,0,0.0,0,0.0,1,0.00115204,1,0.1638972,ok,
001411,6642,4420,512x512,512,341,262144,35481,0.13534927,13.5349,1,0.18105774,0,0.0,0,0.0,0,0.0,1,0.00795783,ok,
001412,2048,1536,512x512,512,384,262144,72807,0.27773666,27.7737,0,0.0,1,0.01490243,0,0.0,0,0.0,1,0.0515976,ok,
001413,4288,2848,512x512,512,340,262144,1489,0.00568008,0.568,1,0.00346563,0,0.0,0,0.0,0,0.0,0,0.0,ok,
001414,3008,2000,512x512,512,340,262144,2136,0.00814819,0.8148,1,0.01351297,0,0.0,0,0.0,1,0.00262367,0,0.0,ok,
001415,1024,768,512x512,512,384,262144,47209,0.18008804,18.0088,1,0.01231511,1,0.01348368,0,0.0,0,0.0,0,0.0,ok,
001416,3072,2304,512x512,512,384,262144,5948,0.02268982,2.269,0,0.0,0,0.0,1,0.003556,0,0.0,0,0.0,ok,
001417,962,670,512x512,512,357,262144,47637,0.18172073,18.1721,1,0.02480063,0,0.0,1,0.00918329,0,0.0,1,0.02638005,ok,
001418,3072,2304,512x512,512,384,262144,6440,0.02456665,2.4567,1,0.0062715,0,0.0,0,0.0,0,0.0,1,0.00640643,ok,
001419,4288,2848,512x512,512,340,262144,53390,0.20366669,20.3667,1,0.0052065,0,0.0,0,0.0,1,0.00973385,0,0.0,ok,
001420,3872,2592,512x512,512,343,262144,175614,0.66991425,66.9914,1,0.01246275,0,0.0,0,0.0,0,0.0,0,0.0,ok,
001421,4288,2848,512x512,512,340,262144,60884,0.23225403,23.2254,1,0.12519087,0,0.0,0,0.0,1,0.01259066,0,0.0,ok,
001422,767,576,512x512,512,385,262144,58278,0.22231293,22.2313,1,0.00531925,0,0.0,0,0.0,0,0.0,0,0.0,ok,
001423,1024,768,512x512,512,384,262144,28120,0.10726929,10.7269,1,0.0528361,0,0.0,1,0.00898743,0,0.0,1,0.00870387,ok,
001424,3072,2304,512x512,512,384,262144,57752,0.2203064,22.0306,0,0.0,0,0.0,0,0.0,0,0.0,0,0.0,ok,
001425,3008,2000,512x512,512,340,262144,12157,0.04637527,4.6375,1,0.01632181,0,0.0,0,0.0,0,0.0,0,0.0,ok,
001426,3872,2592,512x512,512,343,262144,21548,0.0821991,8.2199,1,0.03697905,0,0.0,0,0.0,0,0.0,0,0.0,ok,
001427,3024,2016,512x512,512,341,262144,32697,0.12472916,12.4729,1,0.00303377,0,0.0,0,0.0,0,0.0,0,0.0,ok,
001428,3008,2000,512x512,512,340,262144,4984,0.01901245,1.9012,1,0.02001779,0,0.0,0,0.0,0,0.0,1,0.00351679,ok,
001429,796,682,512x512,512,439,262144,14217,0.05423355,5.4234,1,0.0510415,0,0.0,0,0.0,0,0.0,0,0.0,ok,
001430,3872,2592,512x512,512,343,262144,6493,0.02476883,2.4769,0,0.0,0,0.0,0,0.0,1,0.00222743,1,0.01480029,ok,
001431,3024,2016,512x512,512,341,262144,14796,0.05644226,5.6442,0,0.0,0,0.0,0,0.0,1,0.00497869,1,0.03453818,ok,
001432,6648,4419,512x512,512,340,262144,106018,0.40442657,40.4427,1,0.51762314,0,0.0,0,0.0,0,0.0,0,0.0,ok,
001433,3072,2304,512x512,512,384,262144,21764,0.08302307,8.3023,1,0.01024317,1,0.01459687,1,0.00315362,0,0.0,1,0.0037377,ok,
001434,1024,768,512x512,512,384,262144,8236,0.03141785,3.1418,1,0.01094691,0,0.0,0,0.0,0,0.0,0,0.0,ok,
001435,6708,4439,512x512,512,339,262144,34924,0.13322449,13.3224,1,0.01733171,0,0.0,0,0.0,1,0.0114929,0,0.0,ok,
001436,1024,768,512x512,512,384,262144,115291,0.43980026,43.98,1,0.37249756,0,0.0,0,0.0,0,0.0,0,0.0,ok,
001437,3072,2304,512x512,512,384,262144,160194,0.61109161,61.1092,1,0.01968794,0,0.0,0,0.0,0,0.0,0,0.0,ok,
001438,6602,4382,512x512,512,340,262144,72596,0.27693176,27.6932,0,0.0,0,0.0,0,0.0,1,0.00784173,0,0.0,ok,
001439,1504,1129,512x512,512,384,262144,38583,0.14718246,14.7182,1,0.11521387,0,0.0,0,0.0,0,0.0,0,0.0,ok,
001440,2592,1936,512x512,512,382,262144,45801,0.17471695,17.4717,1,0.02868409,0,0.0,0,0.0,0,0.0,0,0.0,ok,
001441,2048,1536,512x512,512,384,262144,35108,0.13392639,13.3926,1,0.01222356,0,0.0,0,0.0,0,0.0,1,0.02963543,ok,
001442,4288,2848,512x512,512,340,262144,11697,0.04462051,4.4621,0,0.0,0,0.0,0,0.0,0,0.0,0,0.0,ok,
001443,4288,2848,512x512,512,340,262144,8880,0.03387451,3.3875,1,0.00954814,0,0.0,0,0.0,0,0.0,0,0.0,ok,
001444,4288,2848,512x512,512,340,262144,47844,0.18251038,18.251,0,0.0,0,0.0,0,0.0,0,0.0,1,0.07051541,ok,
001445,3008,2000,512x512,512,340,262144,744,0.00283813,0.2838,0,0.0,0,0.0,0,0.0,1,0.00282646,0,0.0,ok,
001446,3872,2592,512x512,512,343,262144,166576,0.63543701,63.5437,1,0.0095233,0,0.0,0,0.0,0,0.0,0,0.0,ok,
001447,3072,2304,512x512,512,384,262144,26048,0.09936523,9.9365,0,0.0,0,0.0,0,0.0,0,0.0,0,0.0,ok,
001448,4288,2848,512x512,512,340,262144,25719,0.0981102,9.811,0,0.0,0,0.0,0,0.0,0,0.0,0,0.0,ok,
001449,640,480,512x512,512,384,262144,129858,0.49536896,49.5369,1,0.33877279,0,0.0,0,0.0,0,0.0,1,0.01780273,ok,
001450,6662,4382,512x512,512,337,262144,113950,0.43468475,43.4685,0,0.0,0,0.0,0,0.0,0,0.0,0,0.0,ok,
001451,640,480,512x512,512,384,262144,50158,0.19133759,19.1338,1,0.0219401,1,0.00395182,0,0.0,0,0.0,0,0.0,ok,
001452,2592,1936,512x512,512,382,262144,94640,0.36102295,36.1023,1,0.10679734,0,0.0,0,0.0,0,0.0,0,0.0,ok,
001453,1024,768,512x512,512,384,262144,107369,0.40958023,40.958,1,0.2134641,0,0.0,0,0.0,1,0.01826986,0,0.0,ok,
001454,3072,2304,512x512,512,384,262144,28424,0.10842896,10.8429,0,0.0,0,0.0,0,0.0,0,0.0,0,0.0,ok,
001455,4288,2848,512x512,512,340,262144,72010,0.27469635,27.4696,0,0.0,0,0.0,0,0.0,1,0.02502026,0,0.0,ok,
001456,767,576,512x512,512,385,262144,28291,0.1079216,10.7922,1,0.03404996,0,0.0,0,0.0,0,0.0,0,0.0,ok,
001457,6682,4422,512x512,512,339,262144,59668,0.22761536,22.7615,1,0.09832721,0,0.0,0,0.0,0,0.0,0,0.0,ok,
001458,1022,767,512x512,512,384,262144,17719,0.06759262,6.7593,1,0.00400957,1,0.00674981,0,0.0,0,0.0,0,0.0,ok,
001459,1024,768,512x512,512,384,262144,8355,0.0318718,3.1872,0,0.0,0,0.0,0,0.0,0,0.0,0,0.0,ok,
001460,3072,2304,512x512,512,384,262144,26193,0.09991837,9.9918,1,0.03280103,0,0.0,0,0.0,0,0.0,0,0.0,ok,
001461,4288,2848,512x512,512,340,262144,25393,0.09686661,9.6867,1,0.00579239,0,0.0,0,0.0,1,0.00409639,0,0.0,ok,
001462,1024,768,512x512,512,384,262144,33482,0.12772369,12.7724,1,0.02746582,1,0.00676727,0,0.0,0,0.0,1,0.01930618,ok,
001463,640,480,512x512,512,384,262144,14291,0.05451584,5.4516,1,0.04090495,0,0.0,0,0.0,0,0.0,1,0.01768555,ok,
001464,4288,2848,512x512,512,340,262144,25040,0.09552002,9.552,1,0.00666087,0,0.0,0,0.0,1,0.00447773,0,0.0,ok,
001465,2048,1536,512x512,512,384,262144,19534,0.0745163,7.4516,1,0.02999369,0,0.0,0,0.0,0,0.0,1,0.01063093,ok,
001466,3008,2000,512x512,512,340,262144,15234,0.0581131,5.8113,1,0.01530236,0,0.0,0,0.0,0,0.0,0,0.0,ok,
001467,1504,1129,512x512,512,384,262144,81534,0.31102753,31.1028,1,0.04455612,0,0.0,0,0.0,1,0.01062416,0,0.0,ok,
001468,1024,768,512x512,512,384,262144,8998,0.03432465,3.4325,0,0.0,0,0.0,0,0.0,0,0.0,1,0.00877762,ok,
001469,3072,2304,512x512,512,384,262144,29048,0.11080933,11.0809,1,0.12352781,0,0.0,0,0.0,0,0.0,0,0.0,ok,
001470,1024,768,512x512,512,384,262144,13819,0.0527153,5.2715,0,0.0,0,0.0,0,0.0,0,0.0,0,0.0,ok,
001471,640,480,512x512,512,384,262144,22653,0.08641434,8.6414,0,0.0,0,0.0,0,0.0,0,0.0,0,0.0,ok,
001472,962,722,512x512,512,384,262144,54329,0.20724869,20.7249,1,0.2158462,0,0.0,0,0.0,1,0.00201997,1,0.01061385,ok,
001473,2314,2067,512x512,512,457,262144,63480,0.24215698,24.2157,0,0.0,0,0.0,0,0.0,0,0.0,1,0.02849423,ok,
001474,2048,1536,512x512,512,384,262144,97021,0.37010574,37.0106,1,0.20849133,0,0.0,0,0.0,0,0.0,1,0.0023934,ok,
001475,1024,768,512x512,512,384,262144,23432,0.08938599,8.9386,1,0.03549194,0,0.0,0,0.0,0,0.0,0,0.0,ok,
001476,6648,4419,512x512,512,340,262144,20684,0.0789032,7.8903,1,0.0331348,0,0.0,1,0.02241565,0,0.0,1,0.003396,ok,
001477,1024,768,512x512,512,384,262144,100437,0.38313675,38.3137,1,0.17091497,0,0.0,0,0.0,1,0.00184504,0,0.0,ok,
001478,4288,2848,512x512,512,340,262144,5880,0.02243042,2.243,1,0.00711238,0,0.0,1,0.00415878,0,0.0,1,0.00773332,ok,
001479,3008,2000,512x512,512,340,262144,11400,0.04348755,4.3488,1,0.02550432,0,0.0,0,0.0,0,0.0,0,0.0,ok,
001480,722,542,512x512,512,384,262144,55389,0.21129227,21.1292,0,0.0,0,0.0,0,0.0,0,0.0,0,0.0,ok,
001481,3072,2304,512x512,512,384,262144,29864,0.11392212,11.3922,1,0.00521398,0,0.0,0,0.0,0,0.0,0,0.0,ok,
001482,640,480,512x512,512,384,262144,42391,0.16170883,16.1709,0,0.0,0,0.0,0,0.0,0,0.0,0,0.0,ok,
001483,640,480,512x512,512,384,262144,85738,0.32706451,32.7065,1,0.06160807,0,0.0,0,0.0,0,0.0,0,0.0,ok,
001484,1024,768,512x512,512,384,262144,38338,0.14624786,14.6248,1,0.00735219,0,0.0,0,0.0,0,0.0,0,0.0,ok,
001485,4288,2848,512x512,512,340,262144,1479,0.00564194,0.5642,1,0.00199112,0,0.0,0,0.0,0,0.0,1,0.00356659,ok,
001486,4288,2848,512x512,512,340,262144,6540,0.02494812,2.4948,1,0.03552318,0,0.0,0,0.0,0,0.0,0,0.0,ok,
001487,6621,4401,512x512,512,340,262144,37116,0.1415863,14.1586,1,0.11790159,0,0.0,0,0.0,0,0.0,0,0.0,ok,
001488,1024,768,512x512,512,384,262144,43798,0.16707611,16.7076,0,0.0,0,0.0,0,0.0,0,0.0,0,0.0,ok,
001489,4288,2848,512x512,512,340,262144,4034,0.01538849,1.5388,0,0.0,0,0.0,0,0.0,1,0.0025662,0,0.0,ok,
001490,4288,2848,512x512,512,340,262144,8776,0.03347778,3.3478,1,0.01978084,0,0.0,0,0.0,0,0.0,0,0.0,ok,
001491,4288,2848,512x512,512,340,262144,26064,0.09942627,9.9426,1,0.03039086,1,0.00895201,0,0.0,1,0.0081511,0,0.0,ok,
001492,3072,2304,512x512,512,384,262144,25539,0.09742355,9.7424,1,0.10469606,0,0.0,0,0.0,0,0.0,0,0.0,ok,
001493,1024,768,512x512,512,384,262144,28197,0.10756302,10.7563,1,0.01342392,1,0.01588058,0,0.0,0,0.0,0,0.0,ok,
001494,6668,4439,512x512,512,341,262144,59245,0.22600174,22.6002,0,0.0,0,0.0,0,0.0,0,0.0,1,0.12842233,ok,
001495,3872,2592,512x512,512,343,262144,167507,0.63898849,63.8988,0,0.0,0,0.0,0,0.0,0,0.0,0,0.0,ok,
001496,2655,2292,512x512,512,442,262144,53268,0.20320129,20.3201,0,0.0,0,0.0,0,0.0,0,0.0,0,0.0,ok,
001497,4288,2848,512x512,512,340,262144,20282,0.07736969,7.737,0,0.0,0,0.0,0,0.0,1,0.01080098,0,0.0,ok,
001498,3008,2000,512x512,512,340,262144,27532,0.10502625,10.5026,0,0.0,0,0.0,0,0.0,0,0.0,0,0.0,ok,
001499,3072,2304,512x512,512,384,262144,170304,0.6496582,64.9658,1,0.04472182,0,0.0,0,0.0,0,0.0,0,0.0,ok,
001500,4288,2848,512x512,512,340,262144,10892,0.04154968,4.155,0,0.0,0,0.0,0,0.0,0,0.0,0,0.0,ok,
001501,3008,2000,512x512,512,340,262144,7598,0.02898407,2.8984,1,0.00565625,0,0.0,0,0.0,0,0.0,0,0.0,ok,
001502,3008,2000,512x512,512,340,262144,2981,0.01137161,1.1372,0,0.0,0,0.0,0,0.0,1,0.00437434,0,0.0,ok,
001503,1024,768,512x512,512,384,262144,21348,0.08143616,8.1436,1,0.0141805,0,0.0,0,0.0,0,0.0,1,0.02205912,ok,
001504,3024,2016,512x512,512,341,262144,11386,0.04343414,4.3434,0,0.0,0,0.0,0,0.0,1,0.01135394,0,0.0,ok,
001505,640,480,512x512,512,384,262144,30027,0.11454391,11.4544,1,0.06443685,0,0.0,0,0.0,0,0.0,0,0.0,ok,
001506,4288,2848,512x512,512,340,262144,1968,0.00750732,0.7507,1,0.00967563,0,0.0,0,0.0,0,0.0,1,0.00213581,ok,
001507,3872,2592,512x512,512,343,262144,4556,0.01737976,1.738,0,0.0,0,0.0,0,0.0,1,0.00106056,0,0.0,ok,
001508,4288,2848,512x512,512,340,262144,48124,0.18357849,18.3578,0,0.0,0,0.0,0,0.0,1,0.0090416,0,0.0,ok,
001509,4288,2848,512x512,512,340,262144,13480,0.05142212,5.1422,1,0.00785066,0,0.0,0,0.0,1,0.00100784,0,0.0,ok,
001510,1024,768,512x512,512,384,262144,21300,0.08125305,8.1253,0,0.0,0,0.0,0,0.0,0,0.0,1,0.00233205,ok,
001511,3072,2304,512x512,512,384,262144,10976,0.04187012,4.187,0,0.0,0,0.0,0,0.0,0,0.0,1,0.01333717,ok,
001512,1502,1036,512x512,512,353,262144,105669,0.40309525,40.3095,0,0.0,0,0.0,0,0.0,0,0.0,1,0.46117082,ok,
001513,640,480,512x512,512,384,262144,19460,0.07423401,7.4234,1,0.05397786,0,0.0,0,0.0,0,0.0,0,0.0,ok,
001514,1024,768,512x512,512,384,262144,77531,0.29575729,29.5757,1,0.10193253,0,0.0,0,0.0,0,0.0,1,0.00682576,ok,
001515,1024,768,512x512,512,384,262144,56116,0.21406555,21.4066,1,0.05196635,0,0.0,0,0.0,0,0.0,0,0.0,ok,
001516,4288,2848,512x512,512,340,262144,10620,0.04051208,4.0512,1,0.00378211,1,0.01895011,0,0.0,0,0.0,0,0.0,ok,
001517,3872,2592,512x512,512,343,262144,4229,0.01613235,1.6132,1,0.00202198,0,0.0,0,0.0,0,0.0,0,0.0,ok,
001518,640,480,512x512,512,384,262144,50720,0.19348145,19.3481,1,0.07763346,0,0.0,0,0.0,0,0.0,0,0.0,ok,
001519,640,480,512x512,512,384,262144,51772,0.19749451,19.7495,1,0.12752604,0,0.0,0,0.0,0,0.0,0,0.0,ok,
001520,1024,768,512x512,512,384,262144,48748,0.18595886,18.5959,1,0.01286316,0,0.0,0,0.0,1,0.0010821,0,0.0,ok,
001521,6695,4497,512x512,512,344,262144,33199,0.12664413,12.6644,1,0.07732866,0,0.0,0,0.0,0,0.0,1,0.01485073,ok,
001522,4288,2848,512x512,512,340,262144,32797,0.12511063,12.5111,0,0.0,0,0.0,0,0.0,1,0.00545191,0,0.0,ok,
001523,1024,768,512x512,512,384,262144,29169,0.1112709,11.1271,1,0.00178782,0,0.0,0,0.0,1,0.00309881,0,0.0,ok,
001524,4288,2848,512x512,512,340,262144,56485,0.21547318,21.5473,1,0.01007458,0,0.0,0,0.0,0,0.0,0,0.0,ok,
001525,4288,2848,512x512,512,340,262144,16644,0.06349182,6.3492,1,0.00856814,0,0.0,0,0.0,1,0.00838815,0,0.0,ok,
001526,1024,768,512x512,512,384,262144,61638,0.23513031,23.513,0,0.0,0,0.0,0,0.0,0,0.0,1,0.0158933,ok,
001527,6648,4419,512x512,512,340,262144,63427,0.2419548,24.1955,1,0.07162152,0,0.0,0,0.0,0,0.0,1,0.00650327,ok,
001528,4288,2848,512x512,512,340,262144,27696,0.10565186,10.5652,1,0.05808156,0,0.0,0,0.0,0,0.0,0,0.0,ok,
001529,4288,2848,512x512,512,340,262144,2804,0.01069641,1.0696,1,0.01606931,0,0.0,0,0.0,0,0.0,1,0.00339414,ok,
001530,640,480,512x512,512,384,262144,109450,0.41751862,41.7519,1,0.1267806,1,0.05505859,0,0.0,0,0.0,0,0.0,ok,
001531,3072,2304,512x512,512,384,262144,6351,0.02422714,2.4227,1,0.00229814,0,0.0,0,0.0,0,0.0,0,0.0,ok,
001532,3072,2304,512x512,512,384,262144,23000,0.08773804,8.7738,0,0.0,0,0.0,0,0.0,0,0.0,1,0.01689996,ok,
001533,919,802,512x512,512,447,262144,72086,0.27498627,27.4986,1,0.18121318,0,0.0,0,0.0,0,0.0,1,0.00120889,ok,
001534,2048,1536,512x512,512,384,262144,10484,0.03999329,3.9993,1,0.00865968,0,0.0,0,0.0,0,0.0,0,0.0,ok,
001535,2592,1944,512x512,512,384,262144,36455,0.13906479,13.9065,1,0.14556125,0,0.0,0,0.0,0,0.0,0,0.0,ok,
001536,6688,4439,512x512,512,340,262144,25877,0.09871292,9.8713,1,0.14016648,0,0.0,0,0.0,0,0.0,0,0.0,ok,
001537,3072,2304,512x512,512,384,262144,192510,0.73436737,73.4367,1,0.00827916,0,0.0,0,0.0,0,0.0,1,0.0438094,ok,
001538,640,480,512x512,512,384,262144,191366,0.73000336,73.0003,1,0.34631185,0,0.0,0,0.0,0,0.0,0,0.0,ok,
001539,3072,2304,512x512,512,384,262144,151036,0.57615662,57.6157,0,0.0,0,0.0,0,0.0,0,0.0,0,0.0,ok,
001540,4288,2848,512x512,512,340,262144,14632,0.05581665,5.5817,1,0.01787774,0,0.0,0,0.0,1,0.00434655,1,0.00816461,ok,
001541,4288,2848,512x512,512,340,262144,27549,0.10509109,10.5091,1,0.03245641,0,0.0,0,0.0,0,0.0,0,0.0,ok,
001542,3072,2304,512x512,512,384,262144,6691,0.02552414,2.5524,0,0.0,0,0.0,0,0.0,0,0.0,0,0.0,ok,
001543,2048,1536,512x512,512,384,262144,11725,0.04472733,4.4727,1,0.03601074,0,0.0,0,0.0,0,0.0,0,0.0,ok,
001544,2048,1536,512x512,512,384,262144,59048,0.22525024,22.525,1,0.02192338,0,0.0,0,0.0,0,0.0,0,0.0,ok,
001545,3008,2000,512x512,512,340,262144,6100,0.02326965,2.327,1,0.01096127,0,0.0,0,0.0,1,0.00708644,0,0.0,ok,
001546,919,802,512x512,512,447,262144,23404,0.08927917,8.9279,0,0.0,0,0.0,0,0.0,0,0.0,1,0.02432846,ok,
001547,4288,2848,512x512,512,340,262144,10089,0.03848648,3.8486,0,0.0,0,0.0,0,0.0,0,0.0,1,0.00660363,ok,
001548,2048,1536,512x512,512,384,262144,22408,0.08547974,8.548,0,0.0,0,0.0,0,0.0,0,0.0,1,0.01573467,ok,
001549,640,480,512x512,512,384,262144,37006,0.14116669,14.1167,1,0.08452474,0,0.0,0,0.0,0,0.0,0,0.0,ok,
001550,3008,2000,512x512,512,340,262144,1500,0.00572205,0.5722,1,0.00338497,0,0.0,0,0.0,0,0.0,0,0.0,ok,
001551,2048,1536,512x512,512,384,262144,71239,0.27175522,27.1755,1,0.00317446,0,0.0,0,0.0,0,0.0,1,0.03993607,ok,
001552,3072,2304,512x512,512,384,262144,94872,0.36190796,36.1908,1,0.04923107,0,0.0,0,0.0,0,0.0,1,0.0728326,ok,
001553,6602,4401,512x512,512,341,262144,53437,0.20384598,20.3846,1,0.14051614,0,0.0,0,0.0,1,0.01154842,0,0.0,ok,
001554,6661,4401,512x512,512,338,262144,55954,0.21344757,21.3448,1,0.08310452,0,0.0,0,0.0,0,0.0,1,0.00523656,ok,
001555,6688,4439,512x512,512,340,262144,29647,0.11309433,11.3094,1,0.06570813,0,0.0,0,0.0,0,0.0,0,0.0,ok,
001556,3008,2000,512x512,512,340,262144,2999,0.01144028,1.144,0,0.0,0,0.0,0,0.0,0,0.0,0,0.0,ok,
001557,6682,4401,512x512,512,337,262144,88666,0.33823395,33.8234,1,0.01306259,1,0.01353339,0,0.0,0,0.0,1,0.11917692,ok,
001558,3008,2000,512x512,512,340,262144,3652,0.01393127,1.3931,0,0.0,0,0.0,0,0.0,0,0.0,0,0.0,ok,
001559,3072,2304,512x512,512,384,262144,21930,0.08365631,8.3656,1,0.06100167,0,0.0,1,0.03128377,0,0.0,0,0.0,ok,
001560,3072,2304,512x512,512,384,262144,17670,0.0674057,6.7406,0,0.0,0,0.0,0,0.0,0,0.0,0,0.0,ok,
001561,1024,768,512x512,512,384,262144,49466,0.18869781,18.8698,1,0.00120799,1,0.01942317,0,0.0,0,0.0,0,0.0,ok,
001562,6628,4399,512x512,512,340,262144,76782,0.29290009,29.29,1,0.03705885,0,0.0,0,0.0,0,0.0,0,0.0,ok,
001563,640,480,512x512,512,384,262144,11204,0.04273987,4.274,1,0.0104362,0,0.0,0,0.0,0,0.0,0,0.0,ok,
001564,2048,1536,512x512,512,384,262144,78413,0.29912186,29.9122,0,0.0,0,0.0,0,0.0,0,0.0,0,0.0,ok,
001565,767,576,512x512,512,385,262144,6878,0.02623749,2.6237,0,0.0,0,0.0,0,0.0,0,0.0,0,0.0,ok,
001566,1024,768,512x512,512,384,262144,57570,0.21961212,21.9612,1,0.08942795,0,0.0,0,0.0,0,0.0,0,0.0,ok,
001567,3872,2592,512x512,512,343,262144,1387,0.00529099,0.5291,1,0.00649139,0,0.0,0,0.0,0,0.0,0,0.0,ok,
001568,6688,4439,512x512,512,340,262144,38720,0.14770508,14.7705,0,0.0,0,0.0,0,0.0,0,0.0,1,0.00590477,ok,
001569,3008,2000,512x512,512,340,262144,6714,0.02561188,2.5612,0,0.0,0,0.0,0,0.0,0,0.0,0,0.0,ok,
001570,962,674,512x512,512,359,262144,132288,0.50463867,50.4639,1,0.29778003,0,0.0,0,0.0,1,0.07627069,1,0.01065566,ok,
001571,4288,2848,512x512,512,340,262144,15436,0.05888367,5.8884,0,0.0,0,0.0,0,0.0,1,0.01554369,0,0.0,ok,
001572,3072,2304,512x512,512,384,262144,4412,0.01683044,1.683,1,0.00345018,0,0.0,0,0.0,0,0.0,0,0.0,ok,
001573,3872,2592,512x512,512,343,262144,952,0.00363159,0.3632,0,0.0,0,0.0,0,0.0,0,0.0,0,0.0,ok,
001574,3024,2016,512x512,512,341,262144,10039,0.03829575,3.8296,0,0.0,0,0.0,0,0.0,0,0.0,0,0.0,ok,
001575,1024,768,512x512,512,384,262144,64397,0.24565506,24.5655,0,0.0,0,0.0,0,0.0,0,0.0,0,0.0,ok,
001576,640,480,512x512,512,384,262144,25934,0.09893036,9.893,1,0.03095378,0,0.0,0,0.0,0,0.0,0,0.0,ok,
001577,3072,2304,512x512,512,384,262144,27728,0.10577393,10.5774,0,0.0,0,0.0,0,0.0,0,0.0,0,0.0,ok,
001578,640,480,512x512,512,384,262144,85253,0.32521439,32.5214,1,0.2178125,0,0.0,0,0.0,0,0.0,0,0.0,ok,
001579,3008,2000,512x512,512,340,262144,10343,0.03945541,3.9455,0,0.0,0,0.0,0,0.0,1,0.00467453,0,0.0,ok,
001580,6661,4420,512x512,512,340,262144,37891,0.14454269,14.4543,1,0.04546791,0,0.0,0,0.0,0,0.0,1,0.01239174,ok,
001581,1024,768,512x512,512,384,262144,85639,0.32668686,32.6687,0,0.0,0,0.0,0,0.0,0,0.0,0,0.0,ok,
001582,1024,768,512x512,512,384,262144,157661,0.60142899,60.1429,1,0.09451548,1,0.00950241,0,0.0,0,0.0,0,0.0,ok,
001583,4288,2848,512x512,512,340,262144,9976,0.03805542,3.8055,0,0.0,0,0.0,0,0.0,0,0.0,0,0.0,ok,
001584,4288,2848,512x512,512,340,262144,29508,0.11256409,11.2564,1,0.0026887,0,0.0,0,0.0,0,0.0,1,0.00854963,ok,
001585,640,480,512x512,512,384,262144,65851,0.25120163,25.1202,1,0.1933138,0,0.0,0,0.0,0,0.0,0,0.0,ok,
001586,1024,768,512x512,512,384,262144,36055,0.13753891,13.7539,1,0.05141703,0,0.0,0,0.0,0,0.0,0,0.0,ok,
001587,6600,4411,512x512,512,342,262144,91689,0.34976578,34.9766,1,0.03610028,1,0.01260695,0,0.0,1,0.00131424,0,0.0,ok,
001588,1024,768,512x512,512,384,262144,22960,0.08758545,8.7585,1,0.04796855,0,0.0,0,0.0,1,0.00116475,0,0.0,ok,
001589,4288,2848,512x512,512,340,262144,16652,0.06352234,6.3522,0,0.0,0,0.0,0,0.0,0,0.0,0,0.0,ok,
001590,2592,1936,512x512,512,382,262144,19850,0.07572174,7.5722,1,0.0099117,0,0.0,0,0.0,0,0.0,0,0.0,ok,
001591,5184,3456,512x512,512,341,262144,38926,0.14849091,14.8491,1,0.00415162,0,0.0,0,0.0,1,0.00788629,0,0.0,ok,
001592,1024,768,512x512,512,384,262144,42254,0.16118622,16.1186,1,0.0242068,0,0.0,0,0.0,1,0.00729879,0,0.0,ok,
001593,2592,1944,512x512,512,384,262144,44510,0.16979218,16.9792,1,0.17601543,1,0.00490509,0,0.0,1,0.00507279,0,0.0,ok,
001594,6662,4440,512x512,512,341,262144,28860,0.11009216,11.0092,1,0.11111078,0,0.0,0,0.0,0,0.0,1,0.03535881,ok,
001595,3072,2304,512x512,512,384,262144,29780,0.11360168,11.3602,0,0.0,0,0.0,0,0.0,0,0.0,0,0.0,ok,
001596,1494,1036,512x512,512,355,262144,58138,0.22177887,22.1779,1,0.28944801,0,0.0,0,0.0,0,0.0,0,0.0,ok,
001597,4288,2848,512x512,512,340,262144,9948,0.03794861,3.7949,0,0.0,0,0.0,0,0.0,1,0.01111951,0,0.0,ok,
001598,2048,1536,512x512,512,384,262144,53802,0.20523834,20.5238,1,0.04287084,0,0.0,0,0.0,0,0.0,0,0.0,ok,
001599,1213,1307,512x512,475,512,262144,68949,0.26301956,26.302,1,0.17195443,0,0.0,0,0.0,0,0.0,0,0.0,ok,
001600,1024,768,512x512,512,384,262144,166617,0.63559341,63.5593,0,0.0,1,0.13835907,0,0.0,0,0.0,1,0.00403976,ok,
001601,4288,2848,512x512,512,340,262144,18274,0.06970978,6.971,1,0.00504978,0,0.0,0,0.0,0,0.0,0,0.0,ok,
001602,3024,2016,512x512,512,341,262144,8207,0.03130722,3.1307,0,0.0,0,0.0,0,0.0,0,0.0,0,0.0,ok,
001603,1024,768,512x512,512,384,262144,20425,0.07791519,7.7915,1,0.03127416,0,0.0,0,0.0,0,0.0,0,0.0,ok,
001604,4288,2848,512x512,512,340,262144,1548,0.00590515,0.5905,0,0.0,0,0.0,0,0.0,0,0.0,0,0.0,ok,
001605,1022,767,512x512,512,384,262144,67768,0.2585144,25.8514,0,0.0,0,0.0,0,0.0,0,0.0,0,0.0,ok,
001606,640,480,512x512,512,384,262144,18141,0.06920242,6.9202,0,0.0,1,0.02229167,0,0.0,0,0.0,1,0.01363607,ok,
001607,6628,4419,512x512,512,341,262144,61187,0.23340988,23.341,1,0.01885672,0,0.0,0,0.0,0,0.0,0,0.0,ok,
001608,767,576,512x512,512,385,262144,33390,0.12737274,12.7373,1,0.01680202,0,0.0,1,0.00614543,0,0.0,0,0.0,ok,
001609,3872,2592,512x512,512,343,262144,10083,0.03846359,3.8464,0,0.0,0,0.0,0,0.0,1,0.00207548,0,0.0,ok,
001610,640,480,512x512,512,384,262144,20644,0.07875061,7.8751,1,0.02538086,0,0.0,0,0.0,0,0.0,0,0.0,ok,
001611,3072,2304,512x512,512,384,262144,63963,0.24399948,24.3999,1,0.07158548,0,0.0,0,0.0,0,0.0,0,0.0,ok,
001612,1024,768,512x512,512,384,262144,71735,0.27364731,27.3647,1,0.02933757,0,0.0,0,0.0,0,0.0,0,0.0,ok,
001613,3008,2000,512x512,512,340,262144,7180,0.02738953,2.739,0,0.0,1,0.0081255,1,0.00861968,0,0.0,1,0.0316865,ok,
001614,640,480,512x512,512,384,262144,131685,0.50233841,50.2338,1,0.28344401,0,0.0,0,0.0,0,0.0,0,0.0,ok,
001615,1024,768,512x512,512,384,262144,19738,0.07529449,7.5294,1,0.02585093,1,0.0049146,0,0.0,0,0.0,0,0.0,ok,
001616,6608,4399,512x512,512,341,262144,107037,0.40831375,40.8314,1,0.04681617,0,0.0,0,0.0,0,0.0,0,0.0,ok,
001617,3872,2592,512x512,512,343,262144,135665,0.5175209,51.7521,1,0.03204392,0,0.0,0,0.0,0,0.0,1,0.05050126,ok,
001618,6688,4459,512x512,512,341,262144,29950,0.11425018,11.425,1,0.0621688,0,0.0,0,0.0,0,0.0,0,0.0,ok,
001619,2048,1536,512x512,512,384,262144,16292,0.06214905,6.2149,0,0.0,0,0.0,0,0.0,1,0.00325966,0,0.0,ok,
001620,1024,768,512x512,512,384,262144,63379,0.2417717,24.1772,0,0.0,0,0.0,0,0.0,1,0.00492477,1,0.00674566,ok,
001621,3008,2000,512x512,512,340,262144,86277,0.32912064,32.9121,0,0.0,0,0.0,0,0.0,0,0.0,0,0.0,ok,
001622,4288,2848,512x512,512,340,262144,4870,0.01857758,1.8578,0,0.0,0,0.0,0,0.0,0,0.0,1,0.01030148,ok,
001623,1024,768,512x512,512,384,262144,41648,0.15887451,15.8875,0,0.0,1,0.01968257,0,0.0,0,0.0,0,0.0,ok,
001624,4288,2848,512x512,512,340,262144,5905,0.02252579,2.2526,0,0.0,0,0.0,0,0.0,1,0.00217331,0,0.0,ok,
001625,2048,1536,512x512,512,384,262144,38659,0.14747238,14.7472,1,0.21138382,0,0.0,0,0.0,0,0.0,0,0.0,ok,
001626,6641,4441,512x512,512,342,262144,109500,0.41770935,41.7709,1,0.22220174,0,0.0,0,0.0,1,0.02871095,0,0.0,ok,
001627,4288,2848,512x512,512,340,262144,6964,0.02656555,2.6566,0,0.0,0,0.0,0,0.0,1,0.00386359,0,0.0,ok,
001628,4288,2848,512x512,512,340,262144,19179,0.07316208,7.3162,1,0.01414239,0,0.0,0,0.0,1,0.00815584,0,0.0,ok,
001629,6641,4441,512x512,512,342,262144,60619,0.23124313,23.1243,1,0.00761152,0,0.0,0,0.0,0,0.0,0,0.0,ok,
001630,4288,2848,512x512,512,340,262144,36536,0.13937378,13.9374,1,0.03180592,0,0.0,0,0.0,0,0.0,0,0.0,ok,
001631,576,768,512x512,384,512,262144,41191,0.1571312,15.7131,1,0.16779921,0,0.0,0,0.0,0,0.0,0,0.0,ok,
001632,640,480,512x512,512,384,262144,42557,0.16234207,16.2342,1,0.13495117,0,0.0,0,0.0,0,0.0,0,0.0,ok,
001633,3072,2304,512x512,512,384,262144,22604,0.08622742,8.6227,1,0.06658794,0,0.0,0,0.0,0,0.0,1,0.00685685,ok,
001634,6688,4439,512x512,512,340,262144,102389,0.39058304,39.0583,1,0.02397899,0,0.0,0,0.0,0,0.0,0,0.0,ok,
001635,4288,2848,512x512,512,340,262144,51566,0.19670868,19.6709,0,0.0,0,0.0,0,0.0,0,0.0,0,0.0,ok,
001636,6648,4439,512x512,512,342,262144,25110,0.09578705,9.5787,1,0.06281936,0,0.0,0,0.0,0,0.0,0,0.0,ok,
001637,6621,4420,512x512,512,342,262144,144155,0.54990768,54.9908,1,0.06623745,1,0.05113061,0,0.0,0,0.0,0,0.0,ok,
001638,824,719,512x512,512,447,262144,39270,0.14980316,14.9803,1,0.11218386,0,0.0,0,0.0,0,0.0,0,0.0,ok,
001639,6662,4420,512x512,512,340,262144,12206,0.04656219,4.6562,0,0.0,0,0.0,0,0.0,0,0.0,0,0.0,ok,
001640,4288,2848,512x512,512,340,262144,12120,0.04623413,4.6234,1,0.00942678,0,0.0,0,0.0,0,0.0,0,0.0,ok,
001641,1936,2592,512x512,382,512,262144,37336,0.14242554,14.2426,1,0.01230742,0,0.0,0,0.0,0,0.0,0,0.0,ok,
001642,6688,4439,512x512,512,340,262144,28865,0.11011124,11.0111,1,0.0937464,0,0.0,0,0.0,0,0.0,0,0.0,ok,
001643,3008,2000,512x512,512,340,262144,7404,0.02824402,2.8244,0,0.0,1,0.0129124,0,0.0,0,0.0,0,0.0,ok,
001644,6628,4419,512x512,512,341,262144,11448,0.04367065,4.3671,0,0.0,0,0.0,1,0.03480468,0,0.0,1,0.01258238,ok,
001645,3072,2304,512x512,512,384,262144,94905,0.36203384,36.2034,1,0.01758674,0,0.0,0,0.0,0,0.0,0,0.0,ok,
001646,3008,2000,512x512,512,340,262144,7032,0.02682495,2.6825,0,0.0,0,0.0,0,0.0,0,0.0,1,0.0113012,ok,
001647,6682,4421,512x512,512,339,262144,28458,0.10855865,10.8559,0,0.0,0,0.0,0,0.0,0,0.0,0,0.0,ok,
001648,1241,1261,512x512,504,512,262144,87332,0.33314514,33.3145,0,0.0,0,0.0,0,0.0,0,0.0,0,0.0,ok,
001649,3872,2592,512x512,512,343,262144,12720,0.04852295,4.8523,1,0.0289598,0,0.0,0,0.0,0,0.0,0,0.0,ok,
001650,3008,2000,512x512,512,340,262144,1910,0.00728607,0.7286,1,0.00778175,0,0.0,0,0.0,0,0.0,0,0.0,ok,
001651,4288,2848,512x512,512,340,262144,5792,0.02209473,2.2095,1,0.00954969,0,0.0,0,0.0,0,0.0,0,0.0,ok,
001652,2592,1944,512x512,512,384,262144,46168,0.17611694,17.6117,1,0.01336337,0,0.0,0,0.0,0,0.0,1,0.0134888,ok,
001653,3008,2000,512x512,512,340,262144,49865,0.19021988,19.022,0,0.0,0,0.0,0,0.0,1,0.00596559,0,0.0,ok,
001654,4288,2848,512x512,512,340,262144,7795,0.02973557,2.9736,0,0.0,0,0.0,0,0.0,1,0.00101693,0,0.0,ok,
001655,3072,2304,512x512,512,384,262144,36102,0.1377182,13.7718,1,0.00643031,0,0.0,0,0.0,0,0.0,1,0.00132483,ok,
001656,1024,768,512x512,512,384,262144,61593,0.23495865,23.4959,1,0.15406799,0,0.0,0,0.0,1,0.0011762,0,0.0,ok,
001657,6681,4460,512x512,512,342,262144,12061,0.04600906,4.6009,1,0.0356076,0,0.0,0,0.0,0,0.0,0,0.0,ok,
001658,3872,2592,512x512,512,343,262144,3444,0.01313782,1.3138,0,0.0,0,0.0,0,0.0,0,0.0,0,0.0,ok,
001659,959,634,512x512,512,338,262144,92739,0.35377121,35.3771,1,0.51761002,0,0.0,0,0.0,0,0.0,0,0.0,ok,
001660,3072,2304,512x512,512,384,262144,121243,0.46250534,46.2505,1,0.11132629,0,0.0,0,0.0,0,0.0,0,0.0,ok,
001661,1765,1648,512x512,512,478,262144,46872,0.17880249,17.8802,0,0.0,0,0.0,0,0.0,0,0.0,0,0.0,ok,
001662,3024,2016,512x512,512,341,262144,11941,0.0455513,4.5551,0,0.0,0,0.0,0,0.0,0,0.0,0,0.0,ok,
001663,1024,768,512x512,512,384,262144,87089,0.33221817,33.2218,0,0.0,0,0.0,0,0.0,0,0.0,0,0.0,ok,
001664,1064,702,512x512,512,338,262144,18215,0.06948471,6.9485,0,0.0,0,0.0,0,0.0,0,0.0,0,0.0,ok,
001665,1024,768,512x512,512,384,262144,16293,0.06215286,6.2153,0,0.0,0,0.0,0,0.0,0,0.0,1,0.00100835,ok,
001666,4288,2848,512x512,512,340,262144,6569,0.02505875,2.5059,1,0.01228777,0,0.0,0,0.0,0,0.0,0,0.0,ok,
001667,1024,768,512x512,512,384,262144,25919,0.09887314,9.8873,0,0.0,0,0.0,0,0.0,0,0.0,1,0.00356166,ok,
001668,3072,2304,512x512,512,384,262144,30839,0.11764145,11.7641,1,0.01450941,0,0.0,0,0.0,0,0.0,0,0.0,ok,
001669,1024,768,512x512,512,384,262144,164753,0.62848282,62.8483,0,0.0,0,0.0,0,0.0,0,0.0,0,0.0,ok,
001670,2048,1536,512x512,512,384,262144,54293,0.20711136,20.7111,0,0.0,0,0.0,0,0.0,0,0.0,0,0.0,ok,
001671,1024,768,512x512,512,384,262144,102893,0.39250565,39.2506,0,0.0,0,0.0,0,0.0,0,0.0,0,0.0,ok,
001672,1504,1129,512x512,512,384,262144,93055,0.35497665,35.4977,1,0.03391841,0,0.0,0,0.0,0,0.0,1,0.02569823,ok,
001673,6601,4382,512x512,512,340,262144,62873,0.23984146,23.9841,0,0.0,0,0.0,0,0.0,1,0.00315074,1,0.07386271,ok,
001674,1024,768,512x512,512,384,262144,7900,0.03013611,3.0136,1,0.00650533,0,0.0,1,0.00221761,0,0.0,0,0.0,ok,
001675,4288,2848,512x512,512,340,262144,24228,0.09242249,9.2422,1,0.07997462,0,0.0,0,0.0,0,0.0,0,0.0,ok,
001676,3072,2304,512x512,512,384,262144,89084,0.33982849,33.9828,0,0.0,0,0.0,0,0.0,0,0.0,1,0.02849452,ok,
001677,3072,2304,512x512,512,384,262144,53403,0.20371628,20.3716,0,0.0,0,0.0,0,0.0,0,0.0,0,0.0,ok,
001678,3072,2304,512x512,512,384,262144,21476,0.08192444,8.1924,0,0.0,0,0.0,0,0.0,0,0.0,1,0.07025316,ok,
001679,6661,4422,512x512,512,340,262144,47092,0.17964172,17.9642,0,0.0,0,0.0,0,0.0,1,0.00489874,0,0.0,ok,
001680,1024,768,512x512,512,384,262144,44741,0.17067337,17.0673,1,0.06772741,0,0.0,0,0.0,0,0.0,0,0.0,ok,
001681,6688,4459,512x512,512,341,262144,52400,0.19989014,19.989,0,0.0,0,0.0,0,0.0,0,0.0,0,0.0,ok,
001682,4288,2848,512x512,512,340,262144,6924,0.02641296,2.6413,0,0.0,0,0.0,0,0.0,0,0.0,0,0.0,ok,
001683,6621,4420,512x512,512,342,262144,153015,0.5837059,58.3706,1,0.10139741,0,0.0,0,0.0,1,0.01769784,1,0.01685983,ok,
001684,6602,4361,512x512,512,338,262144,57398,0.21895599,21.8956,1,0.06167803,0,0.0,0,0.0,0,0.0,1,0.00322493,ok,
001685,2625,2020,512x512,512,394,262144,42522,0.16220856,16.2209,1,0.05829156,0,0.0,1,0.03326789,0,0.0,0,0.0,ok,
001686,3872,2592,512x512,512,343,262144,3152,0.01202393,1.2024,1,0.00095245,0,0.0,0,0.0,0,0.0,1,0.0012138,ok,
001687,2048,1536,512x512,512,384,262144,16448,0.06274414,6.2744,1,0.02761682,0,0.0,1,0.02452596,0,0.0,0,0.0,ok,
001688,1024,768,512x512,512,384,262144,20660,0.07881165,7.8812,0,0.0,0,0.0,0,0.0,0,0.0,0,0.0,ok,
001689,3872,2592,512x512,512,343,262144,2804,0.01069641,1.0696,0,0.0,0,0.0,0,0.0,1,0.00537344,0,0.0,ok,
001690,6627,4399,512x512,512,340,262144,82693,0.31544876,31.5449,1,0.12293214,0,0.0,0,0.0,1,0.02454438,1,0.01654083,ok,
001691,3072,2304,512x512,512,384,262144,86535,0.33010483,33.0105,0,0.0,0,0.0,0,0.0,0,0.0,0,0.0,ok,
001692,1024,768,512x512,512,384,262144,56795,0.21665573,21.6656,1,0.1060257,0,0.0,0,0.0,0,0.0,1,0.01530965,ok,
001693,640,480,512x512,512,384,262144,40592,0.15484619,15.4846,1,0.1418099,0,0.0,0,0.0,0,0.0,0,0.0,ok,
001694,4288,2848,512x512,512,340,262144,1331,0.00507736,0.5077,0,0.0,0,0.0,1,0.0047789,0,0.0,1,0.0047789,ok,
001695,2048,1536,512x512,512,384,262144,45120,0.17211914,17.2119,1,0.03375244,1,0.01149686,0,0.0,1,0.0035731,0,0.0,ok,
001696,3024,2016,512x512,512,341,262144,35746,0.13636017,13.636,1,0.01558612,0,0.0,0,0.0,0,0.0,0,0.0,ok,
001697,3072,2304,512x512,512,384,262144,18809,0.07175064,7.1751,0,0.0,0,0.0,0,0.0,0,0.0,0,0.0,ok,
001698,6688,4439,512x512,512,340,262144,86205,0.32884598,32.8846,1,0.17135811,0,0.0,0,0.0,0,0.0,0,0.0,ok,
001699,3072,2304,512x512,512,384,262144,44217,0.16867447,16.8674,0,0.0,0,0.0,0,0.0,0,0.0,1,0.00527615,ok,
001700,6688,4459,512x512,512,341,262144,115548,0.44078064,44.0781,1,0.19317045,0,0.0,0,0.0,0,0.0,0,0.0,ok,
001701,6708,4439,512x512,512,339,262144,43520,0.16601562,16.6016,1,0.08650228,0,0.0,0,0.0,0,0.0,0,0.0,ok,
001702,3072,2304,512x512,512,384,262144,31907,0.12171555,12.1716,1,0.13897691,0,0.0,0,0.0,0,0.0,0,0.0,ok,
001703,1024,768,512x512,512,384,262144,145388,0.55461121,55.4611,1,0.16635005,1,0.05084229,0,0.0,1,0.01756287,0,0.0,ok,
001704,1024,768,512x512,512,384,262144,55243,0.21073532,21.0735,1,0.0234464,0,0.0,0,0.0,0,0.0,1,0.01662954,ok,
001705,3072,2304,512x512,512,384,262144,186272,0.71057129,71.0571,1,0.00328629,0,0.0,0,0.0,0,0.0,0,0.0,ok,
001706,6668,4459,512x512,512,342,262144,31491,0.12012863,12.0129,1,0.07400944,0,0.0,0,0.0,1,0.00955523,0,0.0,ok,
001707,3008,2000,512x512,512,340,262144,7328,0.0279541,2.7954,1,0.01226114,0,0.0,0,0.0,0,0.0,0,0.0,ok,
001708,4288,2848,512x512,512,340,262144,6150,0.02346039,2.346,1,0.00939272,0,0.0,0,0.0,1,0.00383755,0,0.0,ok,
001709,6708,4439,512x512,512,339,262144,81508,0.31092834,31.0928,1,0.29685089,0,0.0,0,0.0,1,0.00365989,0,0.0,ok,
001710,4288,2848,512x512,512,340,262144,39104,0.14916992,14.917,1,0.01301982,0,0.0,0,0.0,1,0.0097517,0,0.0,ok,
001711,2573,2248,512x512,512,447,262144,23145,0.08829117,8.8291,1,0.00616275,0,0.0,0,0.0,0,0.0,0,0.0,ok,
001712,640,480,512x512,512,384,262144,15454,0.05895233,5.8952,0,0.0,0,0.0,0,0.0,0,0.0,0,0.0,ok,
001713,4288,2848,512x512,512,340,262144,2684,0.01023865,1.0239,0,0.0,0,0.0,0,0.0,0,0.0,0,0.0,ok,
001714,1024,768,512x512,512,384,262144,12681,0.04837418,4.8374,1,0.00325902,0,0.0,1,0.0096817,0,0.0,0,0.0,ok,
001715,640,480,512x512,512,384,262144,32943,0.12566757,12.5668,1,0.12993164,0,0.0,0,0.0,0,0.0,0,0.0,ok,
001716,3072,2304,512x512,512,384,262144,56204,0.21440125,21.4401,0,0.0,0,0.0,0,0.0,0,0.0,1,0.0148947,ok,
001717,4288,2848,512x512,512,340,262144,22613,0.08626175,8.6262,1,0.0066205,0,0.0,0,0.0,1,0.01073343,1,0.0171818,ok,
001718,4288,2848,512x512,512,340,262144,41268,0.15742493,15.7425,0,0.0,0,0.0,0,0.0,0,0.0,0,0.0,ok,
001719,3872,2592,512x512,512,343,262144,11180,0.04264832,4.2648,1,0.00335395,0,0.0,0,0.0,1,0.00195322,1,0.0103247,ok,
001720,3072,2304,512x512,512,384,262144,158920,0.60623169,60.6232,0,0.0,0,0.0,0,0.0,0,0.0,0,0.0,ok,
001721,6828,4479,512x512,512,336,262144,55766,0.21273041,21.273,1,0.10901515,0,0.0,0,0.0,1,0.00886259,1,0.03109532,ok,
001722,6608,4379,512x512,512,339,262144,19176,0.07315063,7.3151,0,0.0,0,0.0,0,0.0,0,0.0,0,0.0,ok,
001723,4288,2848,512x512,512,340,262144,8472,0.03231812,3.2318,1,0.00879946,0,0.0,0,0.0,0,0.0,0,0.0,ok,
001724,1024,768,512x512,512,384,262144,71090,0.27118683,27.1187,0,0.0,0,0.0,0,0.0,0,0.0,1,0.02007929,ok,
001725,4288,2848,512x512,512,340,262144,4195,0.01600266,1.6003,0,0.0,0,0.0,0,0.0,0,0.0,0,0.0,ok,
001726,6668,4439,512x512,512,341,262144,21299,0.08124924,8.1249,1,0.05958421,0,0.0,0,0.0,1,0.00340286,1,0.01080119,ok,
001727,2592,1936,512x512,512,382,262144,43346,0.16535187,16.5352,0,0.0,0,0.0,0,0.0,1,0.01766023,0,0.0,ok,
001728,4288,2848,512x512,512,340,262144,10810,0.04123688,4.1237,0,0.0,0,0.0,0,0.0,0,0.0,0,0.0,ok,
001729,4288,2848,512x512,512,340,262144,15793,0.06024551,6.0246,1,0.00561036,0,0.0,0,0.0,0,0.0,0,0.0,ok,
001730,1024,768,512x512,512,384,262144,31031,0.11837387,11.8374,1,0.1358223,0,0.0,0,0.0,1,0.00414149,0,0.0,ok,
001731,4288,2848,512x512,512,340,262144,18472,0.07046509,7.0465,0,0.0,0,0.0,0,0.0,1,0.00641808,1,0.00785475,ok,
001732,3008,2000,512x512,512,340,262144,4980,0.01899719,1.8997,1,0.00726878,1,0.00216456,0,0.0,0,0.0,0,0.0,ok,
001733,3008,2000,512x512,512,340,262144,2060,0.00785828,0.7858,0,0.0,0,0.0,0,0.0,0,0.0,1,0.00616041,ok,
001734,1024,768,512x512,512,384,262144,68331,0.26066208,26.0662,1,0.17742411,0,0.0,0,0.0,0,0.0,0,0.0,ok,
001735,1024,768,512x512,512,384,262144,39489,0.15063858,15.0639,1,0.02088038,0,0.0,0,0.0,0,0.0,0,0.0,ok,
001736,6601,4401,512x512,512,341,262144,91211,0.34794235,34.7942,1,0.03696871,1,0.04979443,0,0.0,0,0.0,1,0.00509762,ok,
001737,640,480,512x512,512,384,262144,94844,0.36180115,36.1801,1,0.19446289,0,0.0,0,0.0,0,0.0,0,0.0,ok,
001738,3872,2592,512x512,512,343,262144,67382,0.25704193,25.7042,1,0.08675693,0,0.0,0,0.0,1,0.00531594,0,0.0,ok,
001739,2565,2000,512x512,512,399,262144,66738,0.25458527,25.4585,1,0.02867271,1,0.01984522,0,0.0,0,0.0,0,0.0,ok,
001740,3072,2304,512x512,512,384,262144,39741,0.15159988,15.16,1,0.1369612,0,0.0,0,0.0,0,0.0,0,0.0,ok,
001741,4288,2848,512x512,512,340,262144,88680,0.33828735,33.8287,1,0.00778007,1,0.08785288,0,0.0,0,0.0,0,0.0,ok,
001742,3872,2592,512x512,512,343,262144,4432,0.01690674,1.6907,1,0.00716435,0,0.0,0,0.0,0,0.0,1,0.00279159,ok,
001743,3008,2000,512x512,512,340,262144,71056,0.27105713,27.1057,0,0.0,0,0.0,0,0.0,1,0.00310954,0,0.0,ok,
001744,3008,2000,512x512,512,340,262144,5687,0.02169418,2.1694,0,0.0,0,0.0,0,0.0,1,0.00096709,0,0.0,ok,
001745,6688,4459,512x512,512,341,262144,70921,0.27054214,27.0542,1,0.12606885,0,0.0,1,0.01640384,0,0.0,1,0.00779179,ok,
001746,1024,768,512x512,512,384,262144,6570,0.02506256,2.5063,0,0.0,0,0.0,0,0.0,0,0.0,0,0.0,ok,
001747,767,576,512x512,512,385,262144,13484,0.05143738,5.1437,1,0.00646458,0,0.0,1,0.00954748,0,0.0,0,0.0,ok,
001748,3008,2000,512x512,512,340,262144,7187,0.02741623,2.7416,1,0.01550166,0,0.0,0,0.0,1,0.00536021,0,0.0,ok,
001749,640,480,512x512,512,384,262144,11308,0.0431366,4.3137,1,0.00872721,0,0.0,0,0.0,0,0.0,0,0.0,ok,
001750,767,576,512x512,512,385,262144,150531,0.57423019,57.423,1,0.01671827,0,0.0,0,0.0,0,0.0,0,0.0,ok,
001751,640,480,512x512,512,384,262144,39370,0.15018463,15.0185,1,0.04878581,0,0.0,0,0.0,0,0.0,0,0.0,ok,
001752,3008,2000,512x512,512,340,262144,22286,0.08501434,8.5014,0,0.0,0,0.0,0,0.0,0,0.0,0,0.0,ok,
001753,1024,768,512x512,512,384,262144,169114,0.64511871,64.5119,0,0.0,1,0.0498759,0,0.0,0,0.0,0,0.0,ok,
001754,640,480,512x512,512,384,262144,61731,0.23548508,23.5485,1,0.12491862,0,0.0,0,0.0,0,0.0,0,0.0,ok,
001755,3072,2304,512x512,512,384,262144,28808,0.1098938,10.9894,0,0.0,0,0.0,0,0.0,0,0.0,0,0.0,ok,
001756,4288,2848,512x512,512,340,262144,6480,0.02471924,2.4719,1,0.00231391,0,0.0,0,0.0,1,0.0056848,0,0.0,ok,
001757,3072,2304,512x512,512,384,262144,30644,0.11689758,11.6898,1,0.14425249,0,0.0,0,0.0,0,0.0,0,0.0,ok,
001758,3872,2592,512x512,512,343,262144,18585,0.07089615,7.0896,1,0.01754216,0,0.0,0,0.0,0,0.0,0,0.0,ok,
001759,3072,2304,512x512,512,384,262144,5557,0.02119827,2.1198,0,0.0,0,0.0,0,0.0,0,0.0,0,0.0,ok,
001760,3008,2000,512x512,512,340,262144,19260,0.07347107,7.3471,0,0.0,0,0.0,0,0.0,1,0.00475233,0,0.0,ok,
001761,4288,2848,512x512,512,340,262144,8780,0.03349304,3.3493,1,0.04470701,0,0.0,0,0.0,0,0.0,0,0.0,ok,
001762,3072,2304,512x512,512,384,262144,21092,0.08045959,8.046,1,0.00765341,0,0.0,0,0.0,0,0.0,0,0.0,ok,
001763,4288,2848,512x512,512,340,262144,6013,0.02293777,2.2938,1,0.00888192,0,0.0,0,0.0,0,0.0,1,0.0024265,ok,
001764,6641,4420,512x512,512,341,262144,154387,0.58893967,58.894,1,0.02324883,0,0.0,0,0.0,0,0.0,0,0.0,ok,
001765,4288,2848,512x512,512,340,262144,7558,0.02883148,2.8831,0,0.0,0,0.0,0,0.0,1,0.0031249,0,0.0,ok,
001766,3072,2304,512x512,512,384,262144,43631,0.16643906,16.6439,1,0.00426554,0,0.0,0,0.0,0,0.0,0,0.0,ok,
001767,3072,2304,512x512,512,384,262144,7990,0.03047943,3.0479,0,0.0,0,0.0,1,0.01946032,0,0.0,1,0.00389452,ok,
001768,6621,4401,512x512,512,340,262144,58372,0.22267151,22.2672,0,0.0,1,0.08854886,0,0.0,0,0.0,1,0.02429787,ok,
001769,3872,2592,512x512,512,343,262144,34106,0.13010406,13.0104,1,0.00318576,0,0.0,1,0.00640639,0,0.0,1,0.01778179,ok,
001770,919,802,512x512,512,447,262144,140278,0.5351181,53.5118,1,0.03666975,0,0.0,0,0.0,0,0.0,1,0.01421772,ok,
001771,2048,1536,512x512,512,384,262144,130150,0.49648285,49.6483,1,0.09117794,1,0.15577253,0,0.0,0,0.0,1,0.02562777,ok,
001772,3008,2000,512x512,512,340,262144,7448,0.02841187,2.8412,0,0.0,0,0.0,0,0.0,1,0.00398238,0,0.0,ok,
001773,1024,768,512x512,512,384,262144,25637,0.09779739,9.7797,1,0.04392497,0,0.0,0,0.0,1,0.00091044,0,0.0,ok,
001774,3072,2304,512x512,512,384,262144,196590,0.74993134,74.9931,1,0.13151268,0,0.0,0,0.0,0,0.0,0,0.0,ok,
001775,640,480,512x512,512,384,262144,27966,0.10668182,10.6682,0,0.0,0,0.0,0,0.0,0,0.0,0,0.0,ok,
001776,3072,2304,512x512,512,384,262144,104038,0.39687347,39.6873,0,0.0,0,0.0,0,0.0,0,0.0,1,0.29222997,ok,
001777,1024,768,512x512,512,384,262144,105885,0.40391922,40.3919,1,0.0080986,0,0.0,0,0.0,0,0.0,0,0.0,ok,
001778,1504,1129,512x512,512,384,262144,13626,0.05197906,5.1979,0,0.0,0,0.0,0,0.0,0,0.0,0,0.0,ok,
001779,6621,4401,512x512,512,340,262144,29712,0.11334229,11.3342,1,0.04088645,0,0.0,0,0.0,0,0.0,0,0.0,ok,
001780,1024,768,512x512,512,384,262144,28917,0.1103096,11.031,0,0.0,0,0.0,0,0.0,0,0.0,0,0.0,ok,
001781,3072,2304,512x512,512,384,262144,40641,0.15503311,15.5033,0,0.0,1,0.0609169,0,0.0,0,0.0,1,0.02684826,ok,
001782,3008,2000,512x512,512,340,262144,7160,0.02731323,2.7313,1,0.03531233,0,0.0,0,0.0,1,0.01403624,0,0.0,ok,
001783,6642,4420,512x512,512,341,262144,21901,0.08354568,8.3546,1,0.07538579,0,0.0,0,0.0,0,0.0,0,0.0,ok,
001784,722,542,512x512,512,384,262144,135116,0.51542664,51.5427,1,0.4156479,0,0.0,0,0.0,0,0.0,0,0.0,ok,
001785,3072,2304,512x512,512,384,262144,152988,0.58360291,58.3603,0,0.0,0,0.0,0,0.0,0,0.0,1,0.00132751,ok,
001786,3008,2000,512x512,512,340,262144,104848,0.39996338,39.9963,1,0.00756981,0,0.0,0,0.0,0,0.0,1,0.01089661,ok,
001787,4288,2848,512x512,512,340,262144,7604,0.02900696,2.9007,1,0.02095523,1,0.00176577,0,0.0,0,0.0,0,0.0,ok,
001788,1979,1321,512x512,512,342,262144,18708,0.07136536,7.1365,0,0.0,0,0.0,0,0.0,0,0.0,0,0.0,ok,
001789,3872,2592,512x512,512,343,262144,5408,0.02062988,2.063,0,0.0,0,0.0,0,0.0,0,0.0,1,0.0154599,ok,
001790,3072,2304,512x512,512,384,262144,20364,0.0776825,7.7682,0,0.0,0,0.0,0,0.0,0,0.0,1,0.01198747,ok,
001791,767,576,512x512,512,385,262144,132398,0.50505829,50.5058,1,0.00553881,0,0.0,0,0.0,0,0.0,0,0.0,ok,
001792,4288,2848,512x512,512,340,262144,783,0.00298691,0.2987,0,0.0,0,0.0,0,0.0,0,0.0,1,0.00470913,ok,
001793,1024,768,512x512,512,384,262144,77806,0.29680634,29.6806,1,0.07729594,0,0.0,0,0.0,1,0.00135676,0,0.0,ok,
001794,6621,4441,512x512,512,343,262144,65653,0.25044632,25.0446,1,0.0421498,0,0.0,0,0.0,1,0.05333453,1,0.00522136,ok,
001795,4288,2848,512x512,512,340,262144,12650,0.04825592,4.8256,1,0.00733404,0,0.0,0,0.0,0,0.0,0,0.0,ok,
001796,1024,768,512x512,512,384,262144,29655,0.11312485,11.3125,0,0.0,0,0.0,0,0.0,1,0.00505066,0,0.0,ok,
001797,640,480,512x512,512,384,262144,28880,0.11016846,11.0168,1,0.03811849,0,0.0,0,0.0,0,0.0,0,0.0,ok,
001798,3072,2304,512x512,512,384,262144,30260,0.11543274,11.5433,0,0.0,0,0.0,0,0.0,0,0.0,1,0.0012313,ok,
001799,1502,1051,512x512,512,358,262144,96742,0.36904144,36.9041,0,0.0,0,0.0,0,0.0,0,0.0,0,0.0,ok,
001800,3872,2592,512x512,512,343,262144,48372,0.18452454,18.4525,1,0.01927318,0,0.0,0,0.0,1,0.05149706,0,0.0,ok,
001801,4288,2848,512x512,512,340,262144,100055,0.38167953,38.168,0,0.0,0,0.0,0,0.0,0,0.0,0,0.0,ok,
001802,4288,2848,512x512,512,340,262144,4530,0.01728058,1.7281,1,0.00909376,0,0.0,0,0.0,1,0.00076481,1,0.0105238,ok,
001803,1024,768,512x512,512,384,262144,8630,0.03292084,3.2921,0,0.0,0,0.0,0,0.0,0,0.0,1,0.01657486,ok,
001804,1213,1307,512x512,475,512,262144,68640,0.26184082,26.1841,1,0.13047759,0,0.0,0,0.0,0,0.0,0,0.0,ok,
001805,3872,2592,512x512,512,343,262144,4388,0.01673889,1.6739,0,0.0,0,0.0,0,0.0,0,0.0,0,0.0,ok,
001806,6688,4439,512x512,512,340,262144,9088,0.03466797,3.4668,1,0.01672172,0,0.0,0,0.0,1,0.00119651,0,0.0,ok,
001807,4288,2848,512x512,512,340,262144,111336,0.42471313,42.4713,0,0.0,0,0.0,0,0.0,1,0.00466402,0,0.0,ok,
001808,1024,768,512x512,512,384,262144,78443,0.2992363,29.9236,0,0.0,0,0.0,0,0.0,0,0.0,0,0.0,ok,
001809,767,576,512x512,512,385,262144,106089,0.40469742,40.4697,1,0.02321454,0,0.0,0,0.0,0,0.0,0,0.0,ok,
001810,6688,4439,512x512,512,340,262144,31822,0.1213913,12.1391,1,0.03373275,0,0.0,0,0.0,1,0.00211179,1,0.00339932,ok,
001811,3008,2000,512x512,512,340,262144,9524,0.03633118,3.6331,0,0.0,0,0.0,0,0.0,0,0.0,0,0.0,ok,
001812,1045,705,512x512,512,345,262144,49276,0.18797302,18.7973,0,0.0,0,0.0,0,0.0,0,0.0,0,0.0,ok,
001813,4288,2848,512x512,512,340,262144,1600,0.00610352,0.6104,1,0.00608284,0,0.0,0,0.0,1,0.00128805,0,0.0,ok,
001814,4288,2848,512x512,512,340,262144,4993,0.01904678,1.9047,0,0.0,0,0.0,0,0.0,0,0.0,1,0.01732952,ok,
001815,4288,2848,512x512,512,340,262144,17132,0.06535339,6.5353,0,0.0,0,0.0,0,0.0,0,0.0,0,0.0,ok,
001816,4288,2848,512x512,512,340,262144,9296,0.03546143,3.5461,0,0.0,0,0.0,0,0.0,0,0.0,0,0.0,ok,
001817,3072,2304,512x512,512,384,262144,82328,0.3140564,31.4056,1,0.19610652,0,0.0,0,0.0,1,0.04852295,1,0.01523788,ok,
001818,3872,2592,512x512,512,343,262144,2888,0.01101685,1.1017,1,0.00823507,0,0.0,0,0.0,0,0.0,0,0.0,ok,
001819,6661,4461,512x512,512,343,262144,12464,0.04754639,4.7546,1,0.07058185,0,0.0,0,0.0,0,0.0,1,0.00073586,ok,
001820,6642,4401,512x512,512,339,262144,111464,0.42520142,42.5201,1,0.17611451,0,0.0,0,0.0,1,0.05282664,0,0.0,ok,
001821,6688,4439,512x512,512,340,262144,45696,0.17431641,17.4316,0,0.0,0,0.0,0,0.0,1,0.00308134,0,0.0,ok,
001822,3072,2304,512x512,512,384,262144,23612,0.09007263,9.0073,1,0.10383408,0,0.0,0,0.0,0,0.0,1,0.00233106,ok,
001823,3872,2592,512x512,512,343,262144,122280,0.46646118,46.6461,1,0.04121102,0,0.0,0,0.0,0,0.0,0,0.0,ok,
001824,6621,4401,512x512,512,340,262144,46773,0.17842484,17.8425,1,0.11480914,0,0.0,0,0.0,0,0.0,0,0.0,ok,
001825,958,642,512x512,512,343,262144,43749,0.16688919,16.6889,1,0.1056426,0,0.0,0,0.0,0,0.0,0,0.0,ok,
001826,1024,768,512x512,512,384,262144,21390,0.08159637,8.1596,0,0.0,0,0.0,0,0.0,1,0.00637054,0,0.0,ok,
001827,6688,4439,512x512,512,340,262144,25525,0.09737015,9.737,1,0.05467425,0,0.0,0,0.0,0,0.0,0,0.0,ok,
001828,1024,768,512x512,512,384,262144,4781,0.01823807,1.8238,1,0.00343577,0,0.0,0,0.0,0,0.0,0,0.0,ok,
001829,4288,2848,512x512,512,340,262144,9160,0.03494263,3.4943,1,0.02228521,0,0.0,0,0.0,0,0.0,1,0.0149908,ok,
001830,6681,4422,512x512,512,339,262144,44523,0.16984177,16.9842,1,0.14300519,0,0.0,0,0.0,0,0.0,0,0.0,ok,
001831,6708,4439,512x512,512,339,262144,70945,0.2706337,27.0634,1,0.2241029,0,0.0,0,0.0,0,0.0,1,0.06988955,ok,
001832,6688,4419,512x512,512,338,262144,17776,0.06781006,6.781,1,0.02730955,0,0.0,0,0.0,0,0.0,0,0.0,ok,
001833,4288,2848,512x512,512,340,262144,6492,0.02476501,2.4765,0,0.0,1,0.00580836,1,0.01135395,0,0.0,1,0.02096817,ok,
001834,3008,2000,512x512,512,340,262144,28352,0.1081543,10.8154,0,0.0,0,0.0,0,0.0,1,0.00226147,0,0.0,ok,
001835,1024,768,512x512,512,384,262144,14600,0.05569458,5.5695,0,0.0,0,0.0,1,0.003877,0,0.0,1,0.00231171,ok,
001836,3008,2000,512x512,512,340,262144,10564,0.04029846,4.0298,0,0.0,0,0.0,0,0.0,1,0.00201247,0,0.0,ok,
001837,1024,768,512x512,512,384,262144,65980,0.25169373,25.1694,1,0.15014013,0,0.0,0,0.0,0,0.0,0,0.0,ok,
001838,1024,768,512x512,512,384,262144,57309,0.21861649,21.8616,0,0.0,0,0.0,0,0.0,0,0.0,0,0.0,ok,
001839,4288,2848,512x512,512,340,262144,10293,0.03926468,3.9265,1,0.00314808,0,0.0,0,0.0,0,0.0,1,0.00458377,ok,
001840,1024,768,512x512,512,384,262144,37718,0.14388275,14.3883,1,0.02559153,0,0.0,0,0.0,0,0.0,0,0.0,ok,
001841,1024,768,512x512,512,384,262144,110088,0.41995239,41.9952,1,0.1265742,0,0.0,0,0.0,1,0.03282928,0,0.0,ok,
001842,2155,1958,512x512,512,465,262144,97127,0.3705101,37.051,1,0.29605284,0,0.0,0,0.0,0,0.0,1,0.00363788,ok,
001843,3008,2000,512x512,512,340,262144,2601,0.00992203,0.9922,0,0.0,0,0.0,0,0.0,0,0.0,0,0.0,ok,
001844,1024,768,512x512,512,384,262144,23820,0.09086609,9.0866,1,0.01441065,0,0.0,0,0.0,0,0.0,1,0.03061167,ok,
001845,4288,2848,512x512,512,340,262144,42024,0.16030884,16.0309,0,0.0,0,0.0,0,0.0,0,0.0,0,0.0,ok,
001846,3072,2304,512x512,512,384,262144,32153,0.12265396,12.2654,0,0.0,0,0.0,0,0.0,0,0.0,0,0.0,ok,
001847,640,480,512x512,512,384,262144,19582,0.0746994,7.4699,1,0.0634668,0,0.0,0,0.0,0,0.0,0,0.0,ok,
001848,3872,2592,512x512,512,343,262144,6306,0.02405548,2.4055,1,0.02188472,0,0.0,0,0.0,1,0.00114166,0,0.0,ok,
001849,3024,2016,512x512,512,341,262144,9127,0.03481674,3.4817,0,0.0,0,0.0,0,0.0,0,0.0,0,0.0,ok,
001850,3072,2304,512x512,512,384,262144,82800,0.31585693,31.5857,1,0.00955907,0,0.0,0,0.0,0,0.0,1,0.05738958,ok,
001851,3072,2304,512x512,512,384,262144,35078,0.13381195,13.3812,1,0.16773351,0,0.0,0,0.0,0,0.0,0,0.0,ok,
001852,4288,2848,512x512,512,340,262144,9816,0.03744507,3.7445,1,0.01311956,0,0.0,0,0.0,0,0.0,0,0.0,ok,
001853,3008,2000,512x512,512,340,262144,12040,0.04592896,4.5929,1,0.01221459,0,0.0,0,0.0,0,0.0,0,0.0,ok,
001854,1502,1051,512x512,512,358,262144,23996,0.09153748,9.1537,1,0.03027616,0,0.0,0,0.0,0,0.0,1,0.04675593,ok,
001855,3872,2592,512x512,512,343,262144,12116,0.04621887,4.6219,1,0.01295527,0,0.0,0,0.0,1,0.00751976,1,0.00763883,ok,
001856,1024,768,512x512,512,384,262144,98612,0.37617493,37.6175,1,0.03019587,1,0.02855301,0,0.0,1,0.02202098,0,0.0,ok,
001857,4288,2848,512x512,512,340,262144,6200,0.02365112,2.3651,0,0.0,0,0.0,0,0.0,0,0.0,0,0.0,ok,
001858,4288,2848,512x512,512,340,262144,8340,0.03181458,3.1815,0,0.0,0,0.0,0,0.0,0,0.0,0,0.0,ok,
001859,4288,2848,512x512,512,340,262144,7303,0.02785873,2.7859,1,0.02431277,0,0.0,0,0.0,0,0.0,0,0.0,ok,
001860,6641,4441,512x512,512,342,262144,113967,0.4347496,43.475,1,0.00699699,1,0.04973264,0,0.0,0,0.0,0,0.0,ok,
001861,1024,768,512x512,512,384,262144,27235,0.10389328,10.3893,1,0.04540126,0,0.0,0,0.0,0,0.0,0,0.0,ok,
001862,2816,2112,512x512,512,384,262144,52624,0.20074463,20.0745,1,0.01632009,0,0.0,0,0.0,0,0.0,1,0.0080173,ok,
001863,6688,4459,512x512,512,341,262144,65062,0.24819183,24.8192,0,0.0,0,0.0,0,0.0,0,0.0,0,0.0,ok,
001864,6681,4461,512x512,512,342,262144,75299,0.28724289,28.7243,1,0.02769473,0,0.0,0,0.0,1,0.00131711,1,0.04494583,ok,
001865,6621,4401,512x512,512,340,262144,82416,0.31439209,31.4392,1,0.18507135,1,0.07010273,0,0.0,1,0.00770537,1,0.01626407,ok,
001866,3072,2304,512x512,512,384,262144,10736,0.04095459,4.0955,0,0.0,0,0.0,1,0.01028909,0,0.0,1,0.0135782,ok,
001867,3072,2304,512x512,512,384,262144,65540,0.25001526,25.0015,1,0.01946004,0,0.0,0,0.0,1,0.04225554,0,0.0,ok,
001868,919,802,512x512,512,447,262144,105621,0.40291214,40.2912,1,0.16217888,0,0.0,0,0.0,0,0.0,0,0.0,ok,
001869,4288,2848,512x512,512,340,262144,3972,0.01515198,1.5152,1,0.00453505,0,0.0,0,0.0,1,0.00109611,0,0.0,ok,
001870,640,480,512x512,512,384,262144,52748,0.20121765,20.1218,0,0.0,0,0.0,0,0.0,0,0.0,1,0.01870117,ok,
001871,4288,2848,512x512,512,340,262144,7076,0.0269928,2.6993,1,0.01418792,0,0.0,0,0.0,1,0.00663876,0,0.0,ok,
001872,3008,2000,512x512,512,340,262144,11308,0.0431366,4.3137,0,0.0,1,0.00624451,0,0.0,1,0.01228624,0,0.0,ok,
001873,1024,768,512x512,512,384,262144,60781,0.23186111,23.1861,1,0.07327779,0,0.0,0,0.0,0,0.0,0,0.0,ok,
001874,3872,2592,512x512,512,343,262144,18062,0.06890106,6.8901,0,0.0,0,0.0,0,0.0,0,0.0,0,0.0,ok,
001875,4288,2848,512x512,512,340,262144,55212,0.21061707,21.0617,1,0.24131477,0,0.0,0,0.0,0,0.0,0,0.0,ok,
001876,2592,1944,512x512,512,384,262144,6056,0.02310181,2.3102,0,0.0,0,0.0,0,0.0,0,0.0,0,0.0,ok,
001877,6601,4380,512x512,512,340,262144,41023,0.15649033,15.649,1,0.08455537,0,0.0,0,0.0,1,0.00272333,0,0.0,ok,
001878,3072,2304,512x512,512,384,262144,36824,0.14047241,14.0472,1,0.00735346,0,0.0,0,0.0,0,0.0,0,0.0,ok,
001879,3008,2000,512x512,512,340,262144,8472,0.03231812,3.2318,1,0.00451064,0,0.0,0,0.0,1,0.01435023,0,0.0,ok,
001880,640,480,512x512,512,384,262144,77431,0.29537582,29.5376,1,0.01074544,0,0.0,0,0.0,0,0.0,0,0.0,ok,
001881,3072,2304,512x512,512,384,262144,28223,0.1076622,10.7662,0,0.0,0,0.0,0,0.0,0,0.0,0,0.0,ok,
001882,1024,768,512x512,512,384,262144,31859,0.12153244,12.1532,1,0.00760142,0,0.0,0,0.0,0,0.0,0,0.0,ok,
001883,3008,2000,512x512,512,340,262144,5652,0.02156067,2.1561,0,0.0,1,0.00539062,0,0.0,0,0.0,0,0.0,ok,
001884,4288,2848,512x512,512,340,262144,12189,0.04649734,4.6497,1,0.02155062,1,0.01064114,0,0.0,0,0.0,0,0.0,ok,
001885,1502,1026,512x512,512,350,262144,122378,0.46683502,46.6835,1,0.52450534,0,0.0,0,0.0,0,0.0,0,0.0,ok,
001886,2721,2157,512x512,512,406,262144,108634,0.41440582,41.4406,0,0.0,0,0.0,0,0.0,0,0.0,0,0.0,ok,
001887,4288,2848,512x512,512,340,262144,2752,0.01049805,1.0498,1,0.00440157,0,0.0,0,0.0,0,0.0,0,0.0,ok,
001888,3872,2592,512x512,512,343,262144,2702,0.01030731,1.0307,1,0.00114625,0,0.0,0,0.0,0,0.0,1,0.00098792,ok,
001889,722,545,512x512,512,386,262144,66357,0.25313187,25.3132,1,0.00777402,0,0.0,1,0.00397977,1,0.00115378,0,0.0,ok,
001890,3024,2016,512x512,512,341,262144,28739,0.10963058,10.9631,1,0.07987358,0,0.0,0,0.0,0,0.0,0,0.0,ok,
001891,4288,2848,512x512,512,340,262144,21606,0.08242035,8.242,1,0.00615539,0,0.0,0,0.0,0,0.0,0,0.0,ok,
001892,1024,768,512x512,512,384,262144,25128,0.09585571,9.5856,0,0.0,0,0.0,0,0.0,0,0.0,0,0.0,ok,
001893,2048,1536,512x512,512,384,262144,29738,0.11344147,11.3441,1,0.12132454,0,0.0,0,0.0,0,0.0,1,0.02451865,ok,
001894,2048,1536,512x512,512,384,262144,25453,0.09709549,9.7095,1,0.1189127,0,0.0,0,0.0,0,0.0,0,0.0,ok,
001895,1024,768,512x512,512,384,262144,80350,0.30651093,30.6511,0,0.0,0,0.0,0,0.0,0,0.0,0,0.0,ok,
001896,1024,768,512x512,512,384,262144,26847,0.10241318,10.2413,1,0.00449626,0,0.0,0,0.0,0,0.0,0,0.0,ok,
001897,4288,2848,512x512,512,340,262144,16890,0.06443024,6.443,1,0.00531459,0,0.0,0,0.0,0,0.0,0,0.0,ok,
001898,6688,4459,512x512,512,341,262144,149284,0.56947327,56.9473,1,0.03237984,1,0.10049678,0,0.0,0,0.0,1,0.12981359,ok,
001899,1024,768,512x512,512,384,262144,6192,0.02362061,2.3621,0,0.0,0,0.0,0,0.0,0,0.0,1,0.01120758,ok,
001900,640,480,512x512,512,384,262144,43750,0.16689301,16.6893,0,0.0,0,0.0,0,0.0,0,0.0,0,0.0,ok,
001901,2048,1536,512x512,512,384,262144,84432,0.32208252,32.2083,1,0.00270875,0,0.0,1,0.0099268,0,0.0,1,0.00526396,ok,
001902,6602,4380,512x512,512,340,262144,54913,0.20947647,20.9476,0,0.0,0,0.0,0,0.0,0,0.0,0,0.0,ok,
001903,3024,2016,512x512,512,341,262144,9852,0.0375824,3.7582,1,0.00124352,0,0.0,0,0.0,1,0.00329671,0,0.0,ok,
001904,3872,2592,512x512,512,343,262144,148987,0.5683403,56.834,1,0.01315584,0,0.0,0,0.0,0,0.0,0,0.0,ok,
001905,3024,2016,512x512,512,341,262144,16683,0.06364059,6.3641,0,0.0,0,0.0,0,0.0,0,0.0,0,0.0,ok,
001906,4288,2848,512x512,512,340,262144,1436,0.00547791,0.5478,0,0.0,0,0.0,0,0.0,0,0.0,1,0.00944627,ok,
001907,1024,768,512x512,512,384,262144,50804,0.19380188,19.3802,0,0.0,1,0.04206848,0,0.0,0,0.0,1,0.01886749,ok,
001908,640,480,512x512,512,384,262144,44826,0.17099762,17.0998,1,0.06170573,0,0.0,0,0.0,0,0.0,0,0.0,ok,
001909,2592,1944,512x512,512,384,262144,54896,0.20941162,20.9412,1,0.13841398,0,0.0,0,0.0,0,0.0,0,0.0,ok,
001910,1024,768,512x512,512,384,262144,56892,0.21702576,21.7026,1,0.0688502,0,0.0,0,0.0,0,0.0,1,0.00524012,ok,
001911,767,576,512x512,512,385,262144,134004,0.51118469,51.1185,1,0.17422905,0,0.0,0,0.0,0,0.0,0,0.0,ok,
001912,6662,4422,512x512,512,340,262144,34678,0.13228607,13.2286,1,0.05823276,0,0.0,0,0.0,0,0.0,0,0.0,ok,
001913,640,480,512x512,512,384,262144,31245,0.11919022,11.919,1,0.02785156,0,0.0,0,0.0,0,0.0,0,0.0,ok,
001914,3008,2000,512x512,512,340,262144,14544,0.05548096,5.5481,1,0.04103158,0,0.0,0,0.0,0,0.0,0,0.0,ok,
001915,3072,2304,512x512,512,384,262144,76404,0.29145813,29.1458,1,0.1407458,0,0.0,0,0.0,1,0.0061038,0,0.0,ok,
001916,640,480,512x512,512,384,262144,35130,0.13401031,13.401,0,0.0,0,0.0,0,0.0,0,0.0,1,0.11310547,ok,
001917,3008,2000,512x512,512,340,262144,12220,0.0466156,4.6616,1,0.00440708,0,0.0,0,0.0,0,0.0,1,0.01021193,ok,
001918,4288,2848,512x512,512,340,262144,22759,0.0868187,8.6819,0,0.0,0,0.0,0,0.0,0,0.0,0,0.0,ok,
001919,1024,768,512x512,512,384,262144,51098,0.1949234,19.4923,1,0.05430349,0,0.0,0,0.0,0,0.0,1,0.00849406,ok,
001920,4288,2848,512x512,512,340,262144,20013,0.07634354,7.6344,1,0.01529083,0,0.0,0,0.0,1,0.00371153,0,0.0,ok,
001921,640,480,512x512,512,384,262144,17130,0.06534576,6.5346,0,0.0,0,0.0,1,0.01410482,0,0.0,1,0.00486003,ok,
001922,6622,4420,512x512,512,342,262144,25821,0.0984993,9.8499,1,0.03573694,0,0.0,0,0.0,1,0.00496511,0,0.0,ok,
001923,1024,768,512x512,512,384,262144,3712,0.01416016,1.416,0,0.0,0,0.0,0,0.0,0,0.0,0,0.0,ok,
001924,3008,2000,512x512,512,340,262144,32540,0.12413025,12.413,0,0.0,0,0.0,0,0.0,0,0.0,0,0.0,ok,
001925,4288,2848,512x512,512,340,262144,80051,0.30537033,30.537,1,0.01593403,1,0.04358281,0,0.0,1,0.03255771,0,0.0,ok,
001926,3072,2304,512x512,512,384,262144,56757,0.21651077,21.6511,0,0.0,0,0.0,0,0.0,0,0.0,0,0.0,ok,
001927,4288,2848,512x512,512,340,262144,16134,0.06154633,6.1546,1,0.01963025,0,0.0,0,0.0,0,0.0,0,0.0,ok,
001928,1024,768,512x512,512,384,262144,24125,0.09202957,9.203,0,0.0,0,0.0,0,0.0,1,0.0047582,0,0.0,ok,
001929,1024,768,512x512,512,384,262144,51722,0.19730377,19.7304,1,0.05726115,0,0.0,0,0.0,1,0.01358668,0,0.0,ok,
001930,3072,2304,512x512,512,384,262144,10148,0.03871155,3.8712,1,0.00422386,0,0.0,1,0.00452395,0,0.0,0,0.0,ok,
001931,4288,2848,512x512,512,340,262144,9420,0.03593445,3.5934,1,0.02518616,0,0.0,0,0.0,1,0.00700814,0,0.0,ok,
001932,3072,2304,512x512,512,384,262144,15122,0.05768585,5.7686,1,0.04610599,0,0.0,0,0.0,0,0.0,0,0.0,ok,
001933,722,542,512x512,512,384,262144,75735,0.2889061,28.8906,1,0.04537928,0,0.0,1,0.00958796,0,0.0,0,0.0,ok,
001934,4288,2848,512x512,512,340,262144,5616,0.02142334,2.1423,0,0.0,0,0.0,0,0.0,0,0.0,0,0.0,ok,
001935,3072,2304,512x512,512,384,262144,9848,0.03756714,3.7567,0,0.0,0,0.0,1,0.010374,0,0.0,0,0.0,ok,
001936,3072,2304,512x512,512,384,262144,18368,0.07006836,7.0068,0,0.0,0,0.0,0,0.0,0,0.0,1,0.00954423,ok,
001937,767,576,512x512,512,385,262144,92729,0.35373306,35.3733,0,0.0,0,0.0,0,0.0,0,0.0,0,0.0,ok,
001938,4288,2848,512x512,512,340,262144,6448,0.02459717,2.4597,1,0.01965375,0,0.0,0,0.0,0,0.0,0,0.0,ok,
001939,3072,2304,512x512,512,384,262144,83590,0.31887054,31.8871,1,0.0154847,0,0.0,0,0.0,0,0.0,1,0.06920073,ok,
001940,1019,717,512x512,512,360,262144,45653,0.17415237,17.4152,1,0.03860815,0,0.0,0,0.0,0,0.0,1,0.03107074,ok,
001941,3024,2016,512x512,512,341,262144,15478,0.05904388,5.9044,0,0.0,0,0.0,0,0.0,1,0.0074618,0,0.0,ok,
001942,767,576,512x512,512,385,262144,41358,0.15776825,15.7768,1,0.03416993,0,0.0,0,0.0,0,0.0,0,0.0,ok,
001943,6642,4401,512x512,512,339,262144,16595,0.0633049,6.3305,0,0.0,0,0.0,0,0.0,0,0.0,0,0.0,ok,
001944,4288,2848,512x512,512,340,262144,5223,0.01992416,1.9924,1,0.00448649,0,0.0,0,0.0,0,0.0,0,0.0,ok,
001945,4288,2848,512x512,512,340,262144,3159,0.01205063,1.2051,1,0.00757749,0,0.0,0,0.0,0,0.0,0,0.0,ok,
001946,640,480,512x512,512,384,262144,60410,0.23044586,23.0446,1,0.0212207,0,0.0,0,0.0,0,0.0,1,0.02377279,ok,
001947,4288,2848,512x512,512,340,262144,8168,0.03115845,3.1158,0,0.0,0,0.0,0,0.0,0,0.0,1,0.01845372,ok,
001948,2304,1536,512x512,512,341,262144,8188,0.03123474,3.1235,1,0.00805551,0,0.0,0,0.0,1,0.00671471,0,0.0,ok,
001949,3008,2000,512x512,512,340,262144,8580,0.0327301,3.273,1,0.0313381,0,0.0,0,0.0,1,0.00991622,0,0.0,ok,
001950,6668,4439,512x512,512,341,262144,139149,0.53081131,53.0811,0,0.0,0,0.0,0,0.0,0,0.0,1,0.08766448,ok,
001951,1024,768,512x512,512,384,262144,12860,0.04905701,4.9057,0,0.0,0,0.0,0,0.0,0,0.0,0,0.0,ok,
001952,3008,2000,512x512,512,340,262144,16852,0.06428528,6.4285,1,0.0381742,0,0.0,0,0.0,1,0.03100017,1,0.00385256,ok,
001953,3008,2000,512x512,512,340,262144,42083,0.16053391,16.0534,1,0.01241556,1,0.00934325,0,0.0,0,0.0,1,0.04621277,ok,
001954,6602,4382,512x512,512,340,262144,34786,0.13269806,13.2698,0,0.0,0,0.0,0,0.0,0,0.0,0,0.0,ok,
001955,6668,4439,512x512,512,341,262144,18267,0.06968307,6.9683,1,0.03467496,0,0.0,0,0.0,0,0.0,0,0.0,ok,
001956,640,480,512x512,512,384,262144,11199,0.04272079,4.2721,0,0.0,0,0.0,0,0.0,0,0.0,0,0.0,ok,
001957,1024,768,512x512,512,384,262144,175861,0.67085648,67.0856,1,0.09456635,0,0.0,0,0.0,0,0.0,1,0.01902135,ok,
001958,4288,2848,512x512,512,340,262144,84676,0.32301331,32.3013,0,0.0,0,0.0,0,0.0,0,0.0,0,0.0,ok,
001959,6621,4420,512x512,512,342,262144,46700,0.17814636,17.8146,1,0.06588129,0,0.0,1,0.00490955,0,0.0,0,0.0,ok,
001960,2048,1536,512x512,512,384,262144,30812,0.11753845,11.7538,0,0.0,0,0.0,0,0.0,0,0.0,1,0.07107925,ok,
001961,2601,1909,512x512,512,376,262144,17202,0.06562042,6.562,1,0.0707964,0,0.0,0,0.0,0,0.0,0,0.0,ok,
001962,640,480,512x512,512,384,262144,28675,0.10938644,10.9386,0,0.0,0,0.0,0,0.0,0,0.0,0,0.0,ok,
001963,1024,768,512x512,512,384,262144,30227,0.11530685,11.5307,0,0.0,0,0.0,0,0.0,0,0.0,1,0.08157857,ok,
001964,824,719,512x512,512,447,262144,85585,0.32648087,32.6481,1,0.13315082,0,0.0,0,0.0,0,0.0,0,0.0,ok,
001965,640,480,512x512,512,384,262144,75373,0.28752518,28.7525,0,0.0,1,0.06582682,0,0.0,1,0.01484375,0,0.0,ok,
001966,3872,2592,512x512,512,343,262144,6286,0.02397919,2.3979,0,0.0,0,0.0,0,0.0,1,0.00295769,0,0.0,ok,
001967,4288,2848,512x512,512,340,262144,9052,0.03453064,3.4531,1,0.00621386,1,0.00151995,0,0.0,0,0.0,0,0.0,ok,
001968,4288,2848,512x512,512,340,262144,12595,0.04804611,4.8046,0,0.0,0,0.0,0,0.0,0,0.0,0,0.0,ok,
001969,4288,2848,512x512,512,340,262144,18604,0.07096863,7.0969,1,0.00485784,0,0.0,0,0.0,0,0.0,0,0.0,ok,
001970,6668,4439,512x512,512,341,262144,7005,0.02672195,2.6722,0,0.0,0,0.0,0,0.0,0,0.0,0,0.0,ok,
001971,6641,4402,512x512,512,339,262144,83967,0.32030869,32.0309,1,0.22097928,0,0.0,0,0.0,0,0.0,0,0.0,ok,
001972,1024,768,512x512,512,384,262144,8351,0.03185654,3.1857,1,0.00560888,0,0.0,0,0.0,0,0.0,0,0.0,ok,
001973,3008,2000,512x512,512,340,262144,4952,0.01889038,1.889,0,0.0,0,0.0,0,0.0,0,0.0,0,0.0,ok,
001974,640,480,512x512,512,384,262144,120864,0.46105957,46.106,1,0.05248698,0,0.0,0,0.0,0,0.0,0,0.0,ok,
001975,3024,2016,512x512,512,341,262144,10846,0.04137421,4.1374,1,0.00497754,0,0.0,0,0.0,0,0.0,0,0.0,ok,
001976,1024,768,512x512,512,384,262144,81229,0.30986404,30.9864,1,0.0332489,0,0.0,1,0.09939321,1,0.05196635,0,0.0,ok,
001977,3072,2304,512x512,512,384,262144,5888,0.02246094,2.2461,1,0.09440994,0,0.0,0,0.0,0,0.0,1,0.00808942,ok,
001978,1024,768,512x512,512,384,262144,99347,0.37897873,37.8979,1,0.08019002,1,0.02152379,0,0.0,0,0.0,0,0.0,ok,
001979,3072,2304,512x512,512,384,262144,36930,0.14087677,14.0877,1,0.01445304,0,0.0,0,0.0,0,0.0,1,0.03569624,ok,
001980,1024,768,512x512,512,384,262144,49003,0.18693161,18.6932,1,0.07079569,0,0.0,1,0.00215022,0,0.0,1,0.01731237,ok,
001981,640,480,512x512,512,384,262144,40207,0.15337753,15.3378,1,0.07053385,0,0.0,0,0.0,0,0.0,0,0.0,ok,
001982,3008,2000,512x512,512,340,262144,15804,0.06028748,6.0287,0,0.0,0,0.0,0,0.0,0,0.0,0,0.0,ok,
001983,6628,4399,512x512,512,340,262144,71852,0.27409363,27.4094,1,0.02288784,0,0.0,0,0.0,0,0.0,0,0.0,ok,
001984,6621,4420,512x512,512,342,262144,13096,0.04995728,4.9957,0,0.0,0,0.0,0,0.0,0,0.0,0,0.0,ok,
001985,3072,2304,512x512,512,384,262144,8626,0.03290558,3.2906,1,0.00112887,0,0.0,1,0.00322822,0,0.0,0,0.0,ok,
001986,4288,2848,512x512,512,340,262144,91999,0.35094833,35.0948,1,0.00770597,0,0.0,0,0.0,1,0.02458389,0,0.0,ok,
001987,640,480,512x512,512,384,262144,72943,0.27825546,27.8255,1,0.01443359,0,0.0,1,0.02083008,0,0.0,0,0.0,ok,
001988,3072,2304,512x512,512,384,262144,64693,0.24678421,24.6784,1,0.23473005,0,0.0,0,0.0,0,0.0,0,0.0,ok,
001989,3072,2304,512x512,512,384,262144,40427,0.15421677,15.4217,1,0.07489974,0,0.0,0,0.0,0,0.0,0,0.0,ok,
001990,4288,2848,512x512,512,340,262144,54801,0.20904922,20.9049,0,0.0,0,0.0,0,0.0,0,0.0,0,0.0,ok,
001991,1504,1129,512x512,512,384,262144,74813,0.28538895,28.5389,1,0.05452834,0,0.0,0,0.0,0,0.0,0,0.0,ok,
001992,1024,768,512x512,512,384,262144,37299,0.14228439,14.2284,1,0.02401861,0,0.0,0,0.0,0,0.0,0,0.0,ok,
001993,1024,768,512x512,512,384,262144,16691,0.06367111,6.3671,1,0.01006699,0,0.0,0,0.0,0,0.0,1,0.04538345,ok,
001994,4288,2848,512x512,512,340,262144,2650,0.01010895,1.0109,0,0.0,0,0.0,0,0.0,1,0.00125808,0,0.0,ok,
001995,1024,768,512x512,512,384,262144,10834,0.04132843,4.1328,0,0.0,1,0.01297379,0,0.0,0,0.0,0,0.0,ok,
001996,4288,2848,512x512,512,340,262144,19511,0.07442856,7.4429,0,0.0,0,0.0,0,0.0,1,0.00364823,0,0.0,ok,
001997,3072,2304,512x512,512,384,262144,25345,0.0966835,9.6684,0,0.0,0,0.0,0,0.0,1,0.00215714,1,0.01963184,ok,
001998,1024,768,512x512,512,384,262144,75584,0.28833008,28.833,1,0.05656306,0,0.0,0,0.0,0,0.0,0,0.0,ok,
001999,3008,2000,512x512,512,340,262144,5160,0.01968384,1.9684,1,0.03016905,0,0.0,0,0.0,0,0.0,0,0.0,ok,
002000,1024,768,512x512,512,384,262144,171287,0.65340805,65.3408,1,0.00802612,0,0.0,0,0.0,0,0.0,0,0.0,ok,
002001,6648,4439,512x512,512,342,262144,15881,0.06058121,6.0581,1,0.03591112,0,0.0,0,0.0,0,0.0,0,0.0,ok,
002002,4288,2848,512x512,512,340,262144,2851,0.0108757,1.0876,1,0.00733241,0,0.0,0,0.0,0,0.0,0,0.0,ok,
002003,3872,2592,512x512,512,343,262144,41814,0.15950775,15.9508,1,0.17596429,1,0.00912046,0,0.0,0,0.0,0,0.0,ok,
002004,944,1127,512x512,429,512,262144,37426,0.14276886,14.2769,1,0.07451442,0,0.0,0,0.0,1,0.00111102,0,0.0,ok,
002005,4288,2848,512x512,512,340,262144,52897,0.20178604,20.1786,0,0.0,0,0.0,0,0.0,1,0.00585708,0,0.0,ok,
002006,1024,768,512x512,512,384,262144,9144,0.03488159,3.4882,1,0.00924428,0,0.0,0,0.0,0,0.0,1,0.01730982,ok,
002007,6681,4422,512x512,512,339,262144,85896,0.32766724,32.7667,1,0.00693198,0,0.0,0,0.0,0,0.0,0,0.0,ok,
002008,1024,768,512x512,512,384,262144,19427,0.07410812,7.4108,0,0.0,0,0.0,0,0.0,0,0.0,1,0.00587718,ok,
002009,2219,2252,512x512,504,512,262144,123612,0.47154236,47.1542,1,0.10468968,0,0.0,0,0.0,0,0.0,0,0.0,ok,
002010,640,480,512x512,512,384,262144,98222,0.37468719,37.4687,1,0.16829753,0,0.0,0,0.0,0,0.0,0,0.0,ok,
002011,6627,4459,512x512,512,345,262144,83204,0.31739807,31.7398,1,0.11679053,0,0.0,1,0.02569206,0,0.0,0,0.0,ok,
002012,1024,768,512x512,512,384,262144,22155,0.08451462,8.4515,1,0.0108935,0,0.0,0,0.0,0,0.0,1,0.01193492,ok,
002013,6641,4420,512x512,512,341,262144,83088,0.31695557,31.6956,1,0.02679359,0,0.0,0,0.0,0,0.0,1,0.15028218,ok,
002014,2355,2028,512x512,512,441,262144,59056,0.22528076,22.5281,0,0.0,0,0.0,0,0.0,0,0.0,0,0.0,ok,
002015,4288,2848,512x512,512,340,262144,58236,0.22215271,22.2153,0,0.0,0,0.0,0,0.0,0,0.0,0,0.0,ok,
002016,3008,2000,512x512,512,340,262144,7736,0.0295105,2.951,1,0.03871443,0,0.0,0,0.0,0,0.0,0,0.0,ok,
002017,4288,2848,512x512,512,340,262144,4279,0.01632309,1.6323,0,0.0,0,0.0,0,0.0,0,0.0,0,0.0,ok,
002018,1024,768,512x512,512,384,262144,162993,0.62176895,62.1769,1,0.07846832,0,0.0,0,0.0,0,0.0,0,0.0,ok,
002019,6661,4441,512x512,512,341,262144,60188,0.229599,22.9599,1,0.08098744,1,0.05161415,0,0.0,0,0.0,0,0.0,ok,
002020,6641,4420,512x512,512,341,262144,66618,0.2541275,25.4128,1,0.15951807,0,0.0,0,0.0,0,0.0,1,0.03051076,ok,
002021,6688,4439,512x512,512,340,262144,125948,0.48045349,48.0453,0,0.0,0,0.0,0,0.0,0,0.0,0,0.0,ok,
002022,1024,768,512x512,512,384,262144,76719,0.29265976,29.266,0,0.0,0,0.0,0,0.0,0,0.0,0,0.0,ok,
002023,6581,4382,512x512,512,341,262144,26017,0.09924698,9.9247,1,0.05164415,0,0.0,0,0.0,0,0.0,0,0.0,ok,
002024,767,576,512x512,512,385,262144,179242,0.68375397,68.3754,1,0.03070676,0,0.0,0,0.0,0,0.0,0,0.0,ok,
002025,3072,2304,512x512,512,384,262144,112942,0.43083954,43.084,1,0.04641272,0,0.0,0,0.0,0,0.0,0,0.0,ok,
002026,2592,1936,512x512,512,382,262144,12236,0.04667664,4.6677,0,0.0,0,0.0,0,0.0,1,0.00090612,0,0.0,ok,
002027,3072,2304,512x512,512,384,262144,37100,0.14152527,14.1525,1,0.13529502,0,0.0,0,0.0,0,0.0,0,0.0,ok,
002028,3872,2592,512x512,512,343,262144,65384,0.24942017,24.942,1,0.04436738,0,0.0,0,0.0,0,0.0,0,0.0,ok,
002029,4288,2848,512x512,512,340,262144,38069,0.14522171,14.5222,0,0.0,0,0.0,0,0.0,1,0.01023384,0,0.0,ok,
002030,6622,4422,512x512,512,342,262144,119044,0.45411682,45.4117,0,0.0,1,0.16588248,0,0.0,1,0.00848022,1,0.16867111,ok,
002031,1024,768,512x512,512,384,262144,40221,0.15343094,15.3431,1,0.01320521,0,0.0,0,0.0,0,0.0,0,0.0,ok,
002032,6640,4420,512x512,512,341,262144,79500,0.30326843,30.3268,1,0.16884421,0,0.0,0,0.0,0,0.0,0,0.0,ok,
002033,3024,2016,512x512,512,341,262144,15273,0.05826187,5.8262,0,0.0,0,0.0,0,0.0,0,0.0,0,0.0,ok,
002034,3008,2000,512x512,512,340,262144,3431,0.01308823,1.3088,0,0.0,0,0.0,0,0.0,0,0.0,0,0.0,ok,
002035,6668,4459,512x512,512,342,262144,27182,0.1036911,10.3691,1,0.08378288,0,0.0,0,0.0,1,0.0035681,0,0.0,ok,
002036,6668,4439,512x512,512,341,262144,47435,0.18095016,18.095,1,0.05603064,0,0.0,0,0.0,0,0.0,0,0.0,ok,
002037,640,480,512x512,512,384,262144,31459,0.12000656,12.0007,1,0.00891276,0,0.0,0,0.0,0,0.0,0,0.0,ok,
002038,1080,1920,512x512,288,512,262144,51160,0.19515991,19.516,1,0.10702932,0,0.0,0,0.0,0,0.0,0,0.0,ok,
002039,2560,2278,512x512,512,456,262144,108702,0.41466522,41.4665,0,0.0,0,0.0,0,0.0,1,0.00663531,0,0.0,ok,
002040,2355,2028,512x512,512,441,262144,61466,0.23447418,23.4474,1,0.01038874,0,0.0,0,0.0,0,0.0,0,0.0,ok,
002041,1504,1129,512x512,512,384,262144,46338,0.17676544,17.6765,1,0.07909996,0,0.0,0,0.0,0,0.0,0,0.0,ok,
002042,2048,1536,512x512,512,384,262144,47407,0.18084335,18.0843,1,0.17348448,0,0.0,0,0.0,0,0.0,0,0.0,ok,
002043,4288,2848,512x512,512,340,262144,31418,0.11985016,11.985,0,0.0,0,0.0,0,0.0,0,0.0,0,0.0,ok,
002044,4288,2848,512x512,512,340,262144,21605,0.08241653,8.2417,1,0.01602501,0,0.0,0,0.0,0,0.0,0,0.0,ok,
002045,1024,768,512x512,512,384,262144,28485,0.10866165,10.8662,1,0.00529989,0,0.0,0,0.0,0,0.0,0,0.0,ok,
002046,771,750,512x512,512,498,262144,56970,0.2173233,21.7323,1,0.00637268,0,0.0,0,0.0,0,0.0,0,0.0,ok,
002047,2048,1536,512x512,512,384,262144,5542,0.02114105,2.1141,1,0.03049755,0,0.0,0,0.0,0,0.0,0,0.0,ok,
002048,3008,2000,512x512,512,340,262144,9572,0.03651428,3.6514,0,0.0,0,0.0,0,0.0,0,0.0,1,0.00795662,ok,
002049,3072,2304,512x512,512,384,262144,74103,0.28268051,28.2681,0,0.0,0,0.0,0,0.0,1,0.00905101,0,0.0,ok,
002050,1024,768,512x512,512,384,262144,150431,0.57384872,57.3849,1,0.02675502,0,0.0,0,0.0,1,0.00107066,0,0.0,ok,
002051,679,566,512x512,512,427,262144,120663,0.46029282,46.0293,1,0.05428113,1,0.00478515,1,0.02563529,0,0.0,1,0.01048101,ok,
002052,640,480,512x512,512,384,262144,47057,0.17950821,17.9508,1,0.12605469,0,0.0,0,0.0,0,0.0,0,0.0,ok,
002053,6688,4419,512x512,512,338,262144,108812,0.41508484,41.5085,1,0.42390203,0,0.0,0,0.0,0,0.0,0,0.0,ok,
002054,3872,2592,512x512,512,343,262144,104868,0.40003967,40.004,1,0.06669809,0,0.0,0,0.0,0,0.0,1,0.011237,ok,
002055,1024,768,512x512,512,384,262144,35443,0.13520432,13.5204,1,0.00457637,0,0.0,0,0.0,0,0.0,0,0.0,ok,
002056,1024,768,512x512,512,384,262144,79881,0.30472183,30.4722,0,0.0,1,0.05331039,0,0.0,1,0.00483958,0,0.0,ok,
002057,3008,2000,512x512,512,340,262144,954,0.00363922,0.3639,0,0.0,0,0.0,0,0.0,0,0.0,0,0.0,ok,
002058,6641,4420,512x512,512,341,262144,37739,0.14396286,14.3963,1,0.05523595,0,0.0,0,0.0,0,0.0,0,0.0,ok,
002059,640,480,512x512,512,384,262144,24341,0.09285355,9.2854,1,0.05119466,0,0.0,0,0.0,0,0.0,0,0.0,ok,
002060,4288,2848,512x512,512,340,262144,11660,0.04447937,4.4479,0,0.0,0,0.0,0,0.0,1,0.00359066,0,0.0,ok,
002061,4288,2848,512x512,512,340,262144,14912,0.05688477,5.6885,0,0.0,0,0.0,0,0.0,1,0.00454356,0,0.0,ok,
002062,1024,768,512x512,512,384,262144,25708,0.09806824,9.8068,0,0.0,0,0.0,0,0.0,0,0.0,0,0.0,ok,
002063,3072,2304,512x512,512,384,262144,84572,0.32261658,32.2617,0,0.0,0,0.0,1,0.00945918,0,0.0,0,0.0,ok,
002064,957,640,512x512,512,342,262144,107534,0.41020966,41.021,1,0.23305741,0,0.0,0,0.0,0,0.0,0,0.0,ok,
002065,2592,1936,512x512,512,382,262144,5028,0.0191803,1.918,0,0.0,0,0.0,0,0.0,1,0.00948943,0,0.0,ok,
002066,4288,2848,512x512,512,340,262144,10476,0.03996277,3.9963,1,0.01524088,0,0.0,0,0.0,1,0.00331709,0,0.0,ok,
002067,1024,768,512x512,512,384,262144,96492,0.36808777,36.8088,1,0.25535838,0,0.0,0,0.0,0,0.0,1,0.01779938,ok,
002068,640,480,512x512,512,384,262144,25723,0.09812546,9.8125,1,0.10873698,0,0.0,0,0.0,0,0.0,0,0.0,ok,
002069,3008,2000,512x512,512,340,262144,12156,0.04637146,4.6371,1,0.02550781,0,0.0,0,0.0,0,0.0,0,0.0,ok,
002070,2048,1536,512x512,512,384,262144,96336,0.36749268,36.7493,0,0.0,0,0.0,0,0.0,0,0.0,0,0.0,ok,
002071,3872,2592,512x512,512,343,262144,6537,0.02493668,2.4937,0,0.0,0,0.0,0,0.0,1,0.00329795,0,0.0,ok,
002072,3872,2592,512x512,512,343,262144,50967,0.19442368,19.4424,0,0.0,1,0.004002,0,0.0,0,0.0,0,0.0,ok,
002073,3008,2000,512x512,512,340,262144,10608,0.04046631,4.0466,0,0.0,0,0.0,0,0.0,1,0.00355269,0,0.0,ok,
002074,6642,4422,512x512,512,341,262144,74192,0.28302002,28.302,0,0.0,0,0.0,0,0.0,0,0.0,0,0.0,ok,
002075,3008,2000,512x512,512,340,262144,93716,0.35749817,35.7498,1,0.00854505,1,0.06111237,0,0.0,0,0.0,0,0.0,ok,
002076,3008,2000,512x512,512,340,262144,27200,0.10375977,10.376,1,0.00548537,0,0.0,0,0.0,1,0.00274352,0,0.0,ok,
002077,2556,2115,512x512,512,424,262144,17955,0.06849289,6.8493,0,0.0,0,0.0,0,0.0,0,0.0,0,0.0,ok,
002078,3008,2000,512x512,512,340,262144,6762,0.02579498,2.5795,1,0.02146975,0,0.0,0,0.0,0,0.0,1,0.00313298,ok,
002079,2048,1536,512x512,512,384,262144,35319,0.13473129,13.4731,1,0.04589653,0,0.0,1,0.02457809,0,0.0,0,0.0,ok,
002080,4288,2848,512x512,512,340,262144,1355,0.00516891,0.5169,1,0.00243314,0,0.0,0,0.0,0,0.0,0,0.0,ok,
002081,3072,2304,512x512,512,384,262144,35801,0.13656998,13.657,1,0.02976071,0,0.0,0,0.0,0,0.0,0,0.0,ok,
002082,1024,768,512x512,512,384,262144,105774,0.40349579,40.3496,1,0.05246989,0,0.0,0,0.0,1,0.0247968,0,0.0,ok,
002083,4288,2848,512x512,512,340,262144,3890,0.01483917,1.4839,1,0.0073293,0,0.0,0,0.0,0,0.0,1,0.00428407,ok,
002084,1028,753,512x512,512,375,262144,46788,0.17848206,17.8482,0,0.0,0,0.0,0,0.0,0,0.0,0,0.0,ok,
002085,1504,1129,512x512,512,384,262144,47177,0.17996597,17.9966,1,0.16959263,0,0.0,0,0.0,0,0.0,0,0.0,ok,
002086,3008,2000,512x512,512,340,262144,5040,0.01922607,1.9226,0,0.0,0,0.0,0,0.0,0,0.0,0,0.0,ok,
002087,3008,2000,512x512,512,340,262144,20880,0.07965088,7.9651,0,0.0,1,0.04662683,0,0.0,1,0.00550432,0,0.0,ok,
002088,3072,2304,512x512,512,384,262144,25352,0.09671021,9.671,1,0.07513216,0,0.0,0,0.0,0,0.0,0,0.0,ok,
002089,6641,4422,512x512,512,341,262144,80626,0.30756378,30.7564,1,0.23283209,0,0.0,0,0.0,0,0.0,0,0.0,ok,
002090,1024,768,512x512,512,384,262144,55666,0.21234894,21.2349,1,0.02711105,1,0.00531006,0,0.0,0,0.0,0,0.0,ok,
002091,6628,4439,512x512,512,343,262144,100923,0.38499069,38.4991,1,0.03472887,0,0.0,0,0.0,0,0.0,1,0.06594927,ok,
002092,1024,768,512x512,512,384,262144,19869,0.07579422,7.5794,1,0.05779266,0,0.0,0,0.0,0,0.0,0,0.0,ok,
002093,2048,1536,512x512,512,384,262144,33234,0.12677765,12.6778,1,0.10801856,0,0.0,1,0.0282917,0,0.0,0,0.0,ok,
002094,3008,2000,512x512,512,340,262144,12382,0.04723358,4.7234,0,0.0,0,0.0,0,0.0,1,0.01605585,0,0.0,ok,
002095,1024,768,512x512,512,384,262144,135079,0.51528549,51.5285,0,0.0,0,0.0,0,0.0,0,0.0,0,0.0,ok,
002096,3072,2304,512x512,512,384,262144,190576,0.72698975,72.699,0,0.0,0,0.0,0,0.0,0,0.0,0,0.0,ok,
002097,4288,2848,512x512,512,340,262144,1497,0.0057106,0.5711,1,0.00473272,0,0.0,0,0.0,0,0.0,0,0.0,ok,
002098,3872,2592,512x512,512,343,262144,7182,0.02739716,2.7397,1,0.00952659,0,0.0,0,0.0,1,0.00446293,0,0.0,ok,
002099,3872,2592,512x512,512,343,262144,1951,0.00744247,0.7442,0,0.0,0,0.0,0,0.0,0,0.0,0,0.0,ok,
002100,2048,1536,512x512,512,384,262144,78092,0.29789734,29.7897,1,0.00885328,0,0.0,0,0.0,0,0.0,0,0.0,ok,
002101,640,480,512x512,512,384,262144,17517,0.06682205,6.6822,1,0.01889974,0,0.0,0,0.0,0,0.0,0,0.0,ok,
002102,4288,2848,512x512,512,340,262144,21649,0.08258438,8.2584,1,0.03070121,0,0.0,0,0.0,1,0.00846521,0,0.0,ok,
002103,3072,2304,512x512,512,384,262144,3764,0.01435852,1.4359,1,0.00470734,0,0.0,0,0.0,0,0.0,0,0.0,ok,
002104,1024,768,512x512,512,384,262144,109712,0.41851807,41.8518,0,0.0,0,0.0,0,0.0,1,0.00618871,0,0.0,ok,
002105,2592,1936,512x512,512,382,262144,3828,0.01460266,1.4603,0,0.0,0,0.0,0,0.0,0,0.0,0,0.0,ok,
002106,3072,2304,512x512,512,384,262144,11408,0.04351807,4.3518,1,0.00397845,0,0.0,0,0.0,0,0.0,0,0.0,ok,
002107,640,480,512x512,512,384,262144,12930,0.04932404,4.9324,1,0.03288737,0,0.0,0,0.0,0,0.0,1,0.00660482,ok,
002108,4288,2848,512x512,512,340,262144,9600,0.03662109,3.6621,0,0.0,0,0.0,0,0.0,0,0.0,0,0.0,ok,
002109,6668,4459,512x512,512,342,262144,168463,0.64263535,64.2635,0,0.0,0,0.0,0,0.0,1,0.00761561,1,0.07078191,ok,
002110,2048,1536,512x512,512,384,262144,53156,0.20277405,20.2774,1,0.21578598,0,0.0,0,0.0,0,0.0,0,0.0,ok,
002111,640,480,512x512,512,384,262144,116752,0.44537354,44.5374,1,0.01872396,0,0.0,0,0.0,0,0.0,0,0.0,ok,
002112,3072,2304,512x512,512,384,262144,26132,0.09968567,9.9686,1,0.08902444,0,0.0,0,0.0,0,0.0,1,0.02599914,ok,
002113,6708,4439,512x512,512,339,262144,8262,0.03151703,3.1517,0,0.0,0,0.0,0,0.0,0,0.0,1,0.00174119,ok,
002114,6648,4439,512x512,512,342,262144,89069,0.33977127,33.9771,1,0.27399375,0,0.0,0,0.0,0,0.0,0,0.0,ok,
002115,3008,2000,512x512,512,340,262144,11874,0.04529572,4.5296,1,0.03578906,0,0.0,0,0.0,0,0.0,0,0.0,ok,
002116,1024,768,512x512,512,384,262144,83712,0.31933594,31.9336,1,0.00871785,0,0.0,0,0.0,0,0.0,0,0.0,ok,
002117,6808,4519,512x512,512,340,262144,47927,0.182827,18.2827,1,0.09639438,0,0.0,0,0.0,0,0.0,1,0.03330614,ok,
002118,3008,2000,512x512,512,340,262144,4284,0.01634216,1.6342,0,0.0,0,0.0,0,0.0,0,0.0,0,0.0,ok,
002119,919,802,512x512,512,447,262144,92873,0.35428238,35.4282,1,0.0499323,0,0.0,0,0.0,1,0.00253718,0,0.0,ok,
002120,4288,2848,512x512,512,340,262144,3028,0.0115509,1.1551,0,0.0,0,0.0,0,0.0,0,0.0,1,0.01833073,ok,
002121,6681,4440,512x512,512,340,262144,18225,0.06952286,6.9523,0,0.0,0,0.0,0,0.0,0,0.0,0,0.0,ok,
002122,3072,2304,512x512,512,384,262144,26103,0.09957504,9.9575,1,0.11191969,0,0.0,0,0.0,0,0.0,0,0.0,ok,
002123,3008,2000,512x512,512,340,262144,14239,0.05431747,5.4317,1,0.05240525,0,0.0,0,0.0,0,0.0,0,0.0,ok,
002124,767,576,512x512,512,385,262144,30914,0.11792755,11.7928,1,0.05553292,0,0.0,0,0.0,0,0.0,1,0.02512042,ok,
002125,4288,2848,512x512,512,340,262144,3188,0.01216125,1.2161,0,0.0,0,0.0,1,0.00807994,0,0.0,1,0.010404,ok,
002126,640,480,512x512,512,384,262144,70175,0.26769638,26.7696,0,0.0,1,0.01932292,0,0.0,0,0.0,0,0.0,ok,
002127,3872,2592,512x512,512,343,262144,4524,0.01725769,1.7258,1,0.00541987,0,0.0,0,0.0,1,0.00592314,1,0.00601282,ok,
002128,1024,768,512x512,512,384,262144,185142,0.70626068,70.6261,1,0.05410385,0,0.0,0,0.0,0,0.0,0,0.0,ok,
002129,6668,4439,512x512,512,341,262144,96333,0.36748123,36.7481,1,0.00906371,0,0.0,0,0.0,0,0.0,0,0.0,ok,
002130,4288,2848,512x512,512,340,262144,2063,0.00786972,0.787,1,0.00189048,0,0.0,0,0.0,0,0.0,0,0.0,ok,
002131,4288,2848,512x512,512,340,262144,23874,0.09107208,9.1072,0,0.0,0,0.0,0,0.0,0,0.0,0,0.0,ok,
002132,919,802,512x512,512,447,262144,157647,0.60137558,60.1376,1,0.21995067,0,0.0,0,0.0,1,0.00351542,0,0.0,ok,
002133,640,480,512x512,512,384,262144,37738,0.14395905,14.3959,1,0.07426758,0,0.0,0,0.0,0,0.0,0,0.0,ok,
002134,4288,2848,512x512,512,340,262144,5708,0.02177429,2.1774,1,0.01547171,0,0.0,0,0.0,0,0.0,0,0.0,ok,
002135,3072,2304,512x512,512,384,262144,84909,0.32390213,32.3902,1,0.21154164,0,0.0,0,0.0,0,0.0,0,0.0,ok,
002136,3008,2000,512x512,512,340,262144,41265,0.15741348,15.7413,0,0.0,0,0.0,0,0.0,1,0.00320894,0,0.0,ok,
002137,3008,2000,512x512,512,340,262144,13872,0.05291748,5.2917,1,0.00731316,0,0.0,0,0.0,0,0.0,1,0.00640691,ok,
002138,1024,768,512x512,512,384,262144,16449,0.06274796,6.2748,1,0.04582469,0,0.0,0,0.0,0,0.0,0,0.0,ok,
002139,3072,2304,512x512,512,384,262144,14828,0.05656433,5.6564,1,0.01221975,0,0.0,0,0.0,0,0.0,0,0.0,ok,
002140,4288,2848,512x512,512,340,262144,2012,0.00767517,0.7675,1,0.00596566,0,0.0,0,0.0,0,0.0,0,0.0,ok,
002141,1024,768,512x512,512,384,262144,178959,0.68267441,68.2674,0,0.0,0,0.0,0,0.0,1,0.00142415,0,0.0,ok,
002142,640,480,512x512,512,384,262144,81500,0.31089783,31.0898,0,0.0,0,0.0,1,0.09923177,0,0.0,0,0.0,ok,
002143,3072,2304,512x512,512,384,262144,60956,0.23252869,23.2529,1,0.08475551,0,0.0,0,0.0,0,0.0,0,0.0,ok,
002144,3008,2000,512x512,512,340,262144,18708,0.07136536,7.1365,0,0.0,0,0.0,0,0.0,1,0.01397872,0,0.0,ok,
002145,1707,1222,512x512,512,367,262144,16244,0.06196594,6.1966,1,0.03961832,0,0.0,0,0.0,0,0.0,0,0.0,ok,
002146,6748,4499,512x512,512,341,262144,14368,0.05480957,5.481,1,0.07544764,0,0.0,0,0.0,0,0.0,0,0.0,ok,
002147,3008,2000,512x512,512,340,262144,6764,0.02580261,2.5803,1,0.03373587,0,0.0,0,0.0,1,0.00662267,0,0.0,ok,
002148,3072,2304,512x512,512,384,262144,22196,0.08467102,8.4671,1,0.03463561,0,0.0,0,0.0,0,0.0,0,0.0,ok,
002149,6688,4419,512x512,512,338,262144,22003,0.08393478,8.3935,1,0.02147662,0,0.0,0,0.0,1,0.00237546,0,0.0,ok,
002150,2048,1536,512x512,512,384,262144,46268,0.17649841,17.6498,1,0.25159486,0,0.0,0,0.0,0,0.0,0,0.0,ok,
002151,3024,2016,512x512,512,341,262144,19186,0.07318878,7.3189,0,0.0,0,0.0,0,0.0,1,0.00352045,0,0.0,ok,
002152,767,576,512x512,512,385,262144,44837,0.17103958,17.104,1,0.04475862,0,0.0,0,0.0,0,0.0,0,0.0,ok,
002153,3024,2016,512x512,512,341,262144,5290,0.02017975,2.018,0,0.0,0,0.0,0,0.0,0,0.0,1,0.01963016,ok,
002154,640,480,512x512,512,384,262144,115368,0.44009399,44.0094,1,0.00761068,0,0.0,0,0.0,0,0.0,0,0.0,ok,
002155,2621,2060,512x512,512,402,262144,6355,0.0242424,2.4242,0,0.0,0,0.0,0,0.0,0,0.0,0,0.0,ok,
002156,767,576,512x512,512,385,262144,37617,0.14349747,14.3497,1,0.02612768,0,0.0,0,0.0,0,0.0,0,0.0,ok,
002157,6694,4477,512x512,512,342,262144,34004,0.12971497,12.9715,1,0.08100033,0,0.0,0,0.0,0,0.0,0,0.0,ok,
002158,4288,2848,512x512,512,340,262144,1176,0.00448608,0.4486,0,0.0,0,0.0,0,0.0,1,0.00116932,1,0.00228722,ok,
002159,640,480,512x512,512,384,262144,91236,0.34803772,34.8038,1,0.37160156,0,0.0,0,0.0,0,0.0,0,0.0,ok,
002160,4288,2848,512x512,512,340,262144,8438,0.03218842,3.2188,1,0.00992997,0,0.0,0,0.0,0,0.0,0,0.0,ok,
002161,4288,2848,512x512,512,340,262144,8824,0.03366089,3.3661,0,0.0,0,0.0,0,0.0,1,0.01523744,0,0.0,ok,
002162,4288,2848,512x512,512,340,262144,4573,0.01744461,1.7445,0,0.0,0,0.0,0,0.0,0,0.0,0,0.0,ok,
002163,2448,2448,512x512,512,512,262144,134860,0.51445007,51.445,1,0.0060582,0,0.0,0,0.0,0,0.0,0,0.0,ok,
002164,640,480,512x512,512,384,262144,37699,0.14381027,14.381,1,0.02083008,0,0.0,1,0.00597982,0,0.0,0,0.0,ok,
002165,4288,2848,512x512,512,340,262144,16342,0.06233978,6.234,1,0.00908934,0,0.0,0,0.0,1,0.00903603,1,0.03440708,ok,
002166,640,480,512x512,512,384,262144,23491,0.08961105,8.9611,0,0.0,0,0.0,0,0.0,0,0.0,0,0.0,ok,
002167,640,480,512x512,512,384,262144,11732,0.04475403,4.4754,1,0.0276237,0,0.0,0,0.0,0,0.0,0,0.0,ok,
002168,3072,2304,512x512,512,384,262144,18920,0.07217407,7.2174,1,0.00623844,0,0.0,0,0.0,0,0.0,0,0.0,ok,
002169,6602,4361,512x512,512,338,262144,37756,0.14402771,14.4028,0,0.0,0,0.0,0,0.0,0,0.0,0,0.0,ok,
002170,2592,1936,512x512,512,382,262144,3552,0.0135498,1.355,0,0.0,0,0.0,0,0.0,1,0.00120643,0,0.0,ok,
002171,4288,2848,512x512,512,340,262144,3611,0.01377487,1.3775,0,0.0,0,0.0,0,0.0,0,0.0,1,0.01934513,ok,
002172,853,680,512x512,512,408,262144,60183,0.22957993,22.958,1,0.04220743,0,0.0,0,0.0,0,0.0,0,0.0,ok,
002173,6668,4439,512x512,512,341,262144,62990,0.24028778,24.0288,1,0.10049406,0,0.0,0,0.0,0,0.0,1,0.01276167,ok,
002174,3072,2304,512x512,512,384,262144,8960,0.03417969,3.418,0,0.0,0,0.0,1,0.00343747,0,0.0,1,0.00537576,ok,
002175,3872,2592,512x512,512,343,262144,3991,0.01522446,1.5224,1,0.01436845,0,0.0,0,0.0,0,0.0,0,0.0,ok,
002176,6621,4401,512x512,512,340,262144,73728,0.28125,28.125,1,0.09756999,0,0.0,0,0.0,0,0.0,0,0.0,ok,
002177,3072,2304,512x512,512,384,262144,35358,0.13488007,13.488,1,0.00625469,1,0.02116168,0,0.0,0,0.0,0,0.0,ok,
002178,3872,2592,512x512,512,343,262144,43585,0.16626358,16.6264,1,0.04978067,0,0.0,0,0.0,0,0.0,0,0.0,ok,
002179,3072,2304,512x512,512,384,262144,35336,0.13479614,13.4796,1,0.06018603,0,0.0,0,0.0,1,0.00434904,0,0.0,ok,
002180,3872,2592,512x512,512,343,262144,22395,0.08543015,8.543,0,0.0,0,0.0,0,0.0,0,0.0,1,0.0023176,ok,
002181,3024,2016,512x512,512,341,262144,9013,0.03438187,3.4382,0,0.0,0,0.0,0,0.0,0,0.0,0,0.0,ok,
002182,724,542,512x512,512,383,262144,127070,0.48473358,48.4734,0,0.0,0,0.0,0,0.0,0,0.0,0,0.0,ok,
002183,2592,1944,512x512,512,384,262144,25328,0.09661865,9.6619,1,0.01282257,0,0.0,0,0.0,0,0.0,0,0.0,ok,
002184,1024,768,512x512,512,384,262144,75015,0.28615952,28.616,1,0.0125707,0,0.0,0,0.0,1,0.02167892,0,0.0,ok,
002185,962,722,512x512,512,384,262144,71529,0.27286148,27.2861,1,0.41097581,0,0.0,0,0.0,0,0.0,0,0.0,ok,
002186,4288,2848,512x512,512,340,262144,16866,0.06433868,6.4339,0,0.0,0,0.0,0,0.0,0,0.0,1,0.00336605,ok,
002187,3072,2304,512x512,512,384,262144,74468,0.28407288,28.4073,1,0.00489694,0,0.0,0,0.0,0,0.0,0,0.0,ok,
002188,3872,2592,512x512,512,343,262144,2099,0.00800705,0.8007,0,0.0,0,0.0,0,0.0,0,0.0,0,0.0,ok,
002189,3872,2592,512x512,512,343,262144,132297,0.504673,50.4673,0,0.0,0,0.0,0,0.0,0,0.0,0,0.0,ok,
002190,4288,2848,512x512,512,340,262144,7019,0.02677536,2.6775,0,0.0,0,0.0,0,0.0,0,0.0,0,0.0,ok,
002191,3008,2000,512x512,512,340,262144,13557,0.05171585,5.1716,1,0.04296144,0,0.0,0,0.0,0,0.0,0,0.0,ok,
002192,824,719,512x512,512,447,262144,117726,0.44908905,44.9089,1,0.04241665,0,0.0,0,0.0,0,0.0,0,0.0,ok,
002193,1024,768,512x512,512,384,262144,133471,0.50915146,50.9151,1,0.23635356,0,0.0,0,0.0,0,0.0,0,0.0,ok,
002194,6622,4402,512x512,512,340,262144,40028,0.1526947,15.2695,0,0.0,0,0.0,0,0.0,0,0.0,0,0.0,ok,
002195,4288,2848,512x512,512,340,262144,22461,0.08568192,8.5682,1,0.05303841,0,0.0,0,0.0,1,0.00908614,0,0.0,ok,
002196,3072,2304,512x512,512,384,262144,8792,0.03353882,3.3539,1,0.00290496,0,0.0,0,0.0,0,0.0,0,0.0,ok,
002197,640,480,512x512,512,384,262144,85641,0.32669449,32.6694,1,0.15661458,0,0.0,0,0.0,0,0.0,0,0.0,ok,
002198,1022,767,512x512,512,384,262144,55084,0.21012878,21.0129,0,0.0,0,0.0,0,0.0,1,0.0309935,0,0.0,ok,
002199,640,480,512x512,512,384,262144,55597,0.21208572,21.2086,1,0.06643229,0,0.0,0,0.0,0,0.0,1,0.01130859,ok,
002200,6642,4441,512x512,512,342,262144,31452,0.11997986,11.998,1,0.0253124,0,0.0,0,0.0,0,0.0,0,0.0,ok,
002201,1024,768,512x512,512,384,262144,159782,0.60951996,60.952,1,0.24834824,0,0.0,0,0.0,0,0.0,0,0.0,ok,
002202,1024,768,512x512,512,384,262144,68730,0.26218414,26.2184,0,0.0,0,0.0,0,0.0,0,0.0,0,0.0,ok,
002203,1024,768,512x512,512,384,262144,37182,0.14183807,14.1838,1,0.0394872,0,0.0,0,0.0,1,0.00638199,0,0.0,ok,
002204,3072,2304,512x512,512,384,262144,6656,0.02539062,2.5391,0,0.0,0,0.0,0,0.0,0,0.0,1,0.02553615,ok,
002205,1024,768,512x512,512,384,262144,22811,0.08701706,8.7017,0,0.0,0,0.0,0,0.0,0,0.0,0,0.0,ok,
002206,3072,2304,512x512,512,384,262144,97467,0.3718071,37.1807,1,0.21420076,0,0.0,0,0.0,0,0.0,1,0.00932284,ok,
002207,1024,768,512x512,512,384,262144,9407,0.03588486,3.5885,0,0.0,0,0.0,0,0.0,0,0.0,0,0.0,ok,
002208,3072,2304,512x512,512,384,262144,3080,0.01174927,1.1749,0,0.0,0,0.0,0,0.0,0,0.0,0,0.0,ok,
002209,3872,2592,512x512,512,343,262144,143271,0.54653549,54.6535,1,0.09201628,0,0.0,1,0.00249426,0,0.0,0,0.0,ok,
002210,2048,1536,512x512,512,384,262144,54123,0.20646286,20.6463,1,0.0289704,0,0.0,0,0.0,0,0.0,1,0.14105543,ok,
002211,3072,2304,512x512,512,384,262144,3956,0.01509094,1.5091,0,0.0,0,0.0,1,0.0070644,0,0.0,0,0.0,ok,
002212,919,802,512x512,512,447,262144,40422,0.15419769,15.4198,1,0.12355944,0,0.0,0,0.0,1,0.00512864,0,0.0,ok,
002213,6668,4439,512x512,512,341,262144,61037,0.23283768,23.2838,1,0.22471081,0,0.0,0,0.0,0,0.0,0,0.0,ok,
002214,3024,2016,512x512,512,341,262144,10995,0.0419426,4.1943,1,0.02545279,0,0.0,0,0.0,0,0.0,0,0.0,ok,
002215,2448,2448,512x512,512,512,262144,4876,0.01860046,1.86,0,0.0,0,0.0,0,0.0,0,0.0,0,0.0,ok,
002216,1024,768,512x512,512,384,262144,39726,0.15154266,15.1543,1,0.18210093,0,0.0,0,0.0,0,0.0,0,0.0,ok,
002217,4288,2848,512x512,512,340,262144,1325,0.00505447,0.5054,0,0.0,0,0.0,0,0.0,0,0.0,0,0.0,ok,
002218,3872,2592,512x512,512,343,262144,32332,0.12333679,12.3337,1,0.03631077,0,0.0,0,0.0,0,0.0,0,0.0,ok,
002219,3872,2592,512x512,512,343,262144,1908,0.00727844,0.7278,1,0.00509465,0,0.0,0,0.0,0,0.0,0,0.0,ok,
002220,3872,2592,512x512,512,343,262144,2497,0.0095253,0.9525,0,0.0,0,0.0,0,0.0,1,0.0033403,0,0.0,ok,
002221,4288,2848,512x512,512,340,262144,2173,0.00828934,0.8289,0,0.0,0,0.0,0,0.0,0,0.0,0,0.0,ok,
002222,3872,2592,512x512,512,343,262144,2196,0.00837708,0.8377,0,0.0,0,0.0,1,0.00802603,0,0.0,1,0.0099925,ok,
002223,1024,768,512x512,512,384,262144,27965,0.10667801,10.6678,0,0.0,0,0.0,0,0.0,0,0.0,0,0.0,ok,
002224,4288,2848,512x512,512,340,262144,17204,0.06562805,6.5628,0,0.0,0,0.0,0,0.0,0,0.0,0,0.0,ok,
002225,3008,2000,512x512,512,340,262144,55184,0.21051025,21.051,0,0.0,0,0.0,0,0.0,0,0.0,0,0.0,ok,
002226,1024,768,512x512,512,384,262144,56155,0.21421432,21.4214,1,0.02748998,0,0.0,0,0.0,0,0.0,0,0.0,ok,
002227,3072,2304,512x512,512,384,262144,58532,0.22328186,22.3282,0,0.0,0,0.0,0,0.0,0,0.0,0,0.0,ok,
002228,2816,2112,512x512,512,384,262144,29018,0.11069489,11.0695,1,0.01595624,0,0.0,1,0.00519455,0,0.0,1,0.00614303,ok,
002229,3872,2592,512x512,512,343,262144,129112,0.49252319,49.2523,0,0.0,0,0.0,0,0.0,0,0.0,0,0.0,ok,
002230,6621,4401,512x512,512,340,262144,18826,0.07181549,7.1815,1,0.01079865,0,0.0,0,0.0,0,0.0,0,0.0,ok,
002231,4288,2848,512x512,512,340,262144,2572,0.0098114,0.9811,1,0.00841174,0,0.0,0,0.0,0,0.0,1,0.00794106,ok,
002232,919,802,512x512,512,447,262144,67118,0.25603485,25.6035,1,0.08175019,0,0.0,0,0.0,0,0.0,0,0.0,ok,
002233,6648,4419,512x512,512,340,262144,33231,0.1267662,12.6766,0,0.0,0,0.0,0,0.0,0,0.0,0,0.0,ok,
002234,6661,4441,512x512,512,341,262144,5596,0.02134705,2.1347,0,0.0,0,0.0,0,0.0,0,0.0,0,0.0,ok,
002235,640,480,512x512,512,384,262144,34580,0.13191223,13.1912,1,0.09854492,0,0.0,0,0.0,0,0.0,0,0.0,ok,
002236,640,480,512x512,512,384,262144,124304,0.47418213,47.4182,1,0.04573568,0,0.0,0,0.0,0,0.0,0,0.0,ok,
002237,3872,2592,512x512,512,343,262144,15192,0.05795288,5.7953,1,0.00801865,0,0.0,0,0.0,1,0.00861091,0,0.0,ok,
002238,6688,4439,512x512,512,340,262144,11500,0.04386902,4.3869,1,0.03975525,0,0.0,0,0.0,0,0.0,0,0.0,ok,
002239,3872,2592,512x512,512,343,262144,5213,0.01988602,1.9886,1,0.01070482,0,0.0,0,0.0,0,0.0,0,0.0,ok,
002240,3072,2304,512x512,512,384,262144,25628,0.09776306,9.7763,0,0.0,0,0.0,0,0.0,0,0.0,1,0.0029725,ok,
002241,6628,4419,512x512,512,341,262144,15756,0.06010437,6.0104,1,0.07862329,0,0.0,0,0.0,0,0.0,0,0.0,ok,
002242,3072,2304,512x512,512,384,262144,25778,0.09833527,9.8335,1,0.07815524,0,0.0,0,0.0,0,0.0,1,0.00588777,ok,
002243,919,802,512x512,512,447,262144,68088,0.25973511,25.9735,1,0.04555803,0,0.0,0,0.0,0,0.0,1,0.01260044,ok,
002244,3072,2304,512x512,512,384,262144,56543,0.21569443,21.5694,1,0.03461979,0,0.0,0,0.0,0,0.0,0,0.0,ok,
002245,4288,2848,512x512,512,340,262144,9487,0.03619003,3.619,1,0.02495884,0,0.0,0,0.0,1,0.00917687,0,0.0,ok,
002246,4288,2848,512x512,512,340,262144,9364,0.03572083,3.5721,0,0.0,0,0.0,0,0.0,0,0.0,0,0.0,ok,
002247,965,624,512x512,512,331,262144,45379,0.17310715,17.3107,1,0.11600405,0,0.0,1,0.00201275,0,0.0,0,0.0,ok,
002248,1502,1051,512x512,512,358,262144,31373,0.1196785,11.9678,1,0.11376332,0,0.0,0,0.0,0,0.0,0,0.0,ok,
002249,3024,2016,512x512,512,341,262144,10795,0.04117966,4.118,1,0.00956157,0,0.0,0,0.0,0,0.0,0,0.0,ok,
002250,3024,2016,512x512,512,341,262144,17051,0.0650444,6.5044,0,0.0,1,0.00676844,0,0.0,0,0.0,0,0.0,ok,
002251,640,480,512x512,512,384,262144,16324,0.06227112,6.2271,1,0.06349284,0,0.0,0,0.0,0,0.0,0,0.0,ok,
002252,6681,4441,512x512,512,340,262144,113390,0.43254852,43.2549,0,0.0,1,0.1768203,0,0.0,0,0.0,1,0.12239409,ok,
002253,4288,2848,512x512,512,340,262144,1981,0.00755692,0.7557,1,0.00244362,0,0.0,0,0.0,1,0.00098811,0,0.0,ok,
002254,767,576,512x512,512,385,262144,137941,0.52620316,52.6203,1,0.01053663,1,0.02781626,0,0.0,0,0.0,0,0.0,ok,
002255,1024,768,512x512,512,384,262144,99548,0.37974548,37.9745,0,0.0,1,0.00413767,0,0.0,0,0.0,0,0.0,ok,
002256,2304,1536,512x512,512,341,262144,7372,0.02812195,2.8122,1,0.02712137,0,0.0,0,0.0,0,0.0,0,0.0,ok,
002257,3072,2304,512x512,512,384,262144,132430,0.50518036,50.518,1,0.29009996,0,0.0,0,0.0,0,0.0,0,0.0,ok,
002258,4288,2848,512x512,512,340,262144,38592,0.1472168,14.7217,0,0.0,0,0.0,0,0.0,0,0.0,0,0.0,ok,
002259,1024,768,512x512,512,384,262144,71004,0.27085876,27.0859,1,0.22592926,0,0.0,0,0.0,1,0.0012029,0,0.0,ok,
002260,824,719,512x512,512,447,262144,117411,0.44788742,44.7887,1,0.24503761,0,0.0,0,0.0,0,0.0,0,0.0,ok,
002261,3008,2000,512x512,512,340,262144,3404,0.01298523,1.2985,1,0.00109159,0,0.0,0,0.0,1,0.00323371,0,0.0,ok,
002262,3008,2000,512x512,512,340,262144,20307,0.07746506,7.7465,0,0.0,0,0.0,0,0.0,1,0.00106898,0,0.0,ok,
002263,1024,768,512x512,512,384,262144,19924,0.07600403,7.6004,1,0.01755651,0,0.0,0,0.0,0,0.0,0,0.0,ok,
002264,3872,2592,512x512,512,343,262144,10072,0.03842163,3.8422,0,0.0,0,0.0,0,0.0,0,0.0,0,0.0,ok,
002265,3008,2000,512x512,512,340,262144,557,0.00212479,0.2125,0,0.0,0,0.0,0,0.0,0,0.0,0,0.0,ok,
002266,3024,2016,512x512,512,341,262144,13781,0.05257034,5.257,0,0.0,0,0.0,0,0.0,0,0.0,0,0.0,ok,
002267,6642,4421,512x512,512,341,262144,47936,0.18286133,18.2861,1,0.08793094,0,0.0,0,0.0,0,0.0,1,0.01234943,ok,
002268,3872,2592,512x512,512,343,262144,15987,0.06098557,6.0986,1,0.04006248,0,0.0,0,0.0,0,0.0,0,0.0,ok,
002269,6688,4439,512x512,512,340,262144,33326,0.1271286,12.7129,1,0.00345321,0,0.0,0,0.0,1,0.00406905,0,0.0,ok,
002270,4288,2848,512x512,512,340,262144,2836,0.01081848,1.0818,1,0.01237924,0,0.0,0,0.0,1,0.00370309,0,0.0,ok,
002271,6668,4439,512x512,512,341,262144,89824,0.34265137,34.2651,1,0.19581961,0,0.0,0,0.0,0,0.0,1,0.09116018,ok,
002272,6648,4439,512x512,512,342,262144,71697,0.27350235,27.3502,0,0.0,0,0.0,0,0.0,0,0.0,0,0.0,ok,
002273,4288,2848,512x512,512,340,262144,3601,0.01373672,1.3737,0,0.0,0,0.0,0,0.0,1,0.00551578,0,0.0,ok,
002274,3008,2000,512x512,512,340,262144,1500,0.00572205,0.5722,1,0.00844581,0,0.0,0,0.0,0,0.0,0,0.0,ok,
002275,3024,2016,512x512,512,341,262144,4979,0.01899338,1.8993,0,0.0,0,0.0,0,0.0,0,0.0,1,0.00681338,ok,
002276,3072,2304,512x512,512,384,262144,5516,0.02104187,2.1042,1,0.00302449,0,0.0,1,0.00612895,0,0.0,0,0.0,ok,
002277,4288,2848,512x512,512,340,262144,4808,0.01834106,1.8341,0,0.0,1,0.00280481,0,0.0,0,0.0,0,0.0,ok,
002278,3072,2304,512x512,512,384,262144,47656,0.18179321,18.1793,0,0.0,1,0.0705175,0,0.0,0,0.0,1,0.01469153,ok,
002279,3008,2000,512x512,512,340,262144,1785,0.00680923,0.6809,0,0.0,0,0.0,0,0.0,0,0.0,0,0.0,ok,
002280,3072,2304,512x512,512,384,262144,140108,0.5344696,53.447,1,0.01083784,0,0.0,0,0.0,0,0.0,1,0.00874639,ok,
002281,4288,2848,512x512,512,340,262144,67012,0.25563049,25.563,1,0.00226642,0,0.0,0,0.0,1,0.01190152,0,0.0,ok,
002282,1024,768,512x512,512,384,262144,37168,0.14178467,14.1785,1,0.00858053,0,0.0,0,0.0,0,0.0,0,0.0,ok,
002283,1024,768,512x512,512,384,262144,38909,0.14842606,14.8426,1,0.01486969,0,0.0,0,0.0,0,0.0,1,0.03760401,ok,
002284,1024,768,512x512,512,384,262144,62816,0.23962402,23.9624,0,0.0,0,0.0,0,0.0,1,0.00526428,1,0.00211589,ok,
002285,2592,1936,512x512,512,382,262144,11520,0.04394531,4.3945,1,0.00533667,0,0.0,0,0.0,0,0.0,0,0.0,ok,
002286,3872,2592,512x512,512,343,262144,24793,0.09457779,9.4578,1,0.03322774,0,0.0,0,0.0,0,0.0,0,0.0,ok,
002287,3008,2000,512x512,512,340,262144,43255,0.16500473,16.5005,0,0.0,0,0.0,0,0.0,0,0.0,0,0.0,ok,
002288,640,480,512x512,512,384,262144,60965,0.23256302,23.2563,1,0.04280924,0,0.0,0,0.0,0,0.0,1,0.05343099,ok,
002289,3072,2304,512x512,512,384,262144,71050,0.27103424,27.1034,0,0.0,0,0.0,0,0.0,0,0.0,0,0.0,ok,
002290,1024,768,512x512,512,384,262144,18516,0.07063293,7.0633,0,0.0,0,0.0,0,0.0,0,0.0,0,0.0,ok,
002291,1024,768,512x512,512,384,262144,59365,0.2264595,22.646,1,0.16356786,0,0.0,0,0.0,1,0.0021108,0,0.0,ok,
002292,6641,4402,512x512,512,339,262144,58900,0.22468567,22.4686,1,0.05110653,0,0.0,0,0.0,0,0.0,1,0.00131588,ok,
002293,640,480,512x512,512,384,262144,58899,0.22468185,22.4682,1,0.19055013,0,0.0,0,0.0,0,0.0,0,0.0,ok,
002294,3008,2000,512x512,512,340,262144,18208,0.06945801,6.9458,1,0.01927477,0,0.0,0,0.0,0,0.0,0,0.0,ok,
002295,3072,2304,512x512,512,384,262144,31959,0.12191391,12.1914,1,0.00776206,0,0.0,0,0.0,0,0.0,0,0.0,ok,
002296,3024,2016,512x512,512,341,262144,9955,0.03797531,3.7975,1,0.03864061,0,0.0,0,0.0,0,0.0,0,0.0,ok,
002297,3072,2304,512x512,512,384,262144,12884,0.04914856,4.9149,0,0.0,1,0.01355108,0,0.0,0,0.0,0,0.0,ok,
002298,2048,1536,512x512,512,384,262144,63564,0.24247742,24.2477,1,0.03647359,0,0.0,0,0.0,0,0.0,1,0.0528574,ok,
002299,3008,2000,512x512,512,340,262144,2996,0.01142883,1.1429,1,0.00722108,0,0.0,0,0.0,0,0.0,0,0.0,ok,
002300,3008,2000,512x512,512,340,262144,19434,0.07413483,7.4135,0,0.0,0,0.0,0,0.0,0,0.0,0,0.0,ok,
002301,1502,1043,512x512,512,356,262144,75161,0.28671646,28.6716,0,0.0,0,0.0,0,0.0,0,0.0,0,0.0,ok,
002302,3872,2592,512x512,512,343,262144,155720,0.59402466,59.4025,0,0.0,0,0.0,0,0.0,0,0.0,0,0.0,ok,
002303,4288,2848,512x512,512,340,262144,9717,0.03706741,3.7067,0,0.0,0,0.0,0,0.0,0,0.0,0,0.0,ok,
002304,1024,768,512x512,512,384,262144,43760,0.16693115,16.6931,1,0.01689657,0,0.0,1,0.00955582,0,0.0,0,0.0,ok,
002305,640,480,512x512,512,384,262144,105601,0.40283585,40.2836,0,0.0,0,0.0,0,0.0,0,0.0,0,0.0,ok,
002306,1024,768,512x512,512,384,262144,51422,0.19615936,19.6159,0,0.0,0,0.0,0,0.0,1,0.00121689,0,0.0,ok,
002307,3008,2000,512x512,512,340,262144,14392,0.05490112,5.4901,0,0.0,0,0.0,0,0.0,0,0.0,0,0.0,ok,
002308,3072,2304,512x512,512,384,262144,29387,0.11210251,11.2103,1,0.00624141,0,0.0,0,0.0,1,0.00541659,0,0.0,ok,
002309,3008,2000,512x512,512,340,262144,2560,0.00976562,0.9766,1,0.01246858,0,0.0,1,0.00410688,0,0.0,1,0.00089478,ok,
002310,4288,2848,512x512,512,340,262144,4629,0.01765823,1.7658,1,0.01418513,0,0.0,0,0.0,1,0.001192,0,0.0,ok,
002311,962,671,512x512,512,357,262144,28877,0.11015701,11.0157,1,0.04424154,0,0.0,0,0.0,0,0.0,1,0.0495227,ok,
002312,1504,1129,512x512,512,384,262144,84487,0.32229233,32.2292,1,0.21129365,0,0.0,0,0.0,0,0.0,1,0.02609339,ok,
002313,640,480,512x512,512,384,262144,45892,0.17506409,17.5064,1,0.10521484,0,0.0,0,0.0,0,0.0,0,0.0,ok,
002314,3072,2304,512x512,512,384,262144,47972,0.18299866,18.2999,1,0.01772224,0,0.0,0,0.0,0,0.0,1,0.05568596,ok,
002315,2048,1536,512x512,512,384,262144,4512,0.01721191,1.7212,0,0.0,0,0.0,1,0.00418345,0,0.0,0,0.0,ok,
002316,3008,2000,512x512,512,340,262144,22049,0.08411026,8.411,0,0.0,0,0.0,0,0.0,0,0.0,0,0.0,ok,
002317,640,480,512x512,512,384,262144,43127,0.16451645,16.4516,1,0.10784505,0,0.0,0,0.0,0,0.0,0,0.0,ok,
002318,2392,2237,512x512,512,479,262144,79797,0.3044014,30.4401,1,0.03596271,1,0.00593021,0,0.0,0,0.0,0,0.0,ok,
002319,3008,2000,512x512,512,340,262144,812,0.00309753,0.3098,0,0.0,0,0.0,0,0.0,0,0.0,0,0.0,ok,
002320,1024,768,512x512,512,384,262144,73762,0.2813797,28.138,1,0.01583735,0,0.0,0,0.0,1,0.00637182,1,0.11427434,ok,
002321,640,480,512x512,512,384,262144,26563,0.1013298,10.133,0,0.0,0,0.0,0,0.0,0,0.0,0,0.0,ok,
002322,4288,2848,512x512,512,340,262144,9628,0.03672791,3.6728,0,0.0,0,0.0,0,0.0,1,0.00251232,0,0.0,ok,
002323,3008,2000,512x512,512,340,262144,2624,0.01000977,1.001,0,0.0,0,0.0,0,0.0,1,0.00304621,1,0.00806283,ok,
002324,640,480,512x512,512,384,262144,27856,0.10626221,10.6262,1,0.05543945,0,0.0,0,0.0,0,0.0,0,0.0,ok,
002325,4288,2848,512x512,512,340,262144,7247,0.02764511,2.7645,0,0.0,0,0.0,0,0.0,1,0.00643691,0,0.0,ok,
002326,6708,4459,512x512,512,340,262144,86013,0.32811356,32.8114,1,0.03773836,0,0.0,0,0.0,0,0.0,1,0.01238756,ok,
002327,1024,768,512x512,512,384,262144,69686,0.26583099,26.5831,1,0.01306661,0,0.0,0,0.0,1,0.02354558,0,0.0,ok,
002328,4288,2848,512x512,512,340,262144,56793,0.2166481,21.6648,0,0.0,0,0.0,0,0.0,1,0.00129616,1,0.03297311,ok,
002329,4288,2848,512x512,512,340,262144,8392,0.03201294,3.2013,0,0.0,0,0.0,0,0.0,1,0.0054036,0,0.0,ok,
002330,640,480,512x512,512,384,262144,57980,0.22117615,22.1176,1,0.01068685,0,0.0,0,0.0,0,0.0,0,0.0,ok,
002331,640,480,512x512,512,384,262144,83597,0.31889725,31.8897,1,0.23706706,0,0.0,0,0.0,0,0.0,0,0.0,ok,
002332,767,576,512x512,512,385,262144,25348,0.09669495,9.6695,1,0.01907685,0,0.0,0,0.0,0,0.0,0,0.0,ok,
002333,3072,2304,512x512,512,384,262144,9092,0.03468323,3.4683,1,0.01933486,0,0.0,0,0.0,0,0.0,0,0.0,ok,
002334,6708,4439,512x512,512,339,262144,18516,0.07063293,7.0633,1,0.06664642,0,0.0,0,0.0,0,0.0,1,0.00629994,ok,
002335,3008,2000,512x512,512,340,262144,7696,0.02935791,2.9358,0,0.0,0,0.0,0,0.0,0,0.0,0,0.0,ok,
002336,4288,2848,512x512,512,340,262144,25784,0.09835815,9.8358,0,0.0,0,0.0,0,0.0,0,0.0,1,0.00932205,ok,
002337,3072,2304,512x512,512,384,262144,44288,0.16894531,16.8945,0,0.0,0,0.0,1,0.05181178,0,0.0,1,0.00978088,ok,
002338,1024,768,512x512,512,384,262144,55092,0.2101593,21.0159,1,0.02963638,0,0.0,0,0.0,1,0.00551605,0,0.0,ok,
002339,4288,2848,512x512,512,340,262144,23010,0.08777618,8.7776,1,0.03151752,0,0.0,0,0.0,0,0.0,0,0.0,ok,
002340,1024,768,512x512,512,384,262144,91354,0.34848785,34.8488,0,0.0,0,0.0,0,0.0,0,0.0,0,0.0,ok,
002341,4288,2848,512x512,512,340,262144,1884,0.00718689,0.7187,0,0.0,1,0.00211788,0,0.0,1,0.00124105,1,0.00104797,ok,
002342,1024,768,512x512,512,384,262144,44783,0.17083359,17.0834,0,0.0,1,0.05663045,0,0.0,0,0.0,0,0.0,ok,
002343,3024,2016,512x512,512,341,262144,20287,0.07738876,7.7389,0,0.0,0,0.0,0,0.0,1,0.00255315,0,0.0,ok,
002344,4288,2848,512x512,512,340,262144,1284,0.00489807,0.4898,1,0.00699561,0,0.0,0,0.0,1,0.00262229,0,0.0,ok,
002345,3072,2304,512x512,512,384,262144,39512,0.15072632,15.0726,0,0.0,1,0.0206248,0,0.0,0,0.0,0,0.0,ok,
002346,3072,2304,512x512,512,384,262144,69320,0.26443481,26.4435,1,0.04842786,1,0.01780008,0,0.0,0,0.0,0,0.0,ok,
002347,2530,2122,512x512,512,429,262144,76873,0.29324722,29.3247,1,0.12445564,0,0.0,0,0.0,0,0.0,1,0.00497834,ok,
002348,3008,2000,512x512,512,340,262144,8241,0.03143692,3.1437,1,0.01857646,0,0.0,1,0.00524335,0,0.0,1,0.02103391,ok,
002349,1024,768,512x512,512,384,262144,32680,0.12466431,12.4664,1,0.0113945,0,0.0,0,0.0,0,0.0,0,0.0,ok,
002350,1024,768,512x512,512,384,262144,101522,0.3872757,38.7276,1,0.03334681,1,0.03578568,0,0.0,0,0.0,1,0.02387492,ok,
002351,3072,2304,512x512,512,384,262144,61038,0.23284149,23.2841,1,0.02626461,0,0.0,0,0.0,0,0.0,0,0.0,ok,
002352,4288,2848,512x512,512,340,262144,11541,0.04402542,4.4025,0,0.0,0,0.0,0,0.0,0,0.0,1,0.00669272,ok,
002353,640,480,512x512,512,384,262144,88305,0.33685684,33.6857,1,0.20652344,0,0.0,0,0.0,0,0.0,0,0.0,ok,
002354,3072,2304,512x512,512,384,262144,10465,0.03992081,3.9921,1,0.00308383,0,0.0,0,0.0,0,0.0,0,0.0,ok,
002355,3024,2016,512x512,512,341,262144,9815,0.03744125,3.7441,0,0.0,1,0.00172168,0,0.0,1,0.00223526,0,0.0,ok,
002356,4288,2848,512x512,512,340,262144,3609,0.01376724,1.3767,1,0.00185372,0,0.0,0,0.0,0,0.0,0,0.0,ok,
002357,3008,2000,512x512,512,340,262144,26604,0.10148621,10.1486,0,0.0,0,0.0,0,0.0,0,0.0,0,0.0,ok,
002358,3008,2000,512x512,512,340,262144,4165,0.01588821,1.5888,0,0.0,0,0.0,0,0.0,0,0.0,1,0.00426695,ok,
002359,3008,2000,512x512,512,340,262144,5352,0.02041626,2.0416,0,0.0,0,0.0,0,0.0,0,0.0,0,0.0,ok,
002360,3072,2304,512x512,512,384,262144,22436,0.08558655,8.5587,0,0.0,0,0.0,0,0.0,0,0.0,1,0.01125449,ok,
002361,3072,2304,512x512,512,384,262144,116081,0.44281387,44.2814,0,0.0,0,0.0,0,0.0,0,0.0,0,0.0,ok,
002362,722,542,512x512,512,384,262144,117129,0.44681168,44.6812,1,0.25679999,0,0.0,0,0.0,0,0.0,1,0.02577915,ok,
002363,6688,4419,512x512,512,338,262144,22366,0.08531952,8.532,1,0.02148163,0,0.0,0,0.0,0,0.0,0,0.0,ok,
002364,3072,2304,512x512,512,384,262144,123799,0.47225571,47.2256,1,0.06973238,0,0.0,0,0.0,0,0.0,0,0.0,ok,
002365,640,480,512x512,512,384,262144,21761,0.08301163,8.3012,0,0.0,1,0.00504883,0,0.0,0,0.0,0,0.0,ok,
002366,4288,2848,512x512,512,340,262144,3660,0.01396179,1.3962,1,0.00794171,0,0.0,0,0.0,1,0.00207153,0,0.0,ok,
002367,6708,4439,512x512,512,339,262144,78426,0.29917145,29.9171,0,0.0,0,0.0,0,0.0,1,0.00497199,1,0.15408322,ok,
002368,3872,2592,512x512,512,343,262144,12190,0.04650116,4.6501,0,0.0,0,0.0,0,0.0,0,0.0,0,0.0,ok,
002369,3008,2000,512x512,512,340,262144,17456,0.06658936,6.6589,1,0.00179056,0,0.0,0,0.0,0,0.0,1,0.00372108,ok,
002370,3072,2304,512x512,512,384,262144,45648,0.1741333,17.4133,0,0.0,1,0.00834514,0,0.0,0,0.0,1,0.02521642,ok,
002371,3072,2304,512x512,512,384,262144,22302,0.08507538,8.5075,0,0.0,0,0.0,0,0.0,0,0.0,0,0.0,ok,
002372,3008,2000,512x512,512,340,262144,3760,0.01434326,1.4343,1,0.01129205,0,0.0,0,0.0,0,0.0,0,0.0,ok,
002373,1024,768,512x512,512,384,262144,28242,0.10773468,10.7735,1,0.07607524,0,0.0,0,0.0,0,0.0,0,0.0,ok,
002374,3072,2304,512x512,512,384,262144,196608,0.75,75.0,1,0.09585896,0,0.0,0,0.0,0,0.0,0,0.0,ok,
002375,3072,2304,512x512,512,384,262144,22808,0.08700562,8.7006,1,0.10554391,0,0.0,0,0.0,0,0.0,0,0.0,ok,
002376,6668,4439,512x512,512,341,262144,71972,0.27455139,27.4551,1,0.1425262,0,0.0,0,0.0,0,0.0,0,0.0,ok,
002377,4288,2848,512x512,512,340,262144,11268,0.04298401,4.2984,0,0.0,0,0.0,0,0.0,1,0.00485022,0,0.0,ok,
002378,4288,2848,512x512,512,340,262144,2948,0.01124573,1.1246,0,0.0,0,0.0,0,0.0,0,0.0,0,0.0,ok,
002379,3072,2304,512x512,512,384,262144,20528,0.07830811,7.8308,1,0.04800443,0,0.0,0,0.0,0,0.0,1,0.00227201,ok,
002380,6642,4441,512x512,512,342,262144,66656,0.25427246,25.4272,1,0.02627521,1,0.04633076,0,0.0,0,0.0,0,0.0,ok,
002381,2304,1536,512x512,512,341,262144,3072,0.01171875,1.1719,1,0.0060713,0,0.0,0,0.0,1,0.0023069,1,0.00729737,ok,
002382,2592,1944,512x512,512,384,262144,1264,0.00482178,0.4822,0,0.0,0,0.0,0,0.0,0,0.0,0,0.0,ok,
002383,4288,2848,512x512,512,340,262144,4600,0.01754761,1.7548,0,0.0,0,0.0,0,0.0,1,0.00418384,0,0.0,ok,
002384,3008,2000,512x512,512,340,262144,2300,0.0087738,0.8774,0,0.0,0,0.0,0,0.0,0,0.0,0,0.0,ok,
002385,3072,2304,512x512,512,384,262144,77754,0.29660797,29.6608,0,0.0,0,0.0,0,0.0,0,0.0,0,0.0,ok,
002386,4288,2848,512x512,512,340,262144,16796,0.06407166,6.4072,1,0.02676941,0,0.0,0,0.0,0,0.0,0,0.0,ok,
002387,767,576,512x512,512,385,262144,77130,0.2942276,29.4228,0,0.0,0,0.0,0,0.0,0,0.0,1,0.03198564,ok,
002388,4288,2848,512x512,512,340,262144,6160,0.02349854,2.3499,0,0.0,0,0.0,0,0.0,0,0.0,0,0.0,ok,
002389,3008,2000,512x512,512,340,262144,11512,0.04391479,4.3915,1,0.00355718,1,0.00539146,0,0.0,0,0.0,0,0.0,ok,
002390,4288,2848,512x512,512,340,262144,11330,0.04322052,4.3221,1,0.00543644,0,0.0,0,0.0,1,0.00455847,0,0.0,ok,
002391,962,722,512x512,512,384,262144,99584,0.37988281,37.9883,1,0.31898284,0,0.0,0,0.0,0,0.0,0,0.0,ok,
002392,3008,2000,512x512,512,340,262144,26224,0.10003662,10.0037,1,0.06186021,1,0.00398138,0,0.0,1,0.02658162,0,0.0,ok,
002393,6661,4441,512x512,512,341,262144,40736,0.15539551,15.5396,0,0.0,0,0.0,0,0.0,0,0.0,0,0.0,ok,
002394,919,802,512x512,512,447,262144,40565,0.15474319,15.4743,0,0.0,0,0.0,0,0.0,0,0.0,1,0.03738478,ok,
002395,3008,2000,512x512,512,340,262144,3164,0.0120697,1.207,0,0.0,0,0.0,0,0.0,0,0.0,0,0.0,ok,
002396,3872,2592,512x512,512,343,262144,18075,0.06895065,6.8951,0,0.0,0,0.0,0,0.0,0,0.0,0,0.0,ok,
002397,3008,2000,512x512,512,340,262144,22409,0.08548355,8.5484,0,0.0,0,0.0,0,0.0,0,0.0,0,0.0,ok,
002398,2592,1936,512x512,512,382,262144,39522,0.15076447,15.0764,0,0.0,0,0.0,0,0.0,1,0.00207947,0,0.0,ok,
002399,6701,4440,512x512,512,339,262144,20875,0.07963181,7.9632,0,0.0,0,0.0,0,0.0,0,0.0,1,0.02649557,ok,
002400,722,542,512x512,512,384,262144,97205,0.37080765,37.0808,1,0.16528248,0,0.0,0,0.0,0,0.0,0,0.0,ok,
002401,4288,2848,512x512,512,340,262144,20749,0.07915115,7.9151,0,0.0,0,0.0,0,0.0,1,0.00197884,0,0.0,ok,
002402,4288,2848,512x512,512,340,262144,28920,0.11032104,11.0321,0,0.0,0,0.0,0,0.0,0,0.0,1,0.08998246,ok,
002403,3872,2592,512x512,512,343,262144,4400,0.01678467,1.6785,0,0.0,0,0.0,0,0.0,0,0.0,0,0.0,ok,
002404,3008,2000,512x512,512,340,262144,514,0.00196075,0.1961,0,0.0,0,0.0,0,0.0,0,0.0,0,0.0,ok,
002405,4608,3072,512x512,512,341,262144,31602,0.12055206,12.0552,0,0.0,0,0.0,0,0.0,0,0.0,0,0.0,ok,
002406,3008,2000,512x512,512,340,262144,26719,0.1019249,10.1925,0,0.0,0,0.0,0,0.0,0,0.0,0,0.0,ok,
002407,718,542,512x512,512,386,262144,60079,0.2291832,22.9183,1,0.06424673,0,0.0,1,0.02316552,0,0.0,1,0.05204083,ok,
002408,4288,2848,512x512,512,340,262144,11224,0.04281616,4.2816,1,0.03187601,0,0.0,0,0.0,0,0.0,0,0.0,ok,
002409,4288,2848,512x512,512,340,262144,4723,0.01801682,1.8017,1,0.00865633,0,0.0,0,0.0,0,0.0,0,0.0,ok,
002410,640,480,512x512,512,384,262144,34745,0.13254166,13.2542,1,0.01342448,0,0.0,0,0.0,0,0.0,0,0.0,ok,
002411,6641,4420,512x512,512,341,262144,17436,0.06651306,6.6513,1,0.01719682,0,0.0,0,0.0,0,0.0,0,0.0,ok,
002412,1024,768,512x512,512,384,262144,17888,0.0682373,6.8237,0,0.0,0,0.0,0,0.0,0,0.0,1,0.01953125,ok,
002413,1024,768,512x512,512,384,262144,65057,0.24817276,24.8173,0,0.0,0,0.0,0,0.0,0,0.0,0,0.0,ok,
002414,4288,2848,512x512,512,340,262144,14500,0.05531311,5.5313,1,0.01783827,0,0.0,0,0.0,0,0.0,1,0.00296015,ok,
002415,3072,2304,512x512,512,384,262144,15014,0.05727386,5.7274,1,0.01575074,0,0.0,0,0.0,0,0.0,0,0.0,ok,
002416,3872,2592,512x512,512,343,262144,20140,0.076828,7.6828,0,0.0,0,0.0,0,0.0,1,0.01279336,0,0.0,ok,
002417,3072,2304,512x512,512,384,262144,25064,0.09561157,9.5612,1,0.01254244,0,0.0,0,0.0,1,0.00400035,0,0.0,ok,
002418,3072,2304,512x512,512,384,262144,19280,0.07354736,7.3547,1,0.00380777,0,0.0,0,0.0,0,0.0,0,0.0,ok,
002419,3008,2000,512x512,512,340,262144,12688,0.04840088,4.8401,0,0.0,0,0.0,0,0.0,0,0.0,1,0.01066323,ok,
002420,3008,2000,512x512,512,340,262144,1380,0.00526428,0.5264,0,0.0,0,0.0,0,0.0,0,0.0,0,0.0,ok,
002421,640,480,512x512,512,384,262144,94083,0.35889816,35.8898,1,0.01551758,0,0.0,1,0.01585286,0,0.0,0,0.0,ok,
002422,6708,4439,512x512,512,339,262144,80735,0.30797958,30.798,1,0.43801711,0,0.0,0,0.0,1,0.00107876,0,0.0,ok,
002423,4288,2848,512x512,512,340,262144,66191,0.25249863,25.2499,1,0.04632096,0,0.0,0,0.0,1,0.00388078,0,0.0,ok,
002424,4288,2848,512x512,512,340,262144,5918,0.02257538,2.2575,0,0.0,0,0.0,0,0.0,1,0.00239891,0,0.0,ok,
002425,4288,2848,512x512,512,340,262144,7808,0.02978516,2.9785,1,0.01653352,0,0.0,0,0.0,0,0.0,0,0.0,ok,
002426,640,480,512x512,512,384,262144,36381,0.1387825,13.8783,1,0.15167643,0,0.0,0,0.0,0,0.0,0,0.0,ok,
002427,3872,2592,512x512,512,343,262144,3831,0.01461411,1.4614,0,0.0,0,0.0,0,0.0,0,0.0,1,0.01314837,ok,
002428,3072,2304,512x512,512,384,262144,9440,0.03601074,3.6011,1,0.00198506,0,0.0,1,0.00804068,0,0.0,0,0.0,ok,
002429,4288,2848,512x512,512,340,262144,3152,0.01202393,1.2024,1,0.00465697,0,0.0,0,0.0,0,0.0,0,0.0,ok,
002430,4288,2848,512x512,512,340,262144,2260,0.00862122,0.8621,1,0.00465378,0,0.0,0,0.0,0,0.0,0,0.0,ok,
002431,1024,768,512x512,512,384,262144,17316,0.0660553,6.6055,0,0.0,0,0.0,0,0.0,0,0.0,0,0.0,ok,
002432,3072,2304,512x512,512,384,262144,17876,0.06819153,6.8192,1,0.02053593,0,0.0,1,0.00622022,0,0.0,1,0.01814058,ok,
002433,3008,2000,512x512,512,340,262144,2312,0.00881958,0.882,0,0.0,0,0.0,0,0.0,0,0.0,0,0.0,ok,
002434,640,480,512x512,512,384,262144,47212,0.18009949,18.0099,1,0.14260091,0,0.0,0,0.0,0,0.0,0,0.0,ok,
002435,6641,4441,512x512,512,342,262144,16676,0.06361389,6.3614,1,0.03648492,0,0.0,1,0.0095285,0,0.0,0,0.0,ok,
002436,767,576,512x512,512,385,262144,34727,0.13247299,13.2473,0,0.0,0,0.0,0,0.0,0,0.0,0,0.0,ok,
002437,3024,2016,512x512,512,341,262144,14121,0.05386734,5.3867,0,0.0,0,0.0,0,0.0,1,0.0031043,0,0.0,ok,
002438,2592,1936,512x512,512,382,262144,23827,0.09089279,9.0893,0,0.0,0,0.0,0,0.0,0,0.0,0,0.0,ok,
002439,1024,768,512x512,512,384,262144,113229,0.43193436,43.1934,1,0.00886536,0,0.0,0,0.0,0,0.0,0,0.0,ok,
002440,3008,2000,512x512,512,340,262144,3205,0.0122261,1.2226,0,0.0,0,0.0,0,0.0,0,0.0,0,0.0,ok,
002441,3024,2016,512x512,512,341,262144,14958,0.05706024,5.706,0,0.0,0,0.0,0,0.0,0,0.0,1,0.06884999,ok,
002442,6688,4439,512x512,512,340,262144,40567,0.15475082,15.4751,1,0.12629274,0,0.0,0,0.0,1,0.00315272,1,0.06684114,ok,
002443,3008,2000,512x512,512,340,262144,9600,0.03662109,3.6621,1,0.00788215,0,0.0,0,0.0,0,0.0,1,0.00396941,ok,
002444,6602,4380,512x512,512,340,262144,30898,0.11786652,11.7867,0,0.0,0,0.0,0,0.0,0,0.0,0,0.0,ok,
002445,4288,2848,512x512,512,340,262144,8184,0.03121948,3.1219,1,0.01545402,0,0.0,0,0.0,0,0.0,0,0.0,ok,
002446,4288,2848,512x512,512,340,262144,15285,0.05830765,5.8308,0,0.0,0,0.0,0,0.0,0,0.0,0,0.0,ok,
002447,4288,2848,512x512,512,340,262144,3220,0.01228333,1.2283,1,0.0151915,0,0.0,0,0.0,0,0.0,0,0.0,ok,
002448,1024,768,512x512,512,384,262144,27371,0.10441208,10.4412,1,0.06796265,0,0.0,0,0.0,0,0.0,0,0.0,ok,
002449,2592,1936,512x512,512,382,262144,27254,0.10396576,10.3966,0,0.0,0,0.0,0,0.0,1,0.0252312,0,0.0,ok,
002450,3008,2000,512x512,512,340,262144,3268,0.01246643,1.2466,1,0.00319498,0,0.0,0,0.0,0,0.0,0,0.0,ok,
002451,6641,4400,512x512,512,339,262144,56031,0.2137413,21.3741,0,0.0,0,0.0,0,0.0,0,0.0,0,0.0,ok,
002452,3024,2016,512x512,512,341,262144,12048,0.04595947,4.5959,1,0.00226298,0,0.0,0,0.0,1,0.0021516,0,0.0,ok,
002453,4288,2848,512x512,512,340,262144,5450,0.0207901,2.079,1,0.01030893,0,0.0,0,0.0,0,0.0,0,0.0,ok,
002454,4288,2848,512x512,512,340,262144,6692,0.02552795,2.5528,1,0.03034795,0,0.0,0,0.0,1,0.00656498,0,0.0,ok,
002455,3072,2304,512x512,512,384,262144,28319,0.10802841,10.8028,0,0.0,1,0.01646819,0,0.0,0,0.0,1,0.01671431,ok,
002456,640,480,512x512,512,384,262144,47241,0.18021011,18.021,1,0.20995443,0,0.0,0,0.0,0,0.0,0,0.0,ok,
002457,640,480,512x512,512,384,262144,52663,0.2008934,20.0893,1,0.0202474,0,0.0,0,0.0,0,0.0,0,0.0,ok,
002458,4288,2848,512x512,512,340,262144,9670,0.03688812,3.6888,0,0.0,0,0.0,0,0.0,0,0.0,0,0.0,ok,
002459,6688,4439,512x512,512,340,262144,21238,0.08101654,8.1017,1,0.06370183,0,0.0,0,0.0,0,0.0,0,0.0,ok,
002460,1504,1129,512x512,512,384,262144,99367,0.37905502,37.9055,1,0.03421581,0,0.0,0,0.0,0,0.0,0,0.0,ok,
002461,6688,4439,512x512,512,340,262144,54108,0.20640564,20.6406,1,0.03044564,0,0.0,0,0.0,1,0.00493323,0,0.0,ok,
002462,4288,2848,512x512,512,340,262144,20108,0.07670593,7.6706,0,0.0,0,0.0,0,0.0,0,0.0,0,0.0,ok,
002463,1024,768,512x512,512,384,262144,11406,0.04351044,4.351,1,0.01417923,0,0.0,0,0.0,1,0.00181707,1,0.00852076,ok,
002464,3072,2304,512x512,512,384,262144,9392,0.03582764,3.5828,0,0.0,0,0.0,1,0.01022085,0,0.0,1,0.00888627,ok,
002465,640,480,512x512,512,384,262144,14397,0.0549202,5.492,1,0.03070638,0,0.0,0,0.0,0,0.0,0,0.0,ok,
002466,640,480,512x512,512,384,262144,161360,0.61553955,61.554,1,0.20361979,0,0.0,0,0.0,0,0.0,0,0.0,ok,
002467,4288,2848,512x512,512,340,262144,7500,0.02861023,2.861,1,0.01161803,0,0.0,0,0.0,0,0.0,1,0.00423821,ok,
002468,3072,2304,512x512,512,384,262144,31232,0.11914062,11.9141,0,0.0,0,0.0,0,0.0,0,0.0,0,0.0,ok,
002469,3008,2000,512x512,512,340,262144,7080,0.02700806,2.7008,1,0.01129289,0,0.0,0,0.0,0,0.0,0,0.0,ok,
002470,3072,2304,512x512,512,384,262144,40718,0.15532684,15.5327,1,0.02532846,0,0.0,0,0.0,0,0.0,1,0.03903707,ok,
002471,6688,4439,512x512,512,340,262144,33089,0.12622452,12.6225,1,0.04483891,0,0.0,0,0.0,0,0.0,0,0.0,ok,
002472,3072,2304,512x512,512,384,262144,13293,0.05070877,5.0709,0,0.0,0,0.0,1,0.01919118,0,0.0,0,0.0,ok,
002473,3072,2304,512x512,512,384,262144,164871,0.62893295,62.8933,1,0.15378005,0,0.0,0,0.0,1,0.00115557,1,0.00725513,ok,
002474,960,645,512x512,512,344,262144,31572,0.12043762,12.0438,1,0.18274548,0,0.0,0,0.0,0,0.0,0,0.0,ok,
002475,4288,2848,512x512,512,340,262144,45165,0.1722908,17.2291,1,0.00484343,1,0.01562312,0,0.0,1,0.00688073,0,0.0,ok,
002476,4288,2848,512x512,512,340,262144,42949,0.16383743,16.3837,1,0.00620902,0,0.0,0,0.0,1,0.01255815,0,0.0,ok,
002477,2048,1536,512x512,512,384,262144,43364,0.16542053,16.5421,1,0.15046438,0,0.0,0,0.0,0,0.0,0,0.0,ok,
002478,6641,4440,512x512,512,342,262144,72147,0.27521896,27.5219,1,0.01324037,0,0.0,0,0.0,1,0.00713829,0,0.0,ok,
002479,1024,768,512x512,512,384,262144,162917,0.62147903,62.1479,0,0.0,1,0.04763031,0,0.0,1,0.01063538,0,0.0,ok,
002480,1024,768,512x512,512,384,262144,96893,0.36961746,36.9617,1,0.10008494,0,0.0,0,0.0,0,0.0,0,0.0,ok,
002481,4288,2848,512x512,512,340,262144,66760,0.25466919,25.4669,0,0.0,1,0.02191517,0,0.0,0,0.0,0,0.0,ok,
002482,4288,2848,512x512,512,340,262144,10796,0.04118347,4.1183,1,0.02236341,0,0.0,0,0.0,0,0.0,0,0.0,ok,
002483,640,480,512x512,512,384,262144,40290,0.15369415,15.3694,1,0.06603516,0,0.0,0,0.0,0,0.0,1,0.0427474,ok,
002484,1022,767,512x512,512,384,262144,18028,0.06877136,6.8771,1,0.0197047,0,0.0,0,0.0,0,0.0,0,0.0,ok,
002485,6648,4459,512x512,512,343,262144,86752,0.33093262,33.0933,1,0.19287463,1,0.01676459,0,0.0,0,0.0,0,0.0,ok,
002486,4288,2848,512x512,512,340,262144,31420,0.11985779,11.9858,1,0.01499014,0,0.0,0,0.0,1,0.04099384,0,0.0,ok,
002487,3072,2304,512x512,512,384,262144,96796,0.36924744,36.9247,1,0.02121452,0,0.0,1,0.02237362,0,0.0,1,0.00374759,ok,
002488,4288,2848,512x512,512,340,262144,161409,0.61572647,61.5726,1,0.13097541,0,0.0,0,0.0,0,0.0,0,0.0,ok,
002489,640,480,512x512,512,384,262144,59246,0.22600555,22.6006,1,0.25100586,0,0.0,0,0.0,0,0.0,0,0.0,ok,
002490,3072,2304,512x512,512,384,262144,11252,0.04292297,4.2923,0,0.0,1,0.01240723,0,0.0,0,0.0,0,0.0,ok,
002491,3072,2304,512x512,512,384,262144,56704,0.21630859,21.6309,1,0.08178753,0,0.0,0,0.0,0,0.0,0,0.0,ok,
002492,640,480,512x512,512,384,262144,89599,0.34179306,34.1793,1,0.03138997,1,0.03837891,0,0.0,0,0.0,0,0.0,ok,
002493,961,649,512x512,512,346,262144,20218,0.07712555,7.7126,1,0.02449458,0,0.0,1,0.00942617,0,0.0,1,0.00340554,ok,
002494,6668,4439,512x512,512,341,262144,27330,0.10425568,10.4256,1,0.04541044,0,0.0,0,0.0,1,0.00435291,0,0.0,ok,
002495,4288,2848,512x512,512,340,262144,15190,0.05794525,5.7945,0,0.0,0,0.0,0,0.0,1,0.00971674,0,0.0,ok,
002496,3008,2000,512x512,512,340,262144,3100,0.01182556,1.1826,1,0.02124169,0,0.0,0,0.0,0,0.0,0,0.0,ok,
002497,4288,2848,512x512,512,340,262144,87498,0.33377838,33.3778,1,0.00762621,0,0.0,0,0.0,1,0.00099089,0,0.0,ok,
002498,3072,2304,512x512,512,384,262144,99826,0.38080597,38.0806,1,0.04456937,0,0.0,0,0.0,0,0.0,1,0.0529521,ok,
002499,2304,1536,512x512,512,341,262144,10456,0.03988647,3.9886,1,0.03688954,0,0.0,0,0.0,1,0.00520099,0,0.0,ok,
002500,1024,768,512x512,512,384,262144,11748,0.04481506,4.4815,1,0.02279027,0,0.0,0,0.0,0,0.0,1,0.00911331,ok,
002501,919,802,512x512,512,447,262144,71552,0.27294922,27.2949,1,0.12709657,0,0.0,0,0.0,0,0.0,0,0.0,ok,
002502,3008,2000,512x512,512,340,262144,8425,0.03213882,3.2139,0,0.0,0,0.0,0,0.0,0,0.0,0,0.0,ok,
002503,3008,2000,512x512,512,340,262144,1808,0.00689697,0.6897,1,0.01183012,0,0.0,0,0.0,0,0.0,0,0.0,ok,
002504,3072,2304,512x512,512,384,262144,16352,0.06237793,6.2378,0,0.0,0,0.0,0,0.0,0,0.0,1,0.01177159,ok,
002505,3872,2592,512x512,512,343,262144,126971,0.48435593,48.4356,0,0.0,0,0.0,0,0.0,0,0.0,0,0.0,ok,
002506,4288,2848,512x512,512,340,262144,10232,0.03903198,3.9032,0,0.0,0,0.0,0,0.0,1,0.01163138,1,0.00230327,ok,
002507,1028,753,512x512,512,375,262144,68734,0.2621994,26.2199,0,0.0,0,0.0,0,0.0,1,0.00248552,1,0.10347714,ok,
002508,1024,768,512x512,512,384,262144,25673,0.09793472,9.7935,0,0.0,0,0.0,0,0.0,0,0.0,1,0.02362569,ok,
002509,640,480,512x512,512,384,262144,28752,0.10968018,10.968,1,0.11285807,0,0.0,0,0.0,0,0.0,0,0.0,ok,
002510,6688,4459,512x512,512,341,262144,1390,0.00530243,0.5302,1,0.04745436,0,0.0,0,0.0,0,0.0,0,0.0,ok,
002511,1024,768,512x512,512,384,262144,58380,0.22270203,22.2702,0,0.0,0,0.0,0,0.0,0,0.0,0,0.0,ok,
002512,640,480,512x512,512,384,262144,109088,0.4161377,41.6138,1,0.28325521,0,0.0,0,0.0,0,0.0,0,0.0,ok,
002513,640,480,512x512,512,384,262144,17211,0.06565475,6.5655,1,0.02560547,0,0.0,0,0.0,0,0.0,0,0.0,ok,
002514,6648,4439,512x512,512,342,262144,100021,0.38154984,38.155,0,0.0,0,0.0,0,0.0,1,0.00596598,1,0.05766197,ok,
002515,3072,2304,512x512,512,384,262144,36087,0.13766098,13.7661,0,0.0,0,0.0,0,0.0,0,0.0,1,0.04557235,ok,
002516,1024,768,512x512,512,384,262144,39886,0.15215302,15.2153,0,0.0,0,0.0,0,0.0,0,0.0,1,0.04339472,ok,
002517,640,480,512x512,512,384,262144,31500,0.12016296,12.0163,0,0.0,0,0.0,1,0.00714193,0,0.0,1,0.00257487,ok,
002518,3072,2304,512x512,512,384,262144,18896,0.07208252,7.2083,1,0.01112069,0,0.0,0,0.0,0,0.0,0,0.0,ok,
002519,1024,768,512x512,512,384,262144,22488,0.08578491,8.5785,1,0.08857981,0,0.0,0,0.0,0,0.0,0,0.0,ok,
002520,2048,1536,512x512,512,384,262144,21577,0.08230972,8.231,1,0.09752019,0,0.0,0,0.0,0,0.0,0,0.0,ok,
002521,6648,4439,512x512,512,342,262144,39987,0.1525383,15.2538,1,0.06162772,0,0.0,0,0.0,0,0.0,0,0.0,ok,
002522,6668,4418,512x512,512,339,262144,112430,0.42888641,42.8886,0,0.0,1,0.06235792,0,0.0,0,0.0,0,0.0,ok,
002523,2565,2000,512x512,512,399,262144,46332,0.17674255,17.6743,1,0.03012281,1,0.05409688,0,0.0,0,0.0,0,0.0,ok,
002524,919,802,512x512,512,447,262144,57044,0.21760559,21.7606,1,0.05498224,0,0.0,0,0.0,0,0.0,0,0.0,ok,
002525,3072,2304,512x512,512,384,262144,17974,0.06856537,6.8565,0,0.0,0,0.0,0,0.0,0,0.0,1,0.01101035,ok,
002526,1024,768,512x512,512,384,262144,22229,0.08479691,8.4797,1,0.0137647,0,0.0,0,0.0,0,0.0,0,0.0,ok,
002527,2048,1536,512x512,512,384,262144,183736,0.70089722,70.0897,1,0.28020763,0,0.0,1,0.00585874,0,0.0,0,0.0,ok,
002528,640,480,512x512,512,384,262144,47495,0.18117905,18.1179,1,0.1473763,0,0.0,0,0.0,0,0.0,0,0.0,ok,
002529,4288,2848,512x512,512,340,262144,3988,0.01521301,1.5213,0,0.0,0,0.0,0,0.0,0,0.0,0,0.0,ok,
002530,3072,2304,512x512,512,384,262144,42440,0.16189575,16.1896,0,0.0,0,0.0,0,0.0,0,0.0,1,0.00811796,ok,
002531,6708,4439,512x512,512,339,262144,13470,0.05138397,5.1384,1,0.01430106,0,0.0,0,0.0,0,0.0,0,0.0,ok,
002532,2583,2096,512x512,512,415,262144,14133,0.05391312,5.3913,0,0.0,0,0.0,0,0.0,0,0.0,0,0.0,ok,
002533,2304,1536,512x512,512,341,262144,12124,0.04624939,4.6249,1,0.00313681,0,0.0,0,0.0,1,0.00748161,1,0.00212182,ok,
002534,4288,2848,512x512,512,340,262144,98856,0.37710571,37.7106,1,0.00827425,0,0.0,0,0.0,0,0.0,0,0.0,ok,
002535,6648,4419,512x512,512,340,262144,31255,0.11922836,11.9228,1,0.03193946,0,0.0,0,0.0,0,0.0,0,0.0,ok,
002536,4288,2848,512x512,512,340,262144,29852,0.11387634,11.3876,1,0.02937696,0,0.0,0,0.0,1,0.00274225,0,0.0,ok,
002537,3072,2304,512x512,512,384,262144,26508,0.10112,10.112,1,0.00205188,0,0.0,1,0.00190127,0,0.0,0,0.0,ok,
002538,640,480,512x512,512,384,262144,55886,0.21318817,21.3188,1,0.13050456,0,0.0,0,0.0,0,0.0,0,0.0,ok,
002539,4288,2848,512x512,512,340,262144,3404,0.01298523,1.2985,0,0.0,0,0.0,0,0.0,1,0.00225315,0,0.0,ok,
002540,4288,2848,512x512,512,340,262144,7160,0.02731323,2.7313,0,0.0,0,0.0,0,0.0,0,0.0,0,0.0,ok,
002541,3024,2016,512x512,512,341,262144,3775,0.01440048,1.44,0,0.0,0,0.0,0,0.0,0,0.0,0,0.0,ok,
002542,3872,2592,512x512,512,343,262144,23940,0.09132385,9.1324,0,0.0,0,0.0,0,0.0,1,0.01791989,0,0.0,ok,
002543,3008,2000,512x512,512,340,262144,140062,0.53429413,53.4294,0,0.0,0,0.0,0,0.0,0,0.0,0,0.0,ok,
002544,640,480,512x512,512,384,262144,30306,0.11560822,11.5608,1,0.12141927,0,0.0,0,0.0,0,0.0,0,0.0,ok,
002545,2592,1944,512x512,512,384,262144,88608,0.3380127,33.8013,0,0.0,0,0.0,0,0.0,0,0.0,0,0.0,ok,
002546,3072,2304,512x512,512,384,262144,94248,0.35952759,35.9528,0,0.0,0,0.0,0,0.0,0,0.0,0,0.0,ok,
002547,1024,768,512x512,512,384,262144,127676,0.48704529,48.7045,0,0.0,0,0.0,0,0.0,1,0.0048701,0,0.0,ok,
002548,1024,768,512x512,512,384,262144,17426,0.06647491,6.6475,1,0.05332438,0,0.0,0,0.0,0,0.0,0,0.0,ok,
002549,3072,2304,512x512,512,384,262144,41480,0.15823364,15.8234,0,0.0,1,0.0892714,0,0.0,0,0.0,1,0.04845881,ok,
002550,3024,2016,512x512,512,341,262144,19941,0.07606888,7.6069,0,0.0,0,0.0,0,0.0,0,0.0,1,0.05912374,ok,
002551,1024,768,512x512,512,384,262144,16965,0.06471634,6.4716,1,0.00743357,0,0.0,0,0.0,0,0.0,1,0.00604884,ok,
002552,2344,1330,512x512,512,291,262144,37477,0.14296341,14.2963,0,0.0,0,0.0,0,0.0,0,0.0,1,0.02324476,ok,
002553,1044,986,512x512,512,484,262144,65033,0.24808121,24.8081,0,0.0,0,0.0,0,0.0,0,0.0,0,0.0,ok,
002554,6708,4439,512x512,512,339,262144,69806,0.26628876,26.6289,1,0.03436234,0,0.0,0,0.0,0,0.0,0,0.0,ok,
002555,3072,2304,512x512,512,384,262144,67433,0.25723648,25.7236,1,0.03904286,0,0.0,0,0.0,0,0.0,0,0.0,ok,
002556,640,480,512x512,512,384,262144,58737,0.22406387,22.4064,1,0.06505208,0,0.0,0,0.0,0,0.0,0,0.0,ok,
002557,1024,768,512x512,512,384,262144,48763,0.18601608,18.6016,1,0.03575389,0,0.0,0,0.0,0,0.0,0,0.0,ok,
002558,6668,4439,512x512,512,341,262144,25540,0.09742737,9.7427,0,0.0,0,0.0,0,0.0,0,0.0,0,0.0,ok,
002559,640,480,512x512,512,384,262144,74711,0.28499985,28.5,1,0.01919922,0,0.0,0,0.0,0,0.0,0,0.0,ok,
002560,1024,768,512x512,512,384,262144,64700,0.24681091,24.6811,0,0.0,0,0.0,0,0.0,1,0.02747854,1,0.00317637,ok,
002561,767,576,512x512,512,385,262144,27335,0.10427475,10.4275,0,0.0,0,0.0,0,0.0,1,0.00399283,0,0.0,ok,
002562,4288,2848,512x512,512,340,262144,2768,0.01055908,1.0559,1,0.00682718,0,0.0,0,0.0,0,0.0,0,0.0,ok,
002563,1024,768,512x512,512,384,262144,18204,0.06944275,6.9443,1,0.01338196,0,0.0,0,0.0,0,0.0,0,0.0,ok,
002564,3008,2000,512x512,512,340,262144,2168,0.00827026,0.827,1,0.01191523,0,0.0,0,0.0,0,0.0,0,0.0,ok,
002565,1024,768,512x512,512,384,262144,89861,0.34279251,34.2793,1,0.007459,0,0.0,0,0.0,0,0.0,1,0.00415802,ok,
002566,2048,1536,512x512,512,384,262144,96087,0.36654282,36.6543,0,0.0,0,0.0,0,0.0,0,0.0,1,0.01321983,ok,
002567,3008,2000,512x512,512,340,262144,3260,0.01243591,1.2436,1,0.02031466,0,0.0,0,0.0,0,0.0,0,0.0,ok,
002568,4288,2848,512x512,512,340,262144,3693,0.01408768,1.4088,0,0.0,0,0.0,0,0.0,0,0.0,0,0.0,ok,
002569,6648,4419,512x512,512,340,262144,40172,0.15324402,15.3244,1,0.05298825,0,0.0,0,0.0,0,0.0,1,0.00510428,ok,
002570,4288,2848,512x512,512,340,262144,18038,0.06880951,6.881,1,0.00275912,0,0.0,0,0.0,0,0.0,0,0.0,ok,
002571,4288,2848,512x512,512,340,262144,21251,0.08106613,8.1066,0,0.0,0,0.0,0,0.0,0,0.0,0,0.0,ok,
002572,1022,767,512x512,512,384,262144,54179,0.20667648,20.6676,1,0.03860697,0,0.0,1,0.01213971,0,0.0,1,0.01903367,ok,
002573,4288,2848,512x512,512,340,262144,5420,0.02067566,2.0676,0,0.0,0,0.0,0,0.0,0,0.0,0,0.0,ok,
002574,767,576,512x512,512,385,262144,17597,0.06712723,6.7127,1,0.00430519,0,0.0,0,0.0,0,0.0,0,0.0,ok,
002575,6687,4439,512x512,512,340,262144,101720,0.38803101,38.8031,1,0.10363803,0,0.0,0,0.0,1,0.00224077,0,0.0,ok,
002576,1024,768,512x512,512,384,262144,29503,0.11254501,11.2545,1,0.00481923,0,0.0,0,0.0,0,0.0,0,0.0,ok,
002577,1024,768,512x512,512,384,262144,109541,0.41786575,41.7866,1,0.11901601,0,0.0,0,0.0,0,0.0,0,0.0,ok,
002578,4288,2848,512x512,512,340,262144,12000,0.04577637,4.5776,0,0.0,0,0.0,0,0.0,1,0.00132752,0,0.0,ok,
002579,3072,2304,512x512,512,384,262144,20191,0.07702255,7.7023,0,0.0,0,0.0,0,0.0,0,0.0,1,0.00972041,ok,
002580,3072,2304,512x512,512,384,262144,76104,0.29031372,29.0314,0,0.0,0,0.0,0,0.0,0,0.0,0,0.0,ok,
002581,3072,2304,512x512,512,384,262144,37832,0.14431763,14.4318,1,0.07536118,0,0.0,0,0.0,0,0.0,0,0.0,ok,
002582,4288,2848,512x512,512,340,262144,22908,0.08738708,8.7387,1,0.01037731,0,0.0,0,0.0,0,0.0,0,0.0,ok,
002583,1024,768,512x512,512,384,262144,65813,0.25105667,25.1057,0,0.0,0,0.0,1,0.00113805,1,0.06493632,1,0.05237579,ok,
002584,919,802,512x512,512,447,262144,35599,0.13579941,13.5799,1,0.00219799,0,0.0,0,0.0,0,0.0,0,0.0,ok,
002585,3872,2592,512x512,512,343,262144,5951,0.02270126,2.2701,0,0.0,0,0.0,0,0.0,0,0.0,0,0.0,ok,
002586,1024,768,512x512,512,384,262144,89495,0.34139633,34.1396,1,0.053243,0,0.0,0,0.0,0,0.0,0,0.0,ok,
002587,4288,2848,512x512,512,340,262144,6410,0.02445221,2.4452,1,0.02358014,0,0.0,0,0.0,0,0.0,0,0.0,ok,
002588,6681,4422,512x512,512,339,262144,69990,0.26699066,26.6991,1,0.01861747,0,0.0,0,0.0,0,0.0,0,0.0,ok,
002589,2469,2232,512x512,512,463,262144,27893,0.10640335,10.6403,0,0.0,0,0.0,0,0.0,1,0.00180518,0,0.0,ok,
002590,3872,2592,512x512,512,343,262144,6608,0.02520752,2.5208,0,0.0,0,0.0,0,0.0,0,0.0,0,0.0,ok,
002591,3072,2304,512x512,512,384,262144,32024,0.12216187,12.2162,1,0.03098905,0,0.0,0,0.0,0,0.0,0,0.0,ok,
002592,3008,2000,512x512,512,340,262144,5608,0.02139282,2.1393,1,0.02141622,0,0.0,0,0.0,0,0.0,0,0.0,ok,
002593,4288,2848,512x512,512,340,262144,21923,0.08362961,8.363,0,0.0,0,0.0,0,0.0,0,0.0,0,0.0,ok,
002594,4288,2848,512x512,512,340,262144,8540,0.03257751,3.2578,1,0.01540899,0,0.0,0,0.0,1,0.00756439,0,0.0,ok,
002595,640,480,512x512,512,384,262144,70250,0.26798248,26.7982,1,0.01518229,0,0.0,1,0.00774414,0,0.0,0,0.0,ok,
002596,6648,4439,512x512,512,342,262144,115884,0.44206238,44.2062,1,0.3916649,0,0.0,0,0.0,1,0.00686126,0,0.0,ok,
002597,1024,768,512x512,512,384,262144,47230,0.18016815,18.0168,0,0.0,0,0.0,0,0.0,0,0.0,0,0.0,ok,
002598,2441,1565,512x512,512,328,262144,96743,0.36904526,36.9045,0,0.0,0,0.0,0,0.0,1,0.00130832,0,0.0,ok,
002599,640,480,512x512,512,384,262144,13616,0.05194092,5.1941,1,0.02312174,0,0.0,0,0.0,0,0.0,0,0.0,ok,
002600,640,480,512x512,512,384,262144,20447,0.07799911,7.7999,1,0.04823893,0,0.0,0,0.0,0,0.0,0,0.0,ok,
002601,3008,2000,512x512,512,340,262144,12597,0.04805374,4.8054,1,0.03604538,0,0.0,0,0.0,0,0.0,0,0.0,ok,
002602,6648,4439,512x512,512,342,262144,85065,0.32449722,32.4497,0,0.0,0,0.0,0,0.0,0,0.0,0,0.0,ok,
002603,3024,2016,512x512,512,341,262144,17441,0.06653214,6.6532,1,0.0011825,0,0.0,0,0.0,1,0.03121441,1,0.00643824,ok,
002604,2664,2124,512x512,512,408,262144,70895,0.27044296,27.0443,1,0.17071185,0,0.0,0,0.0,0,0.0,0,0.0,ok,
002605,3072,2304,512x512,512,384,262144,100294,0.38259125,38.2591,1,0.02268728,0,0.0,0,0.0,0,0.0,1,0.02453133,ok,
002606,640,480,512x512,512,384,262144,70276,0.26808167,26.8082,1,0.1138444,0,0.0,0,0.0,0,0.0,0,0.0,ok,
002607,6601,4380,512x512,512,340,262144,5305,0.02023697,2.0237,0,0.0,0,0.0,0,0.0,0,0.0,0,0.0,ok,
002608,4288,2848,512x512,512,340,262144,6679,0.02547836,2.5478,1,0.01249846,0,0.0,0,0.0,0,0.0,0,0.0,ok,
002609,4288,2848,512x512,512,340,262144,6784,0.02587891,2.5879,1,0.01451816,0,0.0,0,0.0,0,0.0,1,0.00464313,ok,
002610,576,768,512x512,384,512,262144,86974,0.33177948,33.1779,1,0.10356762,0,0.0,0,0.0,0,0.0,1,0.0191786,ok,
002611,4288,2848,512x512,512,340,262144,2118,0.00807953,0.808,1,0.00226896,0,0.0,0,0.0,0,0.0,0,0.0,ok,
002612,6628,4399,512x512,512,340,262144,41192,0.15713501,15.7135,1,0.08959164,0,0.0,0,0.0,0,0.0,0,0.0,ok,
002613,767,576,512x512,512,385,262144,21503,0.08202744,8.2027,1,0.05724413,0,0.0,0,0.0,0,0.0,0,0.0,ok,
002614,4288,2848,512x512,512,340,262144,8264,0.03152466,3.1525,0,0.0,0,0.0,0,0.0,1,0.00522558,0,0.0,ok,
002615,4288,2848,512x512,512,340,262144,1648,0.00628662,0.6287,1,0.00952971,0,0.0,0,0.0,0,0.0,0,0.0,ok,
002616,767,576,512x512,512,385,262144,145615,0.55547714,55.5477,1,0.28303817,0,0.0,0,0.0,0,0.0,1,0.06452131,ok,
002617,3072,2304,512x512,512,384,262144,10845,0.04137039,4.137,1,0.00518545,0,0.0,1,0.00605294,0,0.0,1,0.01115474,ok,
002618,4288,2848,512x512,512,340,262144,50047,0.19091415,19.0914,1,0.03407627,1,0.01215094,0,0.0,0,0.0,0,0.0,ok,
002619,1024,768,512x512,512,384,262144,117898,0.44974518,44.9745,1,0.14987183,0,0.0,0,0.0,0,0.0,1,0.05133184,ok,
002620,962,723,512x512,512,385,262144,62450,0.23822784,23.8228,1,0.0833283,0,0.0,0,0.0,0,0.0,1,0.04675886,ok,
002621,1024,768,512x512,512,384,262144,26896,0.1026001,10.26,1,0.09002686,0,0.0,0,0.0,0,0.0,1,0.01875559,ok,
002622,3008,2000,512x512,512,340,262144,4824,0.0184021,1.8402,0,0.0,0,0.0,0,0.0,0,0.0,1,0.00656051,ok,
002623,3008,2000,512x512,512,340,262144,1740,0.00663757,0.6638,0,0.0,0,0.0,0,0.0,0,0.0,0,0.0,ok,
002624,4288,2848,512x512,512,340,262144,4716,0.01799011,1.799,0,0.0,0,0.0,0,0.0,1,0.00111282,1,0.00447601,ok,
002625,4288,2848,512x512,512,340,262144,10881,0.04150772,4.1508,1,0.02388779,0,0.0,0,0.0,1,0.00329694,0,0.0,ok,
002626,1024,768,512x512,512,384,262144,140625,0.5364418,53.6442,1,0.40616099,0,0.0,0,0.0,1,0.04302597,0,0.0,ok,
002627,6642,4441,512x512,512,342,262144,18925,0.07219315,7.2193,1,0.01121933,0,0.0,0,0.0,1,0.00466052,0,0.0,ok,
002628,1504,1129,512x512,512,384,262144,41571,0.15858078,15.8581,1,0.06190342,0,0.0,0,0.0,0,0.0,0,0.0,ok,
002629,919,802,512x512,512,447,262144,103603,0.39521408,39.5214,1,0.20768129,0,0.0,0,0.0,0,0.0,0,0.0,ok,
002630,3072,2304,512x512,512,384,262144,35048,0.13369751,13.3698,1,0.08147558,0,0.0,0,0.0,0,0.0,0,0.0,ok,
002631,1024,768,512x512,512,384,262144,39081,0.14908218,14.9082,1,0.03731791,0,0.0,1,0.02190653,0,0.0,1,0.00209427,ok,
002632,640,480,512x512,512,384,262144,55350,0.21114349,21.1143,0,0.0,0,0.0,1,0.01597656,0,0.0,1,0.01327474,ok,
002633,3008,2000,512x512,512,340,262144,8757,0.0334053,3.3405,0,0.0,0,0.0,0,0.0,0,0.0,0,0.0,ok,
002634,3072,2304,512x512,512,384,262144,33956,0.12953186,12.9532,0,0.0,0,0.0,0,0.0,0,0.0,0,0.0,ok,
002635,1024,768,512x512,512,384,262144,23346,0.08905792,8.9058,1,0.0525678,0,0.0,0,0.0,0,0.0,0,0.0,ok,
002636,1062,701,512x512,512,338,262144,147792,0.56378174,56.3782,1,0.62461885,0,0.0,0,0.0,0,0.0,0,0.0,ok,
002637,1024,768,512x512,512,384,262144,48544,0.18518066,18.5181,0,0.0,1,0.00640233,0,0.0,0,0.0,1,0.01753743,ok,
002638,3024,2016,512x512,512,341,262144,12142,0.04631805,4.6318,0,0.0,0,0.0,0,0.0,0,0.0,0,0.0,ok,
002639,2048,1536,512x512,512,384,262144,105324,0.40177917,40.1779,1,0.0134964,1,0.06670888,0,0.0,1,0.01502037,0,0.0,ok,
002640,1504,1129,512x512,512,384,262144,62886,0.23989105,23.9891,1,0.09163459,0,0.0,0,0.0,0,0.0,1,0.00348819,ok,
002641,4288,2848,512x512,512,340,262144,6871,0.02621078,2.6211,1,0.04680384,0,0.0,0,0.0,0,0.0,0,0.0,ok,
002642,3072,2304,512x512,512,384,262144,15296,0.05834961,5.835,1,0.0586449,0,0.0,0,0.0,0,0.0,0,0.0,ok,
002643,3872,2592,512x512,512,343,262144,2482,0.00946808,0.9468,0,0.0,0,0.0,0,0.0,1,0.00208136,0,0.0,ok,
002644,1024,768,512x512,512,384,262144,165025,0.62952042,62.952,0,0.0,0,0.0,0,0.0,0,0.0,0,0.0,ok,
002645,3008,2000,512x512,512,340,262144,4824,0.0184021,1.8402,0,0.0,0,0.0,0,0.0,0,0.0,0,0.0,ok,
002646,1024,768,512x512,512,384,262144,122704,0.46807861,46.8079,1,0.13733927,0,0.0,0,0.0,0,0.0,0,0.0,ok,
002647,919,802,512x512,512,447,262144,34607,0.13201523,13.2015,1,0.02132455,0,0.0,0,0.0,0,0.0,1,0.02993197,ok,
002648,1024,768,512x512,512,384,262144,121280,0.46264648,46.2646,1,0.02590052,0,0.0,0,0.0,0,0.0,0,0.0,ok,
002649,6641,4440,512x512,512,342,262144,71530,0.2728653,27.2865,0,0.0,0,0.0,0,0.0,0,0.0,0,0.0,ok,
002650,6642,4401,512x512,512,339,262144,81976,0.31271362,31.2714,1,0.08099686,0,0.0,0,0.0,0,0.0,0,0.0,ok,
002651,6688,4459,512x512,512,341,262144,20622,0.07866669,7.8667,1,0.04118639,0,0.0,0,0.0,0,0.0,0,0.0,ok,
002652,1024,768,512x512,512,384,262144,27065,0.10324478,10.3245,1,0.01214854,0,0.0,0,0.0,0,0.0,1,0.02175649,ok,
002653,4288,2848,512x512,512,340,262144,2516,0.00959778,0.9598,1,0.00600996,0,0.0,0,0.0,0,0.0,0,0.0,ok,
002654,1024,768,512x512,512,384,262144,68818,0.26251984,26.252,1,0.1139094,0,0.0,0,0.0,1,0.00246302,0,0.0,ok,
002655,3872,2592,512x512,512,343,262144,127196,0.48521423,48.5214,1,0.05582229,0,0.0,0,0.0,0,0.0,0,0.0,ok,
002656,1024,768,512x512,512,384,262144,104814,0.39983368,39.9834,0,0.0,1,0.02558899,0,0.0,1,0.03127543,0,0.0,ok,
002657,6622,4401,512x512,512,340,262144,39858,0.1520462,15.2046,1,0.11057946,0,0.0,0,0.0,0,0.0,1,0.07380719,ok,
002658,4288,2848,512x512,512,340,262144,5213,0.01988602,1.9886,1,0.0079915,0,0.0,0,0.0,0,0.0,1,0.0104429,ok,
002659,3072,2304,512x512,512,384,262144,67448,0.2572937,25.7294,1,0.16369064,0,0.0,0,0.0,0,0.0,0,0.0,ok,
002660,1024,768,512x512,512,384,262144,57229,0.21831131,21.8311,1,0.04663086,1,0.01252747,0,0.0,0,0.0,1,0.00777562,ok,
002661,3024,2016,512x512,512,341,262144,9780,0.03730774,3.7308,1,0.00106506,0,0.0,0,0.0,0,0.0,0,0.0,ok,
002662,1024,768,512x512,512,384,262144,30923,0.11796188,11.7962,1,0.01687241,0,0.0,0,0.0,1,0.00442886,0,0.0,ok,
002663,3072,2304,512x512,512,384,262144,26540,0.10124207,10.1242,1,0.03230582,0,0.0,0,0.0,0,0.0,1,0.01348185,ok,
002664,4288,2848,512x512,512,340,262144,5368,0.02047729,2.0477,1,0.00412816,0,0.0,0,0.0,1,0.00135143,0,0.0,ok,
002665,1024,768,512x512,512,384,262144,14793,0.05643082,5.6431,1,0.00815709,0,0.0,0,0.0,1,0.00417328,1,0.00785955,ok,
002666,3072,2304,512x512,512,384,262144,5745,0.02191544,2.1915,1,0.00471638,0,0.0,1,0.01237205,0,0.0,0,0.0,ok,
002667,3008,2000,512x512,512,340,262144,3388,0.01292419,1.2924,1,0.00743584,0,0.0,0,0.0,0,0.0,0,0.0,ok,
002668,3008,2000,512x512,512,340,262144,12396,0.04728699,4.7287,1,0.01387832,0,0.0,0,0.0,0,0.0,0,0.0,ok,
002669,2048,1536,512x512,512,384,262144,34340,0.1309967,13.0997,1,0.1115694,0,0.0,0,0.0,0,0.0,0,0.0,ok,
002670,4288,2848,512x512,512,340,262144,59964,0.22874451,22.8745,1,0.08660257,0,0.0,0,0.0,0,0.0,0,0.0,ok,
002671,2048,1536,512x512,512,384,262144,75584,0.28833008,28.833,1,0.01976204,0,0.0,0,0.0,0,0.0,0,0.0,ok,
002672,6642,4422,512x512,512,341,262144,35868,0.13682556,13.6826,0,0.0,0,0.0,0,0.0,1,0.00210467,0,0.0,ok,
002673,6688,4439,512x512,512,340,262144,81690,0.31162262,31.1623,1,0.08259786,0,0.0,0,0.0,0,0.0,0,0.0,ok,
002674,640,480,512x512,512,384,262144,61363,0.23408127,23.4081,0,0.0,0,0.0,0,0.0,0,0.0,1,0.00692383,ok,
002675,3872,2592,512x512,512,343,262144,4472,0.01705933,1.7059,1,0.00291693,0,0.0,0,0.0,1,0.00227556,1,0.00679887,ok,
002676,6642,4422,512x512,512,341,262144,49717,0.1896553,18.9655,1,0.14009661,0,0.0,0,0.0,0,0.0,0,0.0,ok,
002677,3008,2000,512x512,512,340,262144,4560,0.01739502,1.7395,0,0.0,0,0.0,0,0.0,0,0.0,0,0.0,ok,
002678,1024,768,512x512,512,384,262144,36536,0.13937378,13.9374,1,0.02607473,0,0.0,0,0.0,0,0.0,1,0.031147,ok,
002679,3072,2304,512x512,512,384,262144,6524,0.02488708,2.4887,0,0.0,0,0.0,1,0.00593878,0,0.0,0,0.0,ok,
002680,1024,768,512x512,512,384,262144,9995,0.0381279,3.8128,1,0.05004247,0,0.0,0,0.0,0,0.0,0,0.0,ok,
002681,3008,2000,512x512,512,340,262144,4104,0.01565552,1.5656,0,0.0,0,0.0,1,0.00639245,0,0.0,1,0.01961237,ok,
002682,919,802,512x512,512,447,262144,39772,0.15171814,15.1718,1,0.0636168,0,0.0,0,0.0,0,0.0,0,0.0,ok,
002683,1022,767,512x512,512,384,262144,121554,0.46369171,46.3692,1,0.68240814,0,0.0,0,0.0,0,0.0,0,0.0,ok,
002684,4288,2848,512x512,512,340,262144,6656,0.02539062,2.5391,0,0.0,0,0.0,0,0.0,0,0.0,0,0.0,ok,
002685,4288,2848,512x512,512,340,262144,5124,0.01954651,1.9547,1,0.00440968,0,0.0,0,0.0,1,0.00288498,0,0.0,ok,
002686,6681,4422,512x512,512,339,262144,53497,0.20407486,20.4075,1,0.06780283,0,0.0,0,0.0,1,0.00771059,0,0.0,ok,
002687,4288,2848,512x512,512,340,262144,7760,0.02960205,2.9602,1,0.02087973,0,0.0,0,0.0,0,0.0,0,0.0,ok,
002688,1024,768,512x512,512,384,262144,49575,0.18911362,18.9114,1,0.14901606,0,0.0,0,0.0,0,0.0,0,0.0,ok,
002689,6668,4459,512x512,512,342,262144,27174,0.10366058,10.3661,1,0.05070937,0,0.0,0,0.0,0,0.0,0,0.0,ok,
002690,3072,2304,512x512,512,384,262144,13806,0.05266571,5.2666,1,0.03654777,0,0.0,0,0.0,0,0.0,0,0.0,ok,
002691,3072,2304,512x512,512,384,262144,73300,0.27961731,27.9617,0,0.0,0,0.0,0,0.0,0,0.0,0,0.0,ok,
002692,1024,768,512x512,512,384,262144,80033,0.30530167,30.5302,1,0.1019427,0,0.0,0,0.0,1,0.00337219,0,0.0,ok,
002693,3072,2304,512x512,512,384,262144,37544,0.14321899,14.3219,0,0.0,0,0.0,0,0.0,0,0.0,0,0.0,ok,
002694,1024,768,512x512,512,384,262144,16023,0.06112289,6.1123,0,0.0,0,0.0,0,0.0,0,0.0,0,0.0,ok,
002695,6622,4400,512x512,512,340,262144,23628,0.09013367,9.0134,1,0.06200235,0,0.0,0,0.0,0,0.0,0,0.0,ok,
002696,1504,1129,512x512,512,384,262144,63288,0.24142456,24.1425,0,0.0,1,0.09082364,0,0.0,0,0.0,0,0.0,ok,
002697,3072,2304,512x512,512,384,262144,69030,0.26332855,26.3329,0,0.0,0,0.0,0,0.0,1,0.00600546,0,0.0,ok,
002698,1024,768,512x512,512,384,262144,24041,0.09170914,9.1709,0,0.0,0,0.0,0,0.0,0,0.0,0,0.0,ok,
002699,6681,4440,512x512,512,340,262144,56883,0.21699142,21.6991,0,0.0,0,0.0,0,0.0,0,0.0,0,0.0,ok,
002700,1024,768,512x512,512,384,262144,161492,0.61604309,61.6043,1,0.06070455,0,0.0,0,0.0,0,0.0,0,0.0,ok,
