image_id,width,height,lesion_ratio,processed_canvas,processed_content_width,processed_content_height,processed_image_pixels,processed_lesion_pixels,processed_lesion_ratio,processed_lesion_percent,status,flags
000001,640,480,0.525124,512x512,512,384,262144,103240,0.39382935,39.3829,ok,
000002,3008,2000,0.009418,512x512,512,340,262144,1640,0.0062561,0.6256,ok,
000003,639,602,0.06481,512x512,512,482,262144,15987,0.06098557,6.0986,ok,
000004,1024,768,0.054737,512x512,512,384,262144,10782,0.04113007,4.113,ok,
000005,722,540,0.711055,512x512,512,383,262144,139382,0.53170013,53.17,ok,
000006,2592,1944,0.007529,512x512,512,384,262144,1478,0.00563812,0.5638,ok,
000007,6688,4459,0.097561,512x512,512,341,262144,17043,0.06501389,6.5014,ok,
000008,4288,2848,0.030912,512x512,512,340,262144,5372,0.02049255,2.0493,ok,
000009,4288,2848,0.055564,512x512,512,340,262144,9673,0.03689957,3.69,ok,
000010,1504,1129,0.177125,512x512,512,384,262144,34802,0.13275909,13.2759,ok,
000011,919,802,0.525464,512x512,512,447,262144,120243,0.45869064,45.8691,ok,
000012,640,480,0.209033,512x512,512,384,262144,41135,0.15691757,15.6918,ok,
000013,640,480,0.139818,512x512,512,384,262144,27518,0.10497284,10.4973,ok,
000014,2592,1936,0.054624,512x512,512,382,262144,10712,0.04086304,4.0863,ok,
000015,3008,2000,0.011863,512x512,512,340,262144,2058,0.00785065,0.7851,ok,
000016,3072,2304,0.39397,512x512,512,384,262144,77460,0.29548645,29.5486,ok,
000017,4288,2848,0.054093,512x512,512,340,262144,9416,0.03591919,3.5919,ok,
000018,3872,2592,0.096573,512x512,512,343,262144,16965,0.06471634,6.4716,ok,
000019,3872,2592,0.03233,512x512,512,343,262144,5673,0.02164078,2.1641,ok,
000020,3008,2000,0.013844,512x512,512,340,262144,2409,0.00918961,0.919,ok,
000021,4288,2848,0.048786,512x512,512,340,262144,8496,0.03240967,3.241,ok,
000022,4288,2848,0.029493,512x512,512,340,262144,5128,0.01956177,1.9562,ok,
000023,767,576,0.330065,512x512,512,385,262144,65057,0.24817276,24.8173,ok,
000024,3024,2016,0.046042,512x512,512,341,262144,8038,0.03066254,3.0663,ok,
000025,1024,768,0.84643,512x512,512,384,262144,166481,0.63507462,63.5075,ok,
000026,4288,2848,0.027323,512x512,512,340,262144,4751,0.01812363,1.8124,ok,
000027,4288,2848,0.03658,512x512,512,340,262144,6360,0.02426147,2.4261,ok,
000028,1024,768,0.186198,512x512,512,384,262144,36650,0.13980865,13.9809,ok,
000029,4288,2848,0.158518,512x512,512,340,262144,27611,0.10532761,10.5328,ok,
000030,4288,2848,0.022195,512x512,512,340,262144,3864,0.01473999,1.474,ok,
000031,3072,2304,0.275366,512x512,512,384,262144,54236,0.20689392,20.6894,ok,
000032,959,723,0.164609,512x512,512,386,262144,32540,0.12413025,12.413,ok,
000033,3008,2000,0.028226,512x512,512,340,262144,4920,0.01876831,1.8768,ok,
000034,1024,768,0.467687,512x512,512,384,262144,91951,0.35076523,35.0765,ok,
000035,6682,4382,0.15102,512x512,512,336,262144,25964,0.0990448,9.9045,ok,
000036,1024,768,0.12399,512x512,512,384,262144,24389,0.09303665,9.3037,ok,
000037,6668,4439,0.251084,512x512,512,341,262144,43808,0.16711426,16.7114,ok,
000038,4288,2848,0.072124,512x512,512,340,262144,12556,0.04789734,4.7897,ok,
000039,6668,4459,0.6399,512x512,512,342,262144,112067,0.42750168,42.7502,ok,
000040,824,719,0.394819,512x512,512,447,262144,90408,0.34487915,34.4879,ok,
000041,3008,2000,0.011464,512x512,512,340,262144,2008,0.00765991,0.766,ok,
000042,3072,2304,0.133919,512x512,512,384,262144,26333,0.10045242,10.0452,ok,
000043,3072,2304,0.159757,512x512,512,384,262144,31412,0.11982727,11.9827,ok,
000044,3872,2592,0.126692,512x512,512,343,262144,22241,0.08484268,8.4843,ok,
000045,3008,2000,0.00978,512x512,512,340,262144,1700,0.00648499,0.6485,ok,
000046,3072,2304,0.286493,512x512,512,384,262144,56319,0.21483994,21.484,ok,
000047,3072,2304,0.228267,512x512,512,384,262144,44869,0.17116165,17.1162,ok,
000048,3872,2592,0.032241,512x512,512,343,262144,5659,0.02158737,2.1587,ok,
000049,1024,768,0.640686,512x512,512,384,262144,125968,0.48052979,48.053,ok,
000050,1024,768,0.121329,512x512,512,384,262144,23860,0.09101868,9.1019,ok,
000051,1504,1129,0.409051,512x512,512,384,262144,80414,0.30675507,30.6755,ok,
000052,2592,3872,0.062954,512x512,343,512,262144,11054,0.04216766,4.2168,ok,
000053,2048,1536,0.109047,512x512,512,384,262144,21440,0.08178711,8.1787,ok,
000054,6680,4422,0.650891,512x512,512,339,262144,112943,0.43084335,43.0843,ok,
000055,767,576,0.227725,512x512,512,385,262144,44837,0.17103958,17.104,ok,
000056,6642,4420,0.581528,512x512,512,341,262144,101525,0.38728714,38.7287,ok,
000057,640,480,0.669518,512x512,512,384,262144,131683,0.50233078,50.2331,ok,
000058,3008,2000,0.131041,512x512,512,340,262144,22802,0.08698273,8.6983,ok,
000059,3872,2592,0.248438,512x512,512,343,262144,43612,0.16636658,16.6367,ok,
000060,824,719,0.424901,512x512,512,447,262144,97236,0.3709259,37.0926,ok,
000061,2048,1536,0.224403,512x512,512,384,262144,44120,0.16830444,16.8304,ok,
000062,4288,2848,0.033292,512x512,512,340,262144,5789,0.02208328,2.2083,ok,
000063,6668,4439,0.206129,512x512,512,341,262144,35973,0.1372261,13.7226,ok,
000064,640,480,0.059681,512x512,512,384,262144,11758,0.04485321,4.4853,ok,
000065,640,480,0.756921,512x512,512,384,262144,148878,0.5679245,56.7924,ok,
000066,6688,4419,0.095735,512x512,512,338,262144,16579,0.06324387,6.3244,ok,
000067,640,480,0.148229,512x512,512,384,262144,29179,0.11130905,11.1309,ok,
000068,3872,2592,0.62252,512x512,512,343,262144,109319,0.41701889,41.7019,ok,
000069,767,576,0.362365,512x512,512,385,262144,71462,0.2726059,27.2606,ok,
000070,6601,4382,0.645592,512x512,512,340,262144,112400,0.42877197,42.8772,ok,
000071,640,480,0.428382,512x512,512,384,262144,84294,0.32155609,32.1556,ok,
000072,4288,2848,0.147292,512x512,512,340,262144,25654,0.09786224,9.7862,ok,
000073,3072,2304,0.067537,512x512,512,384,262144,13280,0.05065918,5.0659,ok,
000074,3072,2304,0.50736,512x512,512,384,262144,99752,0.38052368,38.0524,ok,
000075,4288,2848,0.102763,512x512,512,340,262144,17886,0.06822968,6.823,ok,
000076,3008,2000,0.011215,512x512,512,340,262144,1951,0.00744247,0.7442,ok,
000077,1831,1528,0.656576,512x512,512,427,262144,143559,0.54763412,54.7634,ok,
000078,3072,2304,0.290374,512x512,512,384,262144,57093,0.21779251,21.7793,ok,
000079,3072,2304,0.318405,512x512,512,384,262144,62603,0.23881149,23.8811,ok,
000080,1503,1129,0.497756,512x512,512,385,262144,98101,0.37422562,37.4226,ok,
000081,3072,2304,0.056062,512x512,512,384,262144,11024,0.04205322,4.2053,ok,
000082,3072,2304,0.995644,512x512,512,384,262144,195764,0.7467804,74.678,review,almost_full_mask
000083,1024,768,0.548116,512x512,512,384,262144,107762,0.41107941,41.1079,ok,
000084,3024,2016,0.07476,512x512,512,341,262144,13082,0.04990387,4.9904,ok,
000085,2048,1536,0.439003,512x512,512,384,262144,86312,0.32925415,32.9254,ok,
000086,1024,768,0.361828,512x512,512,384,262144,71134,0.27135468,27.1355,ok,
000087,4288,2848,0.031124,512x512,512,340,262144,5418,0.02066803,2.0668,ok,
000088,1022,767,0.469732,512x512,512,384,262144,92134,0.35146332,35.1463,ok,
000089,3008,2000,0.046337,512x512,512,340,262144,8072,0.03079224,3.0792,ok,
000090,4288,2848,0.078846,512x512,512,340,262144,13740,0.05241394,5.2414,ok,
000091,6642,4420,0.580901,512x512,512,341,262144,101388,0.38676453,38.6765,ok,
000092,1024,768,0.735339,512x512,512,384,262144,144574,0.55150604,55.1506,ok,
000093,3072,2304,0.600129,512x512,512,384,262144,117994,0.45011139,45.0111,ok,
000094,2048,1536,0.243468,512x512,512,384,262144,47713,0.18201065,18.2011,ok,
000095,1057,704,0.307134,512x512,512,341,262144,53629,0.2045784,20.4578,ok,
000096,6688,4439,0.293012,512x512,512,340,262144,51000,0.19454956,19.455,ok,
000097,2370,1720,0.050891,512x512,512,372,262144,9688,0.03695679,3.6957,ok,
000098,6621,4420,0.358501,512x512,512,342,262144,62744,0.23934937,23.9349,ok,
000099,3008,2000,0.077785,512x512,512,340,262144,13560,0.05172729,5.1727,ok,
000100,1859,1351,0.194509,512x512,512,372,262144,37044,0.14131165,14.1312,ok,
000101,4288,2848,0.044603,512x512,512,340,262144,7772,0.02964783,2.9648,ok,
000102,3872,2592,0.018544,512x512,512,343,262144,3260,0.01243591,1.2436,ok,
000103,3072,2304,0.428892,512x512,512,384,262144,84326,0.32167816,32.1678,ok,
000104,965,649,0.295246,512x512,512,344,262144,51992,0.19833374,19.8334,ok,
000105,1024,768,0.179454,512x512,512,384,262144,35294,0.13463593,13.4636,ok,
000106,3072,2304,0.227675,512x512,512,384,262144,44771,0.17078781,17.0788,ok,
000107,3024,2016,0.084231,512x512,512,341,262144,14678,0.05599213,5.5992,ok,
000108,1024,768,0.876069,512x512,512,384,262144,172334,0.65740204,65.7402,ok,
000109,2048,1536,0.224464,512x512,512,384,262144,44132,0.16835022,16.835,ok,
000110,6688,4439,0.274519,512x512,512,340,262144,47833,0.18246841,18.2468,ok,
000111,3072,2304,0.072897,512x512,512,384,262144,14330,0.05466461,5.4665,ok,
000112,3072,2304,0.040378,512x512,512,384,262144,7940,0.0302887,3.0289,ok,
000113,640,480,0.612533,512x512,512,384,262144,120489,0.45962906,45.9629,ok,
000114,6641,4401,0.156658,512x512,512,339,262144,27199,0.10375595,10.3756,ok,
000115,3872,2592,0.036334,512x512,512,343,262144,6373,0.02431107,2.4311,ok,
000116,3072,2304,0.342916,512x512,512,384,262144,67424,0.25720215,25.7202,ok,
000117,6760,4480,0.642734,512x512,512,339,262144,111473,0.42523575,42.5236,ok,
000118,3008,2000,0.144542,512x512,512,340,262144,25147,0.09592819,9.5928,ok,
000119,3072,2304,0.103052,512x512,512,384,262144,20228,0.0771637,7.7164,ok,
000120,1504,1129,0.465536,512x512,512,384,262144,91539,0.34919357,34.9194,ok,
000121,3008,2000,0.252657,512x512,512,340,262144,43981,0.1677742,16.7774,ok,
000122,640,480,0.057031,512x512,512,384,262144,11239,0.04287338,4.2873,ok,
000123,3072,2304,0.72959,512x512,512,384,262144,143476,0.5473175,54.7318,ok,
000124,3024,2016,0.083521,512x512,512,341,262144,14567,0.0555687,5.5569,ok,
000125,1024,768,0.265544,512x512,512,384,262144,52205,0.19914627,19.9146,ok,
000126,640,480,0.237152,512x512,512,384,262144,46640,0.17791748,17.7917,ok,
000127,6620,4401,0.241098,512x512,512,340,262144,41972,0.16011047,16.011,ok,
000128,3872,2592,0.012195,512x512,512,343,262144,2148,0.00819397,0.8194,ok,
000129,767,576,0.400847,512x512,512,385,262144,79080,0.30166626,30.1666,ok,
000130,3008,2000,0.073861,512x512,512,340,262144,12838,0.04897308,4.8973,ok,
000131,640,480,0.117012,512x512,512,384,262144,22989,0.08769608,8.7696,ok,
000132,3072,2304,0.241239,512x512,512,384,262144,47432,0.18093872,18.0939,ok,
000133,1024,768,0.248244,512x512,512,384,262144,48803,0.18616867,18.6169,ok,
000134,3872,2592,0.394544,512x512,512,343,262144,69185,0.26391983,26.392,ok,
000135,3072,2304,0.016697,512x512,512,384,262144,3284,0.01252747,1.2527,ok,
000136,3072,2304,0.045382,512x512,512,384,262144,8924,0.03404236,3.4042,ok,
000137,3024,2016,0.119381,512x512,512,341,262144,20846,0.07952118,7.9521,ok,
000138,1024,768,0.046665,512x512,512,384,262144,9200,0.03509521,3.5095,ok,
000139,3008,2000,0.039682,512x512,512,340,262144,6920,0.02639771,2.6398,ok,
000140,3872,2592,0.030583,512x512,512,343,262144,5380,0.02052307,2.0523,ok,
000141,3872,2592,0.094234,512x512,512,343,262144,16546,0.06311798,6.3118,ok,
000142,3008,2000,0.060056,512x512,512,340,262144,10456,0.03988647,3.9886,ok,
000143,767,576,0.361562,512x512,512,385,262144,71329,0.27209854,27.2099,ok,
000144,6681,4420,0.07813,512x512,512,339,262144,13572,0.05177307,5.1773,ok,
000145,3072,2304,0.152494,512x512,512,384,262144,29984,0.11437988,11.438,ok,
000146,1024,768,0.37278,512x512,512,384,262144,73285,0.27956009,27.956,ok,
000147,3008,2000,0.006228,512x512,512,340,262144,1096,0.00418091,0.4181,ok,
000148,6621,4420,0.427612,512x512,512,342,262144,74924,0.28581238,28.5812,ok,
000149,2725,2082,0.23212,512x512,512,391,262144,46466,0.17725372,17.7254,ok,
000150,1024,768,0.721968,512x512,512,384,262144,142020,0.54176331,54.1763,ok,
000151,1024,768,0.482029,512x512,512,384,262144,94766,0.3615036,36.1504,ok,
000152,640,480,0.491771,512x512,512,384,262144,96765,0.36912918,36.9129,ok,
000153,3072,2304,0.244347,512x512,512,384,262144,48044,0.18327332,18.3273,ok,
000154,1024,768,0.487658,512x512,512,384,262144,95876,0.36573792,36.5738,ok,
000155,1022,767,0.12315,512x512,512,384,262144,24246,0.09249115,9.2491,ok,
000156,4288,2848,0.093021,512x512,512,340,262144,16190,0.06175995,6.176,ok,
000157,6668,4439,0.408268,512x512,512,341,262144,71284,0.27192688,27.1927,ok,
000158,4256,2848,0.032737,512x512,512,343,262144,5736,0.0218811,2.1881,ok,
000159,1024,768,0.127536,512x512,512,384,262144,25099,0.09574509,9.5745,ok,
000160,2173,1863,0.090332,512x512,512,439,262144,20262,0.0772934,7.7293,ok,
000161,1024,768,0.763297,512x512,512,384,262144,150165,0.57283401,57.2834,ok,
000162,640,480,0.088649,512x512,512,384,262144,17429,0.06648636,6.6486,ok,
000163,3008,2000,0.018328,512x512,512,340,262144,3188,0.01216125,1.2161,ok,
000164,6668,4439,0.21234,512x512,512,341,262144,37066,0.14139557,14.1396,ok,
000165,3872,2592,0.031866,512x512,512,343,262144,5595,0.02134323,2.1343,ok,
000166,1024,768,0.540685,512x512,512,384,262144,106309,0.40553665,40.5537,ok,
000167,640,480,0.259193,512x512,512,384,262144,50987,0.19449997,19.45,ok,
000168,640,480,0.064837,512x512,512,384,262144,12762,0.04868317,4.8683,ok,
000169,4288,2848,0.440144,512x512,512,340,262144,76587,0.29215622,29.2156,ok,
000170,6688,4479,0.258418,512x512,512,343,262144,45353,0.17300797,17.3008,ok,
000171,6661,4422,0.968777,512x512,512,340,262144,168801,0.64392471,64.3925,review,almost_full_mask
000172,4288,2848,0.17673,512x512,512,340,262144,30752,0.11730957,11.731,ok,
000173,1024,768,0.14775,512x512,512,384,262144,29053,0.1108284,11.0828,ok,
000174,4288,2848,0.089354,512x512,512,340,262144,15568,0.05938721,5.9387,ok,
000175,1024,768,0.068583,512x512,512,384,262144,13456,0.05133057,5.1331,ok,
000176,1024,768,0.034679,512x512,512,384,262144,6811,0.0259819,2.5982,ok,
000177,640,480,0.240417,512x512,512,384,262144,47325,0.18053055,18.0531,ok,
000178,6648,4419,0.514635,512x512,512,340,262144,89574,0.34169769,34.1698,ok,
000179,767,576,0.282264,512x512,512,385,262144,55606,0.21212006,21.212,ok,
000180,3008,2000,0.272229,512x512,512,340,262144,47394,0.18079376,18.0794,ok,
000181,6688,4439,0.248706,512x512,512,340,262144,43288,0.16513062,16.5131,ok,
000182,6688,4439,0.094903,512x512,512,340,262144,16534,0.0630722,6.3072,ok,
000183,3072,2304,0.413096,512x512,512,384,262144,81224,0.30984497,30.9845,ok,
000184,1024,768,0.343182,512x512,512,384,262144,67469,0.25737381,25.7374,ok,
000185,1024,768,0.811291,512x512,512,384,262144,159625,0.60892105,60.8921,ok,
000186,1022,767,0.231379,512x512,512,384,262144,45463,0.17342758,17.3428,ok,
000187,965,724,0.381975,512x512,512,384,262144,75107,0.28651047,28.651,ok,
000188,1024,768,0.46881,512x512,512,384,262144,92190,0.35167694,35.1677,ok,
000189,3072,2304,0.211085,512x512,512,384,262144,41504,0.1583252,15.8325,ok,
000190,3008,2000,0.290862,512x512,512,340,262144,50626,0.19312286,19.3123,ok,
000191,1024,768,0.396109,512x512,512,384,262144,77872,0.29705811,29.7058,ok,
000192,3008,2000,0.104537,512x512,512,340,262144,18203,0.06943893,6.9439,ok,
000193,6648,4459,0.362663,512x512,512,343,262144,63693,0.24296951,24.297,ok,
000194,1024,768,0.270031,512x512,512,384,262144,53074,0.20246124,20.2461,ok,
000195,4288,2848,0.029249,512x512,512,340,262144,5095,0.01943588,1.9436,ok,
000196,3008,2000,0.024672,512x512,512,340,262144,4288,0.01635742,1.6357,ok,
000197,6620,4420,0.145707,512x512,512,342,262144,25534,0.09740448,9.7404,ok,
000198,640,480,0.593145,512x512,512,384,262144,116602,0.44480133,44.4801,ok,
000199,640,480,0.488952,512x512,512,384,262144,96148,0.36677551,36.6776,ok,
000200,3008,2000,0.051574,512x512,512,340,262144,8979,0.03425217,3.4252,ok,
000201,1300,1212,0.086304,512x512,512,477,262144,21058,0.0803299,8.033,ok,
000202,3008,2000,0.02771,512x512,512,340,262144,4824,0.0184021,1.8402,ok,
000203,3872,2592,0.173544,512x512,512,343,262144,30472,0.11624146,11.6241,ok,
000204,919,802,0.519638,512x512,512,447,262144,118906,0.45359039,45.359,ok,
000205,3872,2592,0.067489,512x512,512,343,262144,11896,0.04537964,4.538,ok,
000206,2272,1704,0.385786,512x512,512,384,262144,75861,0.28938675,28.9387,ok,
000207,4288,2848,0.277392,512x512,512,340,262144,48299,0.18424606,18.4246,ok,
000208,2048,1536,0.20652,512x512,512,384,262144,40604,0.15489197,15.4892,ok,
000209,1024,768,0.213238,512x512,512,384,262144,41920,0.15991211,15.9912,ok,
000210,4288,2848,0.037333,512x512,512,340,262144,6500,0.02479553,2.4796,ok,
000211,2592,1936,0.873038,512x512,512,382,262144,170750,0.65135956,65.136,ok,
000212,3008,2000,0.007992,512x512,512,340,262144,1392,0.00531006,0.531,ok,
000213,1504,1129,0.059498,512x512,512,384,262144,11703,0.0446434,4.4643,ok,
000214,6648,4419,0.094163,512x512,512,340,262144,16392,0.06253052,6.2531,ok,
000215,3072,2304,0.610109,512x512,512,384,262144,119850,0.45719147,45.7191,ok,
000216,3072,2304,0.180689,512x512,512,384,262144,35528,0.13552856,13.5529,ok,
000217,6622,4441,0.513761,512x512,512,343,262144,90264,0.34432983,34.433,ok,
000218,1057,707,0.410617,512x512,512,342,262144,71891,0.2742424,27.4242,ok,
000219,5184,3456,0.029851,512x512,512,341,262144,5196,0.01982117,1.9821,ok,
000220,3872,2592,0.004795,512x512,512,343,262144,844,0.0032196,0.322,review,very_small_lesion
000221,4288,2848,0.074303,512x512,512,340,262144,12930,0.04932404,4.9324,ok,
000222,1024,768,0.071604,512x512,512,384,262144,14079,0.05370712,5.3707,ok,
000223,3008,2000,0.010415,512x512,512,340,262144,1813,0.00691605,0.6916,ok,
000224,3072,2304,0.151885,512x512,512,384,262144,29864,0.11392212,11.3922,ok,
000225,4288,2848,0.290653,512x512,512,340,262144,50594,0.19300079,19.3001,ok,
000226,3008,2000,0.031288,512x512,512,340,262144,5444,0.02076721,2.0767,ok,
000227,4288,2848,0.023586,512x512,512,340,262144,4108,0.01567078,1.5671,ok,
000228,3008,2000,0.022271,512x512,512,340,262144,3884,0.01481628,1.4816,ok,
000229,6661,4420,0.952174,512x512,512,340,262144,165769,0.63235855,63.2359,review,almost_full_mask
000230,6688,4439,0.251471,512x512,512,340,262144,43812,0.16712952,16.713,ok,
000231,4288,2848,0.020285,512x512,512,340,262144,3536,0.01348877,1.3489,ok,
000232,1504,1129,0.268584,512x512,512,384,262144,52812,0.20146179,20.1462,ok,
000233,1024,768,0.154067,512x512,512,384,262144,30285,0.11552811,11.5528,ok,
000234,4288,2848,0.154953,512x512,512,340,262144,26976,0.10290527,10.2905,ok,
000235,3008,2000,0.008922,512x512,512,340,262144,1555,0.00593185,0.5932,ok,
000236,2048,1536,0.048317,512x512,512,384,262144,9500,0.03623962,3.624,ok,
000237,919,802,0.2639,512x512,512,447,262144,60354,0.23023224,23.0232,ok,
000238,2592,1936,0.045794,512x512,512,382,262144,8956,0.03416443,3.4164,ok,
000239,3008,2000,0.038445,512x512,512,340,262144,6716,0.02561951,2.562,ok,
000240,3072,2304,0.078061,512x512,512,384,262144,15349,0.05855179,5.8552,ok,
000241,3872,2592,0.874318,512x512,512,343,262144,153559,0.5857811,58.5781,ok,
000242,1024,768,0.20202,512x512,512,384,262144,39717,0.15150833,15.1508,ok,
000243,1504,1129,0.332823,512x512,512,384,262144,65434,0.2496109,24.9611,ok,
000244,640,480,0.184066,512x512,512,384,262144,36225,0.13818741,13.8187,ok,
000245,1024,768,0.270758,512x512,512,384,262144,53248,0.203125,20.3125,ok,
000246,3008,2000,0.013504,512x512,512,340,262144,2364,0.00901794,0.9018,ok,
000247,3872,2592,0.778737,512x512,512,343,262144,136621,0.52116776,52.1168,ok,
000248,1024,768,0.31654,512x512,512,384,262144,62239,0.23742294,23.7423,ok,
000249,919,802,0.499738,512x512,512,447,262144,114395,0.43638229,43.6382,ok,
000250,3008,2000,0.028078,512x512,512,340,262144,4884,0.01863098,1.8631,ok,
000251,6688,4459,0.354881,512x512,512,341,262144,61965,0.23637772,23.6378,ok,
000252,1504,1129,0.127428,512x512,512,384,262144,25073,0.0956459,9.5646,ok,
000253,1024,768,0.132342,512x512,512,384,262144,26004,0.09919739,9.9197,ok,
000254,3008,2000,0.020147,512x512,512,340,262144,3506,0.01337433,1.3374,ok,
000255,3008,2000,0.023641,512x512,512,340,262144,4104,0.01565552,1.5656,ok,
000256,2592,1936,0.242864,512x512,512,382,262144,47457,0.18103409,18.1034,ok,
000257,1024,768,0.092307,512x512,512,384,262144,18153,0.0692482,6.9248,ok,
000258,1024,768,0.324777,512x512,512,384,262144,63865,0.24362564,24.3626,ok,
000259,2304,1536,0.10111,512x512,512,341,262144,17654,0.06734467,6.7345,ok,
000260,4288,2848,0.022554,512x512,512,340,262144,3924,0.01496887,1.4969,ok,
000261,6688,4439,0.044612,512x512,512,340,262144,7768,0.02963257,2.9633,ok,
000262,3008,2000,0.17653,512x512,512,340,262144,30768,0.11737061,11.7371,ok,
000263,6641,4400,0.091264,512x512,512,339,262144,15837,0.06041336,6.0413,ok,
000264,640,480,0.570296,512x512,512,384,262144,112213,0.42805862,42.8059,ok,
000265,4288,2848,0.084562,512x512,512,340,262144,14724,0.0561676,5.6168,ok,
000266,4288,2848,0.170335,512x512,512,340,262144,29646,0.11309052,11.3091,ok,
000267,1024,768,0.37477,512x512,512,384,262144,73696,0.28112793,28.1128,ok,
000268,2304,1536,0.069904,512x512,512,341,262144,12208,0.04656982,4.657,ok,
000269,4288,2848,0.542226,512x512,512,340,262144,94404,0.36012268,36.0123,ok,
000270,3024,2016,0.065275,512x512,512,341,262144,11393,0.04346085,4.3461,ok,
000271,3072,2304,0.104309,512x512,512,384,262144,20556,0.07841492,7.8415,ok,
000272,2048,1536,0.314138,512x512,512,384,262144,61752,0.23556519,23.5565,ok,
000273,640,480,0.050365,512x512,512,384,262144,9920,0.0378418,3.7842,ok,
000274,1024,768,0.314078,512x512,512,384,262144,61764,0.23561096,23.5611,ok,
000275,3072,2304,0.031528,512x512,512,384,262144,6200,0.02365112,2.3651,ok,
000276,962,674,0.127453,512x512,512,359,262144,23440,0.0894165,8.9417,ok,
000277,3872,2592,0.080604,512x512,512,343,262144,14159,0.0540123,5.4012,ok,
000278,3872,2592,0.004329,512x512,512,343,262144,756,0.00288391,0.2884,review,very_small_lesion
000279,3072,2304,0.522601,512x512,512,384,262144,102752,0.39196777,39.1968,ok,
000280,3072,2304,0.182382,512x512,512,384,262144,35854,0.13677216,13.6772,ok,
000281,6668,4419,0.099543,512x512,512,339,262144,17273,0.06589127,6.5891,ok,
000282,3872,2592,0.061374,512x512,512,343,262144,10802,0.04120636,4.1206,ok,
000283,4288,2848,0.022414,512x512,512,340,262144,3884,0.01481628,1.4816,ok,
000284,3072,2304,0.427817,512x512,512,384,262144,84113,0.32086563,32.0866,ok,
000285,3072,2304,0.388454,512x512,512,384,262144,76355,0.29127121,29.1271,ok,
000286,6668,4479,0.454669,512x512,512,344,262144,80088,0.30551147,30.5511,ok,
000287,2048,1536,0.226418,512x512,512,384,262144,44516,0.16981506,16.9815,ok,
000288,1024,768,0.361902,512x512,512,384,262144,71168,0.27148438,27.1484,ok,
000289,4288,2848,0.027727,512x512,512,340,262144,4816,0.01837158,1.8372,ok,
000290,1024,768,0.278633,512x512,512,384,262144,54773,0.20894241,20.8942,ok,
000291,2048,1536,0.123158,512x512,512,384,262144,24096,0.09191895,9.1919,ok,
000292,4288,2848,0.020922,512x512,512,340,262144,3640,0.0138855,1.3885,ok,
000293,2304,1536,0.025167,512x512,512,341,262144,4384,0.01672363,1.6724,ok,
000294,3008,2000,0.022651,512x512,512,340,262144,3956,0.01509094,1.5091,ok,
000295,1019,717,0.192347,512x512,512,360,262144,35428,0.13514709,13.5147,ok,
000296,3024,2016,0.055615,512x512,512,341,262144,9714,0.03705597,3.7056,ok,
000297,1024,768,0.089147,512x512,512,384,262144,17512,0.06680298,6.6803,ok,
000298,4288,2848,0.596079,512x512,512,340,262144,103720,0.3956604,39.566,ok,
000299,6688,4459,0.147671,512x512,512,341,262144,25787,0.0983696,9.837,ok,
000300,1024,768,0.242541,512x512,512,384,262144,47695,0.18194199,18.1942,ok,
000301,640,480,0.783327,512x512,512,384,262144,154060,0.58769226,58.7692,ok,
000302,3072,2304,0.114623,512x512,512,384,262144,22535,0.0859642,8.5964,ok,
000303,3008,2000,0.259025,512x512,512,340,262144,45096,0.17202759,17.2028,ok,
000304,6688,4479,0.309288,512x512,512,343,262144,54307,0.20716476,20.7165,ok,
000305,3008,2000,0.637233,512x512,512,340,262144,110993,0.42340469,42.3405,ok,
000306,3024,2016,0.128834,512x512,512,341,262144,22490,0.08579254,8.5793,ok,
000307,1024,768,0.135974,512x512,512,384,262144,26736,0.10198975,10.199,ok,
000308,2448,2448,0.016433,512x512,512,512,262144,4316,0.01646423,1.6464,ok,
000309,2304,1536,0.035581,512x512,512,341,262144,6208,0.02368164,2.3682,ok,
000310,1024,768,0.236258,512x512,512,384,262144,46447,0.17718124,17.7181,ok,
000311,6608,4399,0.352241,512x512,512,341,262144,61525,0.23469925,23.4699,ok,
000312,4288,2848,0.036405,512x512,512,340,262144,6332,0.02415466,2.4155,ok,
000313,2304,1536,0.012817,512x512,512,341,262144,2228,0.00849915,0.8499,ok,
000314,640,480,0.157288,512x512,512,384,262144,30952,0.11807251,11.8073,ok,
000315,4288,2848,0.098034,512x512,512,340,262144,17040,0.06500244,6.5002,ok,
000316,6668,4459,0.867778,512x512,512,342,262144,151879,0.57937241,57.9372,ok,
000317,1504,1129,0.112222,512x512,512,384,262144,22047,0.08410263,8.4103,ok,
000318,1024,768,0.365225,512x512,512,384,262144,71817,0.27396011,27.396,ok,
000319,3072,2304,0.198011,512x512,512,384,262144,38932,0.14851379,14.8514,ok,
000320,3024,2016,0.186795,512x512,512,341,262144,32612,0.12440491,12.4405,ok,
000321,4288,2848,0.116816,512x512,512,340,262144,20337,0.0775795,7.7579,ok,
000322,3072,2304,0.62089,512x512,512,384,262144,122076,0.46568298,46.5683,ok,
000323,3072,2304,0.218411,512x512,512,384,262144,42944,0.16381836,16.3818,ok,
000324,3008,2000,0.09675,512x512,512,340,262144,16828,0.06419373,6.4194,ok,
000325,6640,4441,0.271972,512x512,512,342,262144,47640,0.18173218,18.1732,ok,
000326,6688,4439,0.727139,512x512,512,340,262144,126559,0.48278427,48.2784,ok,
000327,3872,2592,0.018179,512x512,512,343,262144,3204,0.01222229,1.2222,ok,
000328,3008,2000,0.066531,512x512,512,340,262144,11600,0.04425049,4.425,ok,
000329,6688,4439,0.163265,512x512,512,340,262144,28409,0.10837173,10.8372,ok,
000330,4288,2848,0.191428,512x512,512,340,262144,33335,0.12716293,12.7163,ok,
000331,3072,2304,0.171412,512x512,512,384,262144,33707,0.128582,12.8582,ok,
000332,3072,2304,0.106944,512x512,512,384,262144,21011,0.0801506,8.0151,ok,
000333,1024,768,0.605826,512x512,512,384,262144,119114,0.45438385,45.4384,ok,
000334,919,802,0.298495,512x512,512,447,262144,68302,0.26055145,26.0551,ok,
000335,3072,2304,0.19314,512x512,512,384,262144,37976,0.14486694,14.4867,ok,
000336,1024,768,0.195197,512x512,512,384,262144,38385,0.14642715,14.6427,ok,
000337,640,480,0.058005,512x512,512,384,262144,11421,0.04356766,4.3568,ok,
000338,1024,768,0.062865,512x512,512,384,262144,12367,0.04717636,4.7176,ok,
000339,640,480,0.398955,512x512,512,384,262144,78490,0.29941559,29.9416,ok,
000340,3008,2000,0.011897,512x512,512,340,262144,2062,0.00786591,0.7866,ok,
000341,3072,2304,0.070631,512x512,512,384,262144,13883,0.05295944,5.2959,ok,
000342,3024,2016,0.073944,512x512,512,341,262144,12923,0.04929733,4.9297,ok,
000343,4288,2848,0.582683,512x512,512,340,262144,101441,0.38696671,38.6967,ok,
000344,1024,768,0.264854,512x512,512,384,262144,52068,0.19862366,19.8624,ok,
000345,6688,4419,0.141722,512x512,512,338,262144,24536,0.09359741,9.3597,ok,
000346,957,723,0.099813,512x512,512,387,262144,19784,0.07546997,7.547,ok,
000347,640,480,0.277028,512x512,512,384,262144,54526,0.20800018,20.8,ok,
000348,2597,2185,0.384327,512x512,512,431,262144,84821,0.32356644,32.3566,ok,
000349,6642,4422,0.073559,512x512,512,341,262144,12832,0.0489502,4.895,ok,
000350,1024,768,0.204637,512x512,512,384,262144,40226,0.15345001,15.345,ok,
000351,1024,768,0.11586,512x512,512,384,262144,22780,0.0868988,8.6899,ok,
000352,3008,2000,0.028153,512x512,512,340,262144,4896,0.01867676,1.8677,ok,
000353,6688,4419,0.1311,512x512,512,338,262144,22671,0.086483,8.6483,ok,
000354,640,480,0.748874,512x512,512,384,262144,147230,0.56163788,56.1638,ok,
000355,1024,768,0.833163,512x512,512,384,262144,163754,0.62467194,62.4672,ok,
000356,3008,2000,0.131199,512x512,512,340,262144,22820,0.08705139,8.7051,ok,
000357,3072,2304,0.278144,512x512,512,384,262144,54694,0.20864105,20.8641,ok,
000358,1024,768,0.404849,512x512,512,384,262144,79595,0.30363083,30.3631,ok,
000359,1504,1129,0.427309,512x512,512,384,262144,84009,0.3204689,32.0469,ok,
000360,4288,2848,0.140688,512x512,512,340,262144,24499,0.09345627,9.3456,ok,
000361,640,480,0.460316,512x512,512,384,262144,90570,0.34549713,34.5497,ok,
000362,640,480,0.511872,512x512,512,384,262144,100710,0.38417816,38.4178,ok,
000363,4288,2848,0.040777,512x512,512,340,262144,7107,0.02711105,2.7111,ok,
000364,6662,4422,0.11352,512x512,512,340,262144,19755,0.07535934,7.5359,ok,
000365,3072,2304,0.053009,512x512,512,384,262144,10423,0.03976059,3.9761,ok,
000366,1024,768,0.175713,512x512,512,384,262144,34541,0.13176346,13.1763,ok,
000367,3072,2304,0.092186,512x512,512,384,262144,18129,0.06915665,6.9157,ok,
000368,3072,2304,0.241056,512x512,512,384,262144,47390,0.1807785,18.0779,ok,
000369,4288,2848,0.035346,512x512,512,340,262144,6140,0.02342224,2.3422,ok,
000370,767,576,0.114742,512x512,512,385,262144,22589,0.0861702,8.617,ok,
000371,1024,768,0.847296,512x512,512,384,262144,166686,0.63585663,63.5857,ok,
000372,4288,2848,0.017524,512x512,512,340,262144,3064,0.01168823,1.1688,ok,
000373,640,480,0.73487,512x512,512,384,262144,144481,0.55115128,55.1151,ok,
000374,3008,2000,0.031081,512x512,512,340,262144,5416,0.0206604,2.066,ok,
000375,4288,2848,0.214234,512x512,512,340,262144,37284,0.14222717,14.2227,ok,
000376,640,480,0.26777,512x512,512,384,262144,52708,0.20106506,20.1065,ok,
000377,6648,4419,0.428082,512x512,512,340,262144,74540,0.28434753,28.4348,ok,
000378,1024,768,0.075467,512x512,512,384,262144,14850,0.05664825,5.6648,ok,
000379,4288,2848,0.025255,512x512,512,340,262144,4394,0.01676178,1.6762,ok,
000380,2012,1956,0.077622,512x512,512,498,262144,19745,0.0753212,7.5321,ok,
000381,1024,768,0.091508,512x512,512,384,262144,18013,0.06871414,6.8714,ok,
000382,3008,2000,0.427811,512x512,512,340,262144,74477,0.28410721,28.4107,ok,
000383,3072,2304,0.191983,512x512,512,384,262144,37748,0.14399719,14.3997,ok,
000384,2048,1536,0.514061,512x512,512,384,262144,101065,0.38553238,38.5532,ok,
000385,3008,2000,0.015059,512x512,512,340,262144,2622,0.01000214,1.0002,ok,
000386,1024,768,0.537029,512x512,512,384,262144,105566,0.40270233,40.2702,ok,
000387,1024,768,0.121799,512x512,512,384,262144,23935,0.09130478,9.1305,ok,
000388,2048,1536,0.108754,512x512,512,384,262144,21385,0.0815773,8.1577,ok,
000389,1024,768,0.06016,512x512,512,384,262144,11824,0.04510498,4.5105,ok,
000390,1024,768,0.151043,512x512,512,384,262144,29711,0.11333847,11.3338,ok,
000391,1504,1129,0.221212,512x512,512,384,262144,43504,0.16595459,16.5955,ok,
000392,1024,768,0.074398,512x512,512,384,262144,14626,0.05579376,5.5794,ok,
000393,3072,2304,0.194974,512x512,512,384,262144,38336,0.14624023,14.624,ok,
000394,6601,4382,0.389389,512x512,512,340,262144,67760,0.25848389,25.8484,ok,
000395,1024,768,0.638789,512x512,512,384,262144,125599,0.47912216,47.9122,ok,
000396,4288,2848,0.024808,512x512,512,340,262144,4320,0.01647949,1.6479,ok,
000397,3008,2000,0.01738,512x512,512,340,262144,3017,0.01150894,1.1509,ok,
000398,3008,2000,0.014844,512x512,512,340,262144,2588,0.00987244,0.9872,ok,
000399,6668,4459,0.687845,512x512,512,342,262144,120536,0.45980835,45.9808,ok,
000400,640,480,0.200983,512x512,512,384,262144,39536,0.15081787,15.0818,ok,
000401,6641,4420,0.304759,512x512,512,341,262144,53202,0.20294952,20.295,ok,
000402,4288,2848,0.015073,512x512,512,340,262144,2615,0.00997543,0.9975,ok,
000403,640,480,0.660218,512x512,512,384,262144,129798,0.49514008,49.514,ok,
000404,640,480,0.100586,512x512,512,384,262144,19809,0.07556534,7.5565,ok,
000405,3008,2000,0.036031,512x512,512,340,262144,6261,0.02388382,2.3884,ok,
000406,4288,2848,0.051683,512x512,512,340,262144,8988,0.0342865,3.4286,ok,
000407,4288,2848,0.552129,512x512,512,340,262144,96020,0.36628723,36.6287,ok,
000408,3872,2592,0.032695,512x512,512,343,262144,5744,0.02191162,2.1912,ok,
000409,6654,4477,0.113527,512x512,512,344,262144,20005,0.07631302,7.6313,ok,
000410,966,645,0.525825,512x512,512,342,262144,92085,0.3512764,35.1276,ok,
000411,4288,2848,0.077987,512x512,512,340,262144,13584,0.05181885,5.1819,ok,
000412,1024,768,0.121694,512x512,512,384,262144,23930,0.09128571,9.1286,ok,
000413,1024,768,0.103199,512x512,512,384,262144,20296,0.0774231,7.7423,ok,
000414,3072,2304,0.107638,512x512,512,384,262144,21163,0.08073044,8.073,ok,
000415,640,480,0.177979,512x512,512,384,262144,35022,0.13359833,13.3598,ok,
000416,640,480,0.082135,512x512,512,384,262144,16169,0.06167984,6.168,ok,
000417,6688,4459,0.127286,512x512,512,341,262144,22177,0.08459854,8.4599,ok,
000418,1024,768,0.768833,512x512,512,384,262144,151185,0.57672501,57.6725,ok,
000419,4288,2848,0.02712,512x512,512,340,262144,4732,0.01805115,1.8051,ok,
000420,3008,2000,0.021635,512x512,512,340,262144,3773,0.01439285,1.4393,ok,
000421,3008,2000,0.054423,512x512,512,340,262144,9484,0.03617859,3.6179,ok,
000422,4288,2848,0.054439,512x512,512,340,262144,9495,0.03622055,3.6221,ok,
000423,3008,2000,0.099822,512x512,512,340,262144,17352,0.06619263,6.6193,ok,
000424,6642,4422,0.273762,512x512,512,341,262144,47796,0.18232727,18.2327,ok,
000425,2592,1944,0.170043,512x512,512,384,262144,33440,0.12756348,12.7563,ok,
000426,1069,703,0.122442,512x512,512,337,262144,21107,0.08051682,8.0517,ok,
000427,1024,768,0.270915,512x512,512,384,262144,53289,0.2032814,20.3281,ok,
000428,6688,4419,0.220475,512x512,512,338,262144,38139,0.14548874,14.5489,ok,
000429,6688,4419,0.436135,512x512,512,338,262144,75467,0.28788376,28.7884,ok,
000430,6708,4439,0.2422,512x512,512,339,262144,42042,0.1603775,16.0378,ok,
000431,3008,2000,0.038183,512x512,512,340,262144,6650,0.02536774,2.5368,ok,
000432,1024,768,0.118198,512x512,512,384,262144,23242,0.08866119,8.8661,ok,
000433,6641,4441,0.861732,512x512,512,342,262144,150739,0.57502365,57.5024,ok,
000434,640,480,0.491995,512x512,512,384,262144,96759,0.36910629,36.9106,ok,
000435,3072,2304,0.101991,512x512,512,384,262144,20057,0.07651138,7.6511,ok,
000436,3024,2016,0.059377,512x512,512,341,262144,10357,0.03950882,3.9509,ok,
000437,4288,2848,0.165317,512x512,512,340,262144,28779,0.10978317,10.9783,ok,
000438,1506,1196,0.01164,512x512,512,407,262144,2433,0.00928116,0.9281,ok,
000439,3872,2592,0.05498,512x512,512,343,262144,9684,0.03694153,3.6942,ok,
000440,4288,2848,0.055163,512x512,512,340,262144,9602,0.03662872,3.6629,ok,
000441,1024,768,0.162736,512x512,512,384,262144,32007,0.12209702,12.2097,ok,
000442,1024,768,0.065727,512x512,512,384,262144,12934,0.04933929,4.9339,ok,
000443,2048,1536,0.08445,512x512,512,384,262144,16604,0.06333923,6.3339,ok,
000444,4288,2848,0.031031,512x512,512,340,262144,5399,0.02059555,2.0596,ok,
000445,640,480,0.392783,512x512,512,384,262144,77279,0.29479599,29.4796,ok,
000446,3008,2000,0.026676,512x512,512,340,262144,4640,0.0177002,1.77,ok,
000447,1502,1051,0.407822,512x512,512,358,262144,74776,0.2852478,28.5248,ok,
000448,3072,2304,0.293312,512x512,512,384,262144,57670,0.21999359,21.9994,ok,
000449,640,480,0.384385,512x512,512,384,262144,75633,0.288517,28.8517,ok,
000450,964,720,0.41148,512x512,512,382,262144,80467,0.30695724,30.6957,ok,
000451,2592,1936,0.303946,512x512,512,382,262144,59396,0.22657776,22.6578,ok,
000452,3072,2304,0.113737,512x512,512,384,262144,22364,0.08531189,8.5312,ok,
000453,2592,1944,0.232962,512x512,512,384,262144,45824,0.17480469,17.4805,ok,
000454,3024,2016,0.05094,512x512,512,341,262144,8899,0.03394699,3.3947,ok,
000455,3872,2592,0.020174,512x512,512,343,262144,3547,0.01353073,1.3531,ok,
000456,767,576,0.239685,512x512,512,385,262144,47229,0.18016434,18.0164,ok,
000457,640,480,0.18348,512x512,512,384,262144,36103,0.13772202,13.7722,ok,
000458,3008,2000,0.443534,512x512,512,340,262144,77167,0.29436874,29.4369,ok,
000459,4288,2848,0.084408,512x512,512,340,262144,14690,0.0560379,5.6038,ok,
000460,6642,4420,0.376093,512x512,512,341,262144,65628,0.25035095,25.0351,ok,
000461,4288,2848,0.258103,512x512,512,340,262144,44930,0.17139435,17.1394,ok,
000462,6688,4439,0.41146,512x512,512,340,262144,71649,0.27331924,27.3319,ok,
000463,2673,2013,0.131754,512x512,512,386,262144,26048,0.09936523,9.9365,ok,
000464,919,802,0.156563,512x512,512,447,262144,35843,0.13673019,13.673,ok,
000465,1024,768,0.554286,512x512,512,384,262144,109022,0.41588593,41.5886,ok,
000466,3072,2304,0.152432,512x512,512,384,262144,29972,0.11433411,11.4334,ok,
000467,2592,1936,0.145168,512x512,512,382,262144,28397,0.10832596,10.8326,ok,
000468,2048,1536,0.482088,512x512,512,384,262144,94787,0.36158371,36.1584,ok,
000469,2592,1944,0.261612,512x512,512,384,262144,51452,0.1962738,19.6274,ok,
000470,3008,2000,0.010928,512x512,512,340,262144,1909,0.00728226,0.7282,ok,
000471,640,480,0.505218,512x512,512,384,262144,99393,0.37915421,37.9154,ok,
000472,1024,768,0.878822,512x512,512,384,262144,172916,0.65962219,65.9622,ok,
000473,3008,2000,0.024845,512x512,512,340,262144,4336,0.01654053,1.6541,ok,
000474,4288,2848,0.472066,512x512,512,340,262144,82194,0.31354523,31.3545,ok,
000475,3072,2304,0.231103,512x512,512,384,262144,45440,0.17333984,17.334,ok,
000476,3008,2000,0.016909,512x512,512,340,262144,2956,0.01127625,1.1276,ok,
000477,6622,4380,0.334916,512x512,512,339,262144,58142,0.22179413,22.1794,ok,
000478,3008,2000,0.046212,512x512,512,340,262144,8052,0.03071594,3.0716,ok,
000479,3872,2592,0.061927,512x512,512,343,262144,10884,0.04151917,4.1519,ok,
000480,3008,2000,0.047639,512x512,512,340,262144,8288,0.03161621,3.1616,ok,
000481,3008,2000,0.010198,512x512,512,340,262144,1788,0.00682068,0.6821,ok,
000482,767,576,0.765525,512x512,512,385,262144,150828,0.57536316,57.5363,ok,
000483,6602,4380,0.958158,512x512,512,340,262144,166787,0.63624191,63.6242,review,almost_full_mask
000484,2048,1536,0.246342,512x512,512,384,262144,48333,0.18437576,18.4376,ok,
000485,3072,2304,0.030682,512x512,512,384,262144,6034,0.02301788,2.3018,ok,
000486,4288,2848,0.025786,512x512,512,340,262144,4494,0.01714325,1.7143,ok,
000487,3008,2000,0.035139,512x512,512,340,262144,6108,0.02330017,2.33,ok,
000488,2283,1824,0.280597,512x512,512,409,262144,58783,0.22423935,22.4239,ok,
000489,3024,2016,0.080007,512x512,512,341,262144,13981,0.05333328,5.3333,ok,
000490,1024,768,0.121379,512x512,512,384,262144,23836,0.09092712,9.0927,ok,
000491,6661,4422,0.315836,512x512,512,340,262144,54961,0.20965958,20.966,ok,
000492,3872,2592,0.101655,512x512,512,343,262144,17869,0.06816483,6.8165,ok,
000493,3008,2000,0.024552,512x512,512,340,262144,4292,0.01637268,1.6373,ok,
000494,640,480,0.505573,512x512,512,384,262144,99354,0.37900543,37.9005,ok,
000495,1502,1016,0.234417,512x512,512,346,262144,41535,0.15844345,15.8443,ok,
000496,1024,768,0.164576,512x512,512,384,262144,32359,0.12343979,12.344,ok,
000497,1024,768,0.137984,512x512,512,384,262144,27124,0.10346985,10.347,ok,
000498,3872,2592,0.268195,512x512,512,343,262144,47091,0.17963791,17.9638,ok,
000499,6648,4398,0.832943,512x512,512,339,262144,144584,0.55154419,55.1544,ok,
000500,1024,768,0.131713,512x512,512,384,262144,25908,0.09883118,9.8831,ok,
000501,3072,2304,0.038424,512x512,512,384,262144,7556,0.02882385,2.8824,ok,
000502,2592,1936,0.120476,512x512,512,382,262144,23676,0.09031677,9.0317,ok,
000503,3072,2304,0.113495,512x512,512,384,262144,22316,0.08512878,8.5129,ok,
000504,1024,768,0.118699,512x512,512,384,262144,23344,0.08905029,8.905,ok,
000505,3072,2304,0.694982,512x512,512,384,262144,136636,0.52122498,52.1225,ok,
000506,6581,4382,0.26848,512x512,512,341,262144,46881,0.17883682,17.8837,ok,
000507,3008,2000,0.367264,512x512,512,340,262144,63925,0.24385452,24.3855,ok,
000508,4288,2848,0.034688,512x512,512,340,262144,6048,0.02307129,2.3071,ok,
000509,3008,2000,0.011309,512x512,512,340,262144,1967,0.00750351,0.7504,ok,
000510,3072,2304,0.450463,512x512,512,384,262144,88568,0.33786011,33.786,ok,
000511,6648,4459,0.40438,512x512,512,343,262144,70998,0.27083588,27.0836,ok,
000512,3072,2304,0.41323,512x512,512,384,262144,81221,0.30983353,30.9834,ok,
000513,4288,2848,0.005252,512x512,512,340,262144,912,0.003479,0.3479,ok,
000514,3008,2000,0.122643,512x512,512,340,262144,21344,0.0814209,8.1421,ok,
000515,3008,2000,0.04292,512x512,512,340,262144,7476,0.02851868,2.8519,ok,
000516,3072,2304,0.203762,512x512,512,384,262144,40064,0.15283203,15.2832,ok,
000517,3008,2000,0.162332,512x512,512,340,262144,28272,0.10784912,10.7849,ok,
000518,3072,2304,0.603372,512x512,512,384,262144,118632,0.45254517,45.2545,ok,
000519,824,719,0.340084,512x512,512,447,262144,77794,0.29676056,29.6761,ok,
000520,1024,768,0.759524,512x512,512,384,262144,149328,0.56964111,56.9641,ok,
000521,1022,767,0.088059,512x512,512,384,262144,17314,0.06604767,6.6048,ok,
000522,1024,768,0.542728,512x512,512,384,262144,106712,0.40707397,40.7074,ok,
000523,1024,768,0.134281,512x512,512,384,262144,26404,0.10072327,10.0723,ok,
000524,3008,2000,0.034671,512x512,512,340,262144,6027,0.02299118,2.2991,ok,
000525,3072,2304,0.390812,512x512,512,384,262144,76835,0.29310226,29.3102,ok,
000526,3072,2304,0.376731,512x512,512,384,262144,74072,0.28256226,28.2562,ok,
000527,4288,2848,0.032088,512x512,512,340,262144,5585,0.02130508,2.1305,ok,
000528,3072,2304,0.032687,512x512,512,384,262144,6428,0.02452087,2.4521,ok,
000529,3872,2592,0.031049,512x512,512,343,262144,5480,0.02090454,2.0905,ok,
000530,1024,768,0.255988,512x512,512,384,262144,50323,0.19196701,19.1967,ok,
000531,4288,2848,0.01394,512x512,512,340,262144,2432,0.00927734,0.9277,ok,
000532,3008,2000,0.42946,512x512,512,340,262144,74763,0.28519821,28.5198,ok,
000533,1024,768,0.308915,512x512,512,384,262144,60724,0.23164368,23.1644,ok,
000534,3008,2000,0.059706,512x512,512,340,262144,10388,0.03962708,3.9627,ok,
000535,6647,4439,0.174015,512x512,512,342,262144,30480,0.11627197,11.6272,ok,
000536,3008,2000,0.054214,512x512,512,340,262144,9440,0.03601074,3.6011,ok,
000537,962,674,0.141494,512x512,512,359,262144,26006,0.09920502,9.9205,ok,
000538,6642,4420,0.551814,512x512,512,341,262144,96335,0.36748886,36.7489,ok,
000539,1819,859,0.081033,512x512,512,242,262144,10050,0.03833771,3.8338,ok,
000540,3072,2304,0.103947,512x512,512,384,262144,20437,0.07796097,7.7961,ok,
000541,2592,1944,0.203337,512x512,512,384,262144,39992,0.15255737,15.2557,ok,
000542,2592,1944,0.292176,512x512,512,384,262144,57452,0.21916199,21.9162,ok,
000543,640,480,0.435885,512x512,512,384,262144,85743,0.32708359,32.7084,ok,
000544,767,576,0.354916,512x512,512,385,262144,69987,0.26697922,26.6979,ok,
000545,1504,1129,0.205969,512x512,512,384,262144,40479,0.15441513,15.4415,ok,
000546,2592,1936,0.041055,512x512,512,382,262144,8038,0.03066254,3.0663,ok,
000547,6621,4441,0.184026,512x512,512,343,262144,32312,0.1232605,12.326,ok,
000548,4288,2848,0.033939,512x512,512,340,262144,5906,0.0225296,2.253,ok,
000549,640,480,0.573558,512x512,512,384,262144,112825,0.43039322,43.0393,ok,
000550,3072,2304,0.17239,512x512,512,384,262144,33896,0.12930298,12.9303,ok,
000551,3872,2592,0.591481,512x512,512,343,262144,103881,0.39627457,39.6275,ok,
000552,4288,2848,0.055816,512x512,512,340,262144,9708,0.03703308,3.7033,ok,
000553,4288,2848,0.057867,512x512,512,340,262144,10080,0.03845215,3.8452,ok,
000554,640,480,0.102699,512x512,512,384,262144,20228,0.0771637,7.7164,ok,
000555,3008,2000,0.012068,512x512,512,340,262144,2105,0.00802994,0.803,ok,
000556,3048,1939,0.554832,512x512,512,326,262144,92607,0.35326767,35.3268,ok,
000557,1024,768,0.108055,512x512,512,384,262144,21273,0.08115005,8.115,ok,
000558,6648,4419,0.576159,512x512,512,340,262144,100267,0.38248825,38.2488,ok,
000559,3072,2304,0.176419,512x512,512,384,262144,34688,0.13232422,13.2324,ok,
000560,3024,2016,0.13321,512x512,512,341,262144,23257,0.08871841,8.8718,ok,
000561,6682,4441,0.208513,512x512,512,340,262144,36288,0.13842773,13.8428,ok,
000562,3072,2304,0.034885,512x512,512,384,262144,6860,0.02616882,2.6169,ok,
000563,4288,2848,0.00932,512x512,512,340,262144,1629,0.00621414,0.6214,ok,
000564,640,480,0.401702,512x512,512,384,262144,78993,0.30133438,30.1334,ok,
000565,3008,2000,0.151906,512x512,512,340,262144,26448,0.10089111,10.0891,ok,
000566,4288,2848,0.042143,512x512,512,340,262144,7332,0.02796936,2.7969,ok,
000567,3008,2000,0.081495,512x512,512,340,262144,14204,0.05418396,5.4184,ok,
000568,3072,2304,0.108732,512x512,512,384,262144,21380,0.08155823,8.1558,ok,
000569,3072,2304,0.956274,512x512,512,384,262144,188023,0.71725082,71.7251,review,almost_full_mask
000570,3008,2000,0.190862,512x512,512,340,262144,33214,0.12670135,12.6701,ok,
000571,6708,4439,0.102557,512x512,512,339,262144,17801,0.06790543,6.7905,ok,
000572,640,480,0.223711,512x512,512,384,262144,44023,0.16793442,16.7934,ok,
000573,1024,768,0.350772,512x512,512,384,262144,68959,0.26305771,26.3058,ok,
000574,3008,2000,0.028207,512x512,512,340,262144,4904,0.01870728,1.8707,ok,
000575,640,480,0.390062,512x512,512,384,262144,76774,0.29286957,29.287,ok,
000576,6668,4459,0.182849,512x512,512,342,262144,32035,0.12220383,12.2204,ok,
000577,4288,2848,0.04356,512x512,512,340,262144,7580,0.02891541,2.8915,ok,
000578,6688,4459,0.308146,512x512,512,341,262144,53800,0.20523071,20.5231,ok,
000579,3008,2000,0.055684,512x512,512,340,262144,9691,0.03696823,3.6968,ok,
000580,3872,2592,0.587018,512x512,512,343,262144,103106,0.39331818,39.3318,ok,
000581,1504,1129,0.246815,512x512,512,384,262144,48506,0.18503571,18.5036,ok,
000582,3008,2000,0.137436,512x512,512,340,262144,23914,0.09122467,9.1225,ok,
000583,4288,2848,0.124437,512x512,512,340,262144,21648,0.08258057,8.2581,ok,
000584,4288,2848,0.011168,512x512,512,340,262144,1935,0.00738144,0.7381,ok,
000585,4288,2848,0.064799,512x512,512,340,262144,11256,0.04293823,4.2938,ok,
000586,3072,2304,0.122204,512x512,512,384,262144,24020,0.09162903,9.1629,ok,
000587,640,480,0.326465,512x512,512,384,262144,64216,0.2449646,24.4965,ok,
000588,3008,2000,0.048889,512x512,512,340,262144,8528,0.03253174,3.2532,ok,
000589,1692,1915,0.883521,512x512,452,512,262144,204487,0.780056,78.0056,ok,
000590,3872,2592,0.245679,512x512,512,343,262144,43151,0.164608,16.4608,ok,
000591,4288,2848,0.04747,512x512,512,340,262144,8244,0.03144836,3.1448,ok,
000592,4288,2848,0.042063,512x512,512,340,262144,7319,0.02791977,2.792,ok,
000593,640,480,0.527018,512x512,512,384,262144,103688,0.39553833,39.5538,ok,
000594,1024,768,0.972052,512x512,512,384,262144,191196,0.72935486,72.9355,review,almost_full_mask
000595,6641,4440,0.286078,512x512,512,342,262144,50112,0.19116211,19.1162,ok,
000596,6641,4440,0.351642,512x512,512,342,262144,61575,0.23488998,23.489,ok,
000597,2048,1536,0.237312,512x512,512,384,262144,46664,0.17800903,17.8009,ok,
000598,3008,2000,0.018371,512x512,512,340,262144,3200,0.01220703,1.2207,ok,
000599,640,480,0.311247,512x512,512,384,262144,61231,0.23357773,23.3578,ok,
000600,4288,2848,0.012705,512x512,512,340,262144,2188,0.00834656,0.8347,ok,
000601,1024,768,0.073399,512x512,512,384,262144,14580,0.05561829,5.5618,ok,
000602,3072,2304,0.22311,512x512,512,384,262144,43868,0.16734314,16.7343,ok,
000603,3024,2016,0.067602,512x512,512,341,262144,11813,0.04506302,4.5063,ok,
000604,6642,4420,0.197388,512x512,512,341,262144,34462,0.1314621,13.1462,ok,
000605,1024,768,0.16176,512x512,512,384,262144,31788,0.1212616,12.1262,ok,
000606,3024,2016,0.077299,512x512,512,341,262144,13494,0.05147552,5.1476,ok,
000607,2592,1936,0.091207,512x512,512,382,262144,17836,0.06803894,6.8039,ok,
000608,3008,2000,0.075157,512x512,512,340,262144,13091,0.0499382,4.9938,ok,
000609,3008,2000,0.039315,512x512,512,340,262144,6868,0.02619934,2.6199,ok,
000610,3072,2304,0.169645,512x512,512,384,262144,33356,0.12724304,12.7243,ok,
000611,2781,2077,0.425973,512x512,512,382,262144,83291,0.31772995,31.773,ok,
000612,6642,4420,0.365329,512x512,512,341,262144,63748,0.24317932,24.3179,ok,
000613,959,638,0.58506,512x512,512,341,262144,102104,0.38949585,38.9496,ok,
000614,1024,768,0.163563,512x512,512,384,262144,32154,0.12265778,12.2658,ok,
000615,2304,1536,0.024977,512x512,512,341,262144,4355,0.01661301,1.6613,ok,
000616,3008,2000,0.041883,512x512,512,340,262144,7300,0.02784729,2.7847,ok,
000617,2048,1536,0.186543,512x512,512,384,262144,36567,0.13949203,13.9492,ok,
000618,4288,2848,0.35506,512x512,512,340,262144,61796,0.23573303,23.5733,ok,
000619,1024,768,0.787017,512x512,512,384,262144,154760,0.59036255,59.0363,ok,
000620,4288,2848,0.029616,512x512,512,340,262144,5144,0.0196228,1.9623,ok,
000621,640,480,0.777266,512x512,512,384,262144,152872,0.5831604,58.316,ok,
000622,640,480,0.167484,512x512,512,384,262144,32915,0.12556076,12.5561,ok,
000623,2592,1944,0.142002,512x512,512,384,262144,27944,0.1065979,10.6598,ok,
000624,4288,2848,0.345769,512x512,512,340,262144,60195,0.2296257,22.9626,ok,
000625,1024,768,0.212446,512x512,512,384,262144,41746,0.15924835,15.9248,ok,
000626,3008,2000,0.010993,512x512,512,340,262144,1928,0.00735474,0.7355,ok,
000627,1504,1129,0.239542,512x512,512,384,262144,47096,0.17965698,17.9657,ok,
000628,1022,767,0.227742,512x512,512,384,262144,44769,0.17078018,17.078,ok,
000629,3072,2304,0.885512,512x512,512,384,262144,174097,0.66412735,66.4127,ok,
000630,3024,2016,0.115537,512x512,512,341,262144,20172,0.07695007,7.695,ok,
000631,3008,2000,0.174461,512x512,512,340,262144,30358,0.11580658,11.5807,ok,
000632,1024,768,0.371379,512x512,512,384,262144,73036,0.27861023,27.861,ok,
000633,1024,768,0.021859,512x512,512,384,262144,4306,0.01642609,1.6426,ok,
000634,3024,2016,0.03361,512x512,512,341,262144,5868,0.02238464,2.2385,ok,
000635,6708,4439,0.276251,512x512,512,339,262144,47928,0.18283081,18.2831,ok,
000636,3008,2000,0.027478,512x512,512,340,262144,4772,0.01820374,1.8204,ok,
000637,640,480,0.196455,512x512,512,384,262144,38655,0.14745712,14.7457,ok,
000638,4288,2848,0.277852,512x512,512,340,262144,48372,0.18452454,18.4525,ok,
000639,6688,4459,0.197007,512x512,512,341,262144,34396,0.13121033,13.121,ok,
000640,3008,2000,0.020522,512x512,512,340,262144,3596,0.01371765,1.3718,ok,
000641,3072,2304,0.075548,512x512,512,384,262144,14848,0.05664062,5.6641,ok,
000642,1024,768,0.189031,512x512,512,384,262144,37166,0.14177704,14.1777,ok,
000643,1022,767,0.050322,512x512,512,384,262144,9950,0.03795624,3.7956,ok,
000644,4288,2848,0.357382,512x512,512,340,262144,62221,0.23735428,23.7354,ok,
000645,1022,767,0.371001,512x512,512,384,262144,72833,0.27783585,27.7836,ok,
000646,576,768,0.065536,512x512,384,512,262144,12888,0.04916382,4.9164,ok,
000647,4288,2848,0.054765,512x512,512,340,262144,9536,0.03637695,3.6377,ok,
000648,2048,1536,0.099335,512x512,512,384,262144,19472,0.07427979,7.428,ok,
000649,3072,2304,0.131372,512x512,512,384,262144,25829,0.09852982,9.853,ok,
000650,1321,1339,0.185653,512x512,505,512,262144,48011,0.18314743,18.3147,ok,
000651,3008,2000,0.077768,512x512,512,340,262144,13528,0.05160522,5.1605,ok,
000652,640,480,0.287025,512x512,512,384,262144,56451,0.21534348,21.5343,ok,
000653,3072,2304,0.179926,512x512,512,384,262144,35371,0.13492966,13.493,ok,
000654,3872,2592,0.06071,512x512,512,343,262144,10656,0.04064941,4.0649,ok,
000655,6681,4441,0.328626,512x512,512,340,262144,57232,0.21832275,21.8323,ok,
000656,1024,768,0.31323,512x512,512,384,262144,61602,0.23499298,23.4993,ok,
000657,1024,768,0.019339,512x512,512,384,262144,3774,0.01439667,1.4397,ok,
000658,3072,2304,0.091215,512x512,512,384,262144,17936,0.06842041,6.842,ok,
000659,6641,4440,0.39359,512x512,512,342,262144,68899,0.26282883,26.2829,ok,
000660,3072,2304,0.181263,512x512,512,384,262144,35602,0.13581085,13.5811,ok,
000661,4288,2848,0.014473,512x512,512,340,262144,2516,0.00959778,0.9598,ok,
000662,3072,2304,0.142909,512x512,512,384,262144,28100,0.10719299,10.7193,ok,
000663,4288,2848,0.042363,512x512,512,340,262144,7377,0.02814102,2.8141,ok,
000664,1024,768,0.042881,512x512,512,384,262144,8431,0.03216171,3.2162,ok,
000665,3024,2016,0.072403,512x512,512,341,262144,12635,0.0481987,4.8199,ok,
000666,3072,2304,0.158535,512x512,512,384,262144,31172,0.11891174,11.8912,ok,
000667,1024,768,0.012175,512x512,512,384,262144,2403,0.00916672,0.9167,ok,
000668,3008,2000,0.015117,512x512,512,340,262144,2644,0.01008606,1.0086,ok,
000669,4288,2848,0.071932,512x512,512,340,262144,12524,0.04777527,4.7775,ok,
000670,3024,2016,0.095254,512x512,512,341,262144,16645,0.06349564,6.3496,ok,
000671,6648,4439,0.298611,512x512,512,342,262144,52308,0.19953918,19.9539,ok,
000672,640,480,0.194596,512x512,512,384,262144,38310,0.14614105,14.6141,ok,
000673,3872,2592,0.069681,512x512,512,343,262144,12236,0.04667664,4.6677,ok,
000674,1024,768,0.722733,512x512,512,384,262144,142083,0.54200363,54.2004,ok,
000675,4288,2848,0.033971,512x512,512,340,262144,5927,0.02260971,2.261,ok,
000676,4288,2848,0.265825,512x512,512,340,262144,46274,0.1765213,17.6521,ok,
000677,640,480,0.478617,512x512,512,384,262144,94155,0.35917282,35.9173,ok,
000678,1024,768,0.208803,512x512,512,384,262144,41044,0.15657043,15.657,ok,
000679,1024,768,0.062584,512x512,512,384,262144,12325,0.04701614,4.7016,ok,
000680,919,802,0.216499,512x512,512,447,262144,49549,0.18901443,18.9014,ok,
000681,6682,4442,0.156477,512x512,512,340,262144,27239,0.10390854,10.3909,ok,
000682,4288,2848,0.101618,512x512,512,340,262144,17696,0.06750488,6.7505,ok,
000683,640,480,0.160426,512x512,512,384,262144,31563,0.12040329,12.0403,ok,
000684,3072,2304,0.180693,512x512,512,384,262144,35528,0.13552856,13.5529,ok,
000685,1024,768,0.694205,512x512,512,384,262144,136446,0.52050018,52.05,ok,
000686,4288,2848,0.038738,512x512,512,340,262144,6740,0.02571106,2.5711,ok,
000687,6628,4399,0.68614,512x512,512,340,262144,119404,0.45549011,45.549,ok,
000688,3072,2304,0.236762,512x512,512,384,262144,46540,0.17753601,17.7536,ok,
000689,1024,768,0.076277,512x512,512,384,262144,15013,0.05727005,5.727,ok,
000690,1024,768,0.068637,512x512,512,384,262144,13490,0.05146027,5.146,ok,
000691,767,576,0.14529,512x512,512,385,262144,28598,0.10909271,10.9093,ok,
000692,3008,2000,0.005795,512x512,512,340,262144,1005,0.00383377,0.3834,ok,
000693,6668,4439,0.542547,512x512,512,341,262144,94741,0.36140823,36.1408,ok,
000694,3008,2000,0.070869,512x512,512,340,262144,12344,0.04708862,4.7089,ok,
000695,4288,2848,0.041781,512x512,512,340,262144,7278,0.02776337,2.7763,ok,
000696,3072,2304,0.121671,512x512,512,384,262144,23924,0.09126282,9.1263,ok,
000697,3008,2000,0.01484,512x512,512,340,262144,2584,0.00985718,0.9857,ok,
000698,4288,2848,0.056149,512x512,512,340,262144,9777,0.0372963,3.7296,ok,
000699,4288,2848,0.129797,512x512,512,340,262144,22616,0.08627319,8.6273,ok,
000700,3008,2000,0.394652,512x512,512,340,262144,68693,0.262043,26.2043,ok,
000701,3072,2304,0.256614,512x512,512,384,262144,50456,0.19247437,19.2474,ok,
000702,1024,768,0.334291,512x512,512,384,262144,65715,0.25068283,25.0683,ok,
000703,3072,2304,0.194383,512x512,512,384,262144,38218,0.1457901,14.579,ok,
000704,1024,768,0.609717,512x512,512,384,262144,119910,0.45742035,45.742,ok,
000705,4288,2848,0.389426,512x512,512,340,262144,67786,0.25858307,25.8583,ok,
000706,640,480,0.116045,512x512,512,384,262144,22859,0.08720016,8.72,ok,
000707,6648,4419,0.584505,512x512,512,340,262144,101740,0.3881073,38.8107,ok,
000708,4288,2848,0.007145,512x512,512,340,262144,1244,0.00474548,0.4745,ok,
000709,3872,2592,0.028402,512x512,512,343,262144,4996,0.01905823,1.9058,ok,
000710,3024,2016,0.080358,512x512,512,341,262144,14031,0.05352402,5.3524,ok,
000711,3872,2592,0.126636,512x512,512,343,262144,22233,0.08481216,8.4812,ok,
000712,6642,4421,0.566934,512x512,512,341,262144,98967,0.37752914,37.7529,ok,
000713,962,674,0.632476,512x512,512,359,262144,116235,0.44340134,44.3401,ok,
000714,4288,2848,0.119,512x512,512,340,262144,20713,0.07901382,7.9014,ok,
000715,640,480,0.102728,512x512,512,384,262144,20198,0.07704926,7.7049,ok,
000716,6662,4440,0.577218,512x512,512,341,262144,100824,0.38461304,38.4613,ok,
000717,3872,2592,0.038688,512x512,512,343,262144,6812,0.02598572,2.5986,ok,
000718,640,480,0.035592,512x512,512,384,262144,6995,0.02668381,2.6684,ok,
000719,962,674,0.734094,512x512,512,359,262144,134861,0.51445389,51.4454,ok,
000720,6648,4419,0.03974,512x512,512,340,262144,6908,0.02635193,2.6352,ok,
000721,6668,4459,0.84828,512x512,512,342,262144,148438,0.56624603,56.6246,ok,
000722,6640,4420,0.076186,512x512,512,341,262144,13303,0.05074692,5.0747,ok,
000723,3072,2304,0.223469,512x512,512,384,262144,43924,0.16755676,16.7557,ok,
000724,640,480,0.543018,512x512,512,384,262144,106860,0.40763855,40.7639,ok,
000725,6681,4441,0.271608,512x512,512,340,262144,47279,0.18035507,18.0355,ok,
000726,1024,768,0.607441,512x512,512,384,262144,119430,0.45558929,45.5589,ok,
000727,6601,4382,0.376032,512x512,512,340,262144,65468,0.2497406,24.9741,ok,
000728,4288,2848,0.401488,512x512,512,340,262144,69900,0.26664734,26.6647,ok,
000729,3872,2592,0.16871,512x512,512,343,262144,29629,0.11302567,11.3026,ok,
000730,3072,2304,0.043001,512x512,512,384,262144,8456,0.03225708,3.2257,ok,
000731,4288,2848,0.029738,512x512,512,340,262144,5184,0.01977539,1.9775,ok,
000732,1504,1129,0.510051,512x512,512,384,262144,100274,0.38251495,38.2515,ok,
000733,6662,4422,0.250336,512x512,512,340,262144,43602,0.16632843,16.6328,ok,
000734,4288,2848,0.033765,512x512,512,340,262144,5894,0.02248383,2.2484,ok,
000735,640,480,0.10861,512x512,512,384,262144,21381,0.08156204,8.1562,ok,
000736,1024,768,0.354799,512x512,512,384,262144,69749,0.26607132,26.6071,ok,
000737,3072,2304,0.065645,512x512,512,384,262144,12908,0.04924011,4.924,ok,
000738,1504,1129,0.497326,512x512,512,384,262144,97780,0.3730011,37.3001,ok,
000739,1024,768,0.16099,512x512,512,384,262144,31634,0.12067413,12.0674,ok,
000740,4288,2848,0.047891,512x512,512,340,262144,8339,0.03181076,3.1811,ok,
000741,2048,1536,0.393989,512x512,512,384,262144,77465,0.29550552,29.5506,ok,
000742,2048,1536,0.44767,512x512,512,384,262144,88016,0.33575439,33.5754,ok,
000743,1024,768,0.956666,512x512,512,384,262144,188275,0.71821213,71.8212,review,almost_full_mask
000744,6648,4399,0.310369,512x512,512,339,262144,53864,0.20547485,20.5475,ok,
000745,1024,768,0.223596,512x512,512,384,262144,43959,0.16769028,16.769,ok,
000746,3072,2304,0.417563,512x512,512,384,262144,82124,0.3132782,31.3278,ok,
000747,3072,2304,0.090501,512x512,512,384,262144,17792,0.06787109,6.7871,ok,
000748,3008,2000,0.058563,512x512,512,340,262144,10196,0.03889465,3.8895,ok,
000749,3008,2000,0.007018,512x512,512,340,262144,1220,0.00465393,0.4654,ok,
000750,3872,2592,0.155151,512x512,512,343,262144,27242,0.10391998,10.392,ok,
000751,3872,2592,0.024633,512x512,512,343,262144,4323,0.01649094,1.6491,ok,
000752,6682,4441,0.218862,512x512,512,340,262144,38090,0.14530182,14.5302,ok,
000753,1024,768,0.672555,512x512,512,384,262144,132163,0.50416183,50.4162,ok,
000754,1024,768,0.834212,512x512,512,384,262144,164056,0.62582397,62.5824,ok,
000755,919,802,0.187119,512x512,512,447,262144,42832,0.16339111,16.3391,ok,
000756,3024,2016,0.046541,512x512,512,341,262144,8130,0.03101349,3.1013,ok,
000757,1024,768,0.844533,512x512,512,384,262144,166041,0.63339615,63.3396,ok,
000758,3008,2000,0.046405,512x512,512,340,262144,8072,0.03079224,3.0792,ok,
000759,4288,2848,0.483728,512x512,512,340,262144,84204,0.32121277,32.1213,ok,
000760,1024,768,0.413558,512x512,512,384,262144,81280,0.31005859,31.0059,ok,
000761,4288,2848,0.058375,512x512,512,340,262144,10164,0.03877258,3.8773,ok,
000762,3008,2000,0.03612,512x512,512,340,262144,6274,0.02393341,2.3933,ok,
000763,3872,2592,0.012841,512x512,512,343,262144,2259,0.0086174,0.8617,ok,
000764,640,480,0.10403,512x512,512,384,262144,20466,0.07807159,7.8072,ok,
000765,3072,2304,0.11624,512x512,512,384,262144,22856,0.08718872,8.7189,ok,
000766,3072,2304,0.214441,512x512,512,384,262144,42164,0.1608429,16.0843,ok,
000767,4288,2848,0.043464,512x512,512,340,262144,7560,0.02883911,2.8839,ok,
000768,6708,4459,0.278348,512x512,512,340,262144,48482,0.18494415,18.4944,ok,
000769,6688,4399,0.064324,512x512,512,337,262144,11084,0.0422821,4.2282,ok,
000770,3072,2304,0.139188,512x512,512,384,262144,27368,0.10440063,10.4401,ok,
000771,919,802,0.272253,512x512,512,447,262144,62302,0.23766327,23.7663,ok,
000772,6642,4422,0.138384,512x512,512,341,262144,24124,0.09202576,9.2026,ok,
000773,1024,768,0.140561,512x512,512,384,262144,27631,0.1054039,10.5404,ok,
000774,4288,2848,0.074918,512x512,512,340,262144,13030,0.04970551,4.9706,ok,
000775,6681,4422,0.871788,512x512,512,339,262144,151281,0.57709122,57.7091,ok,
000776,640,480,0.189587,512x512,512,384,262144,37318,0.14235687,14.2357,ok,
000777,3008,2000,0.05308,512x512,512,340,262144,9246,0.03527069,3.5271,ok,
000778,640,480,0.195501,512x512,512,384,262144,38468,0.14674377,14.6744,ok,
000779,1504,1129,0.617607,512x512,512,384,262144,121422,0.46318817,46.3188,ok,
000780,3072,2304,0.496121,512x512,512,384,262144,97517,0.37199783,37.1998,ok,
000781,3024,2016,0.106875,512x512,512,341,262144,18664,0.07119751,7.1198,ok,
000782,824,719,0.429087,512x512,512,447,262144,98175,0.3745079,37.4508,ok,
000783,4288,2848,0.364343,512x512,512,340,262144,63424,0.24194336,24.1943,ok,
000784,6668,4459,0.142083,512x512,512,342,262144,24924,0.09507751,9.5078,ok,
000785,3872,2592,0.16908,512x512,512,343,262144,29687,0.11324692,11.3247,ok,
000786,3008,2000,0.054406,512x512,512,340,262144,9470,0.03612518,3.6125,ok,
000787,3872,2592,0.03569,512x512,512,343,262144,6276,0.02394104,2.3941,ok,
000788,4288,2848,0.102982,512x512,512,340,262144,17928,0.06838989,6.839,ok,
000789,3008,2000,0.171137,512x512,512,340,262144,29803,0.11368942,11.3689,ok,
000790,6682,4441,0.727942,512x512,512,340,262144,126668,0.48320007,48.32,ok,
000791,640,480,0.225531,512x512,512,384,262144,44366,0.16924286,16.9243,ok,
000792,3072,2304,0.477244,512x512,512,384,262144,93827,0.3579216,35.7922,ok,
000793,1024,768,0.40206,512x512,512,384,262144,79048,0.30154419,30.1544,ok,
000794,1024,768,0.299296,512x512,512,384,262144,58826,0.22440338,22.4403,ok,
000795,6662,4441,0.316038,512x512,512,341,262144,55194,0.2105484,21.0548,ok,
000796,962,674,0.491494,512x512,512,359,262144,90351,0.34466171,34.4662,ok,
000797,3008,2000,0.041939,512x512,512,340,262144,7300,0.02784729,2.7847,ok,
000798,1024,768,0.206467,512x512,512,384,262144,40600,0.15487671,15.4877,ok,
000799,6641,4400,0.103754,512x512,512,339,262144,17984,0.06860352,6.8604,ok,
000800,3072,2304,0.235072,512x512,512,384,262144,46220,0.17631531,17.6315,ok,
000801,4288,2848,0.272551,512x512,512,340,262144,47451,0.1810112,18.1011,ok,
000802,1024,768,0.345451,512x512,512,384,262144,67919,0.25909042,25.909,ok,
000803,1024,768,0.087601,512x512,512,384,262144,17229,0.06572342,6.5723,ok,
000804,3072,2304,0.294676,512x512,512,384,262144,57943,0.221035,22.1035,ok,
000805,640,480,0.079834,512x512,512,384,262144,15727,0.05999374,5.9994,ok,
000806,4288,2848,0.103813,512x512,512,340,262144,18060,0.06889343,6.8893,ok,
000807,3008,2000,0.081983,512x512,512,340,262144,14276,0.05445862,5.4459,ok,
000808,767,576,0.394645,512x512,512,385,262144,77805,0.29680252,29.6803,ok,
000809,640,480,0.799157,512x512,512,384,262144,157188,0.59962463,59.9625,ok,
000810,963,629,0.333459,512x512,512,334,262144,57039,0.21758652,21.7587,ok,
000811,2592,1936,0.386035,512x512,512,382,262144,75444,0.28779602,28.7796,ok,
000812,1024,768,0.236219,512x512,512,384,262144,46440,0.17715454,17.7155,ok,
000813,6661,4421,0.205546,512x512,512,340,262144,35808,0.13659668,13.6597,ok,
000814,3008,2000,0.026933,512x512,512,340,262144,4671,0.01781845,1.7818,ok,
000815,3072,2304,0.104887,512x512,512,384,262144,20624,0.07867432,7.8674,ok,
000816,2592,1944,0.091419,512x512,512,384,262144,17984,0.06860352,6.8604,ok,
000817,3072,2304,0.265465,512x512,512,384,262144,52196,0.19911194,19.9112,ok,
000818,3008,2000,0.031817,512x512,512,340,262144,5548,0.02116394,2.1164,ok,
000819,1504,1129,0.655868,512x512,512,384,262144,129062,0.49233246,49.2332,ok,
000820,3008,2000,0.007752,512x512,512,340,262144,1348,0.00514221,0.5142,ok,
000821,4288,2848,0.046791,512x512,512,340,262144,8124,0.0309906,3.0991,ok,
000822,1504,1129,0.553388,512x512,512,384,262144,108790,0.41500092,41.5001,ok,
000823,4288,2848,0.042859,512x512,512,340,262144,7452,0.02842712,2.8427,ok,
000824,3008,2000,0.028974,512x512,512,340,262144,5046,0.01924896,1.9249,ok,
000825,3008,2000,0.035174,512x512,512,340,262144,6113,0.02331924,2.3319,ok,
000826,3008,2000,0.054111,512x512,512,340,262144,9412,0.03590393,3.5904,ok,
000827,6642,4401,0.170617,512x512,512,339,262144,29599,0.11291122,11.2911,ok,
000828,6668,4439,0.091875,512x512,512,341,262144,16063,0.06127548,6.1275,ok,
000829,6628,4419,0.566005,512x512,512,341,262144,98813,0.37694168,37.6942,ok,
000830,1022,767,0.343956,512x512,512,384,262144,67532,0.25761414,25.7614,ok,
000831,3072,2304,0.243434,512x512,512,384,262144,47864,0.18258667,18.2587,ok,
000832,4288,2848,0.014589,512x512,512,340,262144,2544,0.00970459,0.9705,ok,
000833,640,480,0.151188,512x512,512,384,262144,29741,0.11345291,11.3453,ok,
000834,3008,2000,0.086854,512x512,512,340,262144,15112,0.05764771,5.7648,ok,
000835,6648,4439,0.544047,512x512,512,342,262144,95276,0.3634491,36.3449,ok,
000836,1007,711,0.369728,512x512,512,362,262144,68508,0.26133728,26.1337,ok,
000837,3872,2592,0.040919,512x512,512,343,262144,7186,0.02741241,2.7412,ok,
000838,3008,2000,0.057312,512x512,512,340,262144,9984,0.03808594,3.8086,ok,
000839,6621,4420,0.174989,512x512,512,342,262144,30644,0.11689758,11.6898,ok,
000840,4288,2848,0.011026,512x512,512,340,262144,1915,0.00730515,0.7305,ok,
000841,1024,768,0.052746,512x512,512,384,262144,10377,0.03958511,3.9585,ok,
000842,4288,2848,0.083962,512x512,512,340,262144,14632,0.05581665,5.5817,ok,
000843,4288,2848,0.01003,512x512,512,340,262144,1732,0.00660706,0.6607,ok,
000844,1024,768,0.592969,512x512,512,384,262144,116588,0.44474792,44.4748,ok,
000845,4288,2848,0.04306,512x512,512,340,262144,7504,0.02862549,2.8625,ok,
000846,1028,753,0.19566,512x512,512,375,262144,37600,0.14343262,14.3433,ok,
000847,4288,2848,0.033636,512x512,512,340,262144,5853,0.02232742,2.2327,ok,
000848,1024,768,0.052993,512x512,512,384,262144,10422,0.03975677,3.9757,ok,
000849,4288,2848,0.28053,512x512,512,340,262144,48827,0.18626022,18.626,ok,
000850,1024,768,0.843076,512x512,512,384,262144,165783,0.63241196,63.2412,ok,
000851,4288,2848,0.189418,512x512,512,340,262144,32972,0.1257782,12.5778,ok,
000852,3024,2016,0.093772,512x512,512,341,262144,16380,0.06248474,6.2485,ok,
000853,919,802,0.186077,512x512,512,447,262144,42620,0.1625824,16.2582,ok,
000854,3024,2016,0.034158,512x512,512,341,262144,5963,0.02274704,2.2747,ok,
000855,1024,768,0.265705,512x512,512,384,262144,52223,0.19921494,19.9215,ok,
000856,4288,2848,0.217708,512x512,512,340,262144,37885,0.14451981,14.452,ok,
000857,3008,2000,0.023247,512x512,512,340,262144,4035,0.0153923,1.5392,ok,
000858,3008,2000,0.142581,512x512,512,340,262144,24808,0.09463501,9.4635,ok,
000859,1504,1129,0.533594,512x512,512,384,262144,104912,0.40020752,40.0208,ok,
000860,1024,768,0.13303,512x512,512,384,262144,26148,0.0997467,9.9747,ok,
000861,6688,4439,0.254815,512x512,512,340,262144,44360,0.16921997,16.922,ok,
000862,1024,768,0.060838,512x512,512,384,262144,11967,0.04565048,4.565,ok,
000863,576,768,0.098705,512x512,384,512,262144,19397,0.07399368,7.3994,ok,
000864,4288,2848,0.031169,512x512,512,340,262144,5424,0.02069092,2.0691,ok,
000865,3072,2304,0.331126,512x512,512,384,262144,65149,0.24852371,24.8524,ok,
000866,3008,2000,0.017013,512x512,512,340,262144,2958,0.01128387,1.1284,ok,
000867,2304,1536,0.08655,512x512,512,341,262144,15108,0.05763245,5.7632,ok,
000868,6620,4380,0.629747,512x512,512,339,262144,109314,0.41699982,41.7,ok,
000869,1502,1051,0.932471,512x512,512,358,262144,171121,0.65277481,65.2775,ok,
000870,2592,1944,0.203454,512x512,512,384,262144,40016,0.15264893,15.2649,ok,
000871,3072,2304,0.048357,512x512,512,384,262144,9509,0.03627396,3.6274,ok,
000872,1024,768,0.650633,512x512,512,384,262144,127944,0.48806763,48.8068,ok,
000873,3008,2000,0.015955,512x512,512,340,262144,2780,0.01060486,1.0605,ok,
000874,3024,2016,0.022448,512x512,512,341,262144,3910,0.01491547,1.4915,ok,
000875,640,480,0.547415,512x512,512,384,262144,107674,0.41074371,41.0744,ok,
000876,4288,2848,0.038203,512x512,512,340,262144,6659,0.02540207,2.5402,ok,
000877,3072,2304,0.17329,512x512,512,384,262144,34060,0.12992859,12.9929,ok,
000878,919,802,0.489074,512x512,512,447,262144,111902,0.42687225,42.6872,ok,
000879,3072,2304,0.132291,512x512,512,384,262144,26012,0.09922791,9.9228,ok,
000880,3008,2000,0.011673,512x512,512,340,262144,2048,0.0078125,0.7812,ok,
000881,3008,2000,0.042051,512x512,512,340,262144,7320,0.02792358,2.7924,ok,
000882,3008,2000,0.287093,512x512,512,340,262144,49983,0.19067001,19.067,ok,
000883,1011,713,0.239219,512x512,512,361,262144,44181,0.16853714,16.8537,ok,
000884,640,480,0.273841,512x512,512,384,262144,53893,0.20558548,20.5585,ok,
000885,3072,2304,0.352521,512x512,512,384,262144,69298,0.26435089,26.4351,ok,
000886,1024,768,0.17578,512x512,512,384,262144,34555,0.13181686,13.1817,ok,
000887,3872,2592,0.068936,512x512,512,343,262144,12108,0.04618835,4.6188,ok,
000888,3008,2000,0.017656,512x512,512,340,262144,3088,0.01177979,1.178,ok,
000889,3008,2000,0.167736,512x512,512,340,262144,29200,0.11138916,11.1389,ok,
000890,3072,2304,0.255091,512x512,512,384,262144,50156,0.19132996,19.133,ok,
000891,4288,2848,0.106573,512x512,512,340,262144,18520,0.07064819,7.0648,ok,
000892,767,576,0.232503,512x512,512,385,262144,45806,0.17473602,17.4736,ok,
000893,3072,2304,0.135404,512x512,512,384,262144,26624,0.1015625,10.1562,ok,
000894,4288,2848,0.063755,512x512,512,340,262144,11068,0.04222107,4.2221,ok,
000895,6600,4401,0.685513,512x512,512,341,262144,119678,0.45653534,45.6535,ok,
000896,1504,1129,0.257426,512x512,512,384,262144,50624,0.19311523,19.3115,ok,
000897,4288,2848,0.078501,512x512,512,340,262144,13672,0.05215454,5.2155,ok,
000898,1022,767,0.131021,512x512,512,384,262144,25743,0.09820175,9.8202,ok,
000899,6601,4401,0.713034,512x512,512,341,262144,124483,0.47486496,47.4865,ok,
000900,3072,2304,0.227135,512x512,512,384,262144,44655,0.17034531,17.0345,ok,
000901,919,802,0.232901,512x512,512,447,262144,53323,0.2034111,20.3411,ok,
000902,1504,1129,0.282054,512x512,512,384,262144,55455,0.21154404,21.1544,ok,
000903,3072,2304,0.292016,512x512,512,384,262144,57416,0.21902466,21.9025,ok,
000904,1024,768,0.500726,512x512,512,384,262144,98509,0.37578201,37.5782,ok,
000905,6688,4439,0.738279,512x512,512,340,262144,128519,0.49026108,49.0261,ok,
000906,3072,2304,0.654012,512x512,512,384,262144,128588,0.49052429,49.0524,ok,
000907,4288,2848,0.067805,512x512,512,340,262144,11797,0.04500198,4.5002,ok,
000908,3072,2304,0.490868,512x512,512,384,262144,96515,0.36817551,36.8176,ok,
000909,6642,4422,0.219726,512x512,512,341,262144,38356,0.14631653,14.6317,ok,
000910,6708,4439,0.381179,512x512,512,339,262144,66176,0.25244141,25.2441,ok,
000911,3072,2304,0.085052,512x512,512,384,262144,16724,0.063797,6.3797,ok,
000912,3008,2000,0.077975,512x512,512,340,262144,13560,0.05172729,5.1727,ok,
000913,2048,1536,0.220131,512x512,512,384,262144,43280,0.1651001,16.51,ok,
000914,1024,768,0.981918,512x512,512,384,262144,193292,0.73735046,73.735,review,almost_full_mask
000915,1474,1028,0.240202,512x512,512,357,262144,43900,0.16746521,16.7465,ok,
000916,640,480,0.161315,512x512,512,384,262144,31763,0.12116623,12.1166,ok,
000917,2048,1536,0.223793,512x512,512,384,262144,44000,0.16784668,16.7847,ok,
000918,1504,1129,0.433021,512x512,512,384,262144,85129,0.32474136,32.4741,ok,
000919,4288,2848,0.027688,512x512,512,340,262144,4816,0.01837158,1.8372,ok,
000920,1024,768,0.419122,512x512,512,384,262144,82426,0.31443024,31.443,ok,
000921,1024,768,0.318843,512x512,512,384,262144,62688,0.23913574,23.9136,ok,
000922,3008,2000,0.436372,512x512,512,340,262144,76077,0.29021072,29.0211,ok,
000923,2048,1536,0.518039,512x512,512,384,262144,101858,0.38855743,38.8557,ok,
000924,6648,4439,0.619364,512x512,512,342,262144,108477,0.41380692,41.3807,ok,
000925,640,480,0.152272,512x512,512,384,262144,29969,0.11432266,11.4323,ok,
000926,6608,4419,0.54859,512x512,512,342,262144,96080,0.36651611,36.6516,ok,
000927,2592,1944,0.195181,512x512,512,384,262144,38384,0.14642334,14.6423,ok,
000928,640,480,0.478063,512x512,512,384,262144,93975,0.35848618,35.8486,ok,
000929,640,480,0.569388,512x512,512,384,262144,111958,0.42708588,42.7086,ok,
000930,4288,2848,0.017521,512x512,512,340,262144,3060,0.01167297,1.1673,ok,
000931,6622,4421,0.25846,512x512,512,342,262144,45288,0.17276001,17.276,ok,
000932,3024,2016,0.074198,512x512,512,341,262144,12957,0.04942703,4.9427,ok,
000933,6668,4459,0.185846,512x512,512,342,262144,32575,0.12426376,12.4264,ok,
000934,640,480,0.142145,512x512,512,384,262144,27952,0.10662842,10.6628,ok,
000935,1024,768,0.441663,512x512,512,384,262144,86803,0.33112717,33.1127,ok,
000936,2048,1536,0.045755,512x512,512,384,262144,8988,0.0342865,3.4286,ok,
000937,824,719,0.531776,512x512,512,447,262144,121708,0.46427917,46.4279,ok,
000938,6621,4411,0.855324,512x512,512,341,262144,149333,0.56966019,56.966,ok,
000939,1024,768,0.063109,512x512,512,384,262144,12412,0.04734802,4.7348,ok,
000940,640,480,0.182796,512x512,512,384,262144,35974,0.13722992,13.723,ok,
000941,640,480,0.325547,512x512,512,384,262144,64049,0.24432755,24.4328,ok,
000942,3008,2000,0.132908,512x512,512,340,262144,23128,0.08822632,8.8226,ok,
000943,3024,2016,0.17625,512x512,512,341,262144,30772,0.11738586,11.7386,ok,
000944,1024,768,0.335272,512x512,512,384,262144,65913,0.25143814,25.1438,ok,
000945,6668,4439,0.266063,512x512,512,341,262144,46460,0.17723083,17.7231,ok,
000946,6668,4459,0.282089,512x512,512,342,262144,49405,0.18846512,18.8465,ok,
000947,6661,4441,0.675718,512x512,512,341,262144,117989,0.45009232,45.0092,ok,
000948,6682,4401,0.189275,512x512,512,337,262144,32672,0.12463379,12.4634,ok,
000949,3072,2304,0.077667,512x512,512,384,262144,15272,0.05825806,5.8258,ok,
000950,3072,2304,0.029575,512x512,512,384,262144,5816,0.02218628,2.2186,ok,
000951,2048,1536,0.254894,512x512,512,384,262144,50163,0.19135666,19.1357,ok,
000952,4288,2848,0.041388,512x512,512,340,262144,7216,0.02752686,2.7527,ok,
000953,1024,768,0.123534,512x512,512,384,262144,24287,0.09264755,9.2648,ok,
000954,1901,1933,0.588224,512x512,504,512,262144,151752,0.57888794,57.8888,ok,
000955,6607,4399,0.15378,512x512,512,341,262144,26846,0.10240936,10.2409,ok,
000956,1227,1149,0.207712,512x512,512,479,262144,50961,0.19440079,19.4401,ok,
000957,4288,2848,0.039832,512x512,512,340,262144,6942,0.02648163,2.6482,ok,
000958,824,719,0.510568,512x512,512,447,262144,116871,0.44582748,44.5827,ok,
000959,6668,4439,0.171811,512x512,512,341,262144,30005,0.11445999,11.446,ok,
000960,2592,1944,0.371723,512x512,512,384,262144,73100,0.27885437,27.8854,ok,
000961,4288,2848,0.050588,512x512,512,340,262144,8808,0.03359985,3.36,ok,
000962,3008,2000,0.13165,512x512,512,340,262144,22909,0.0873909,8.7391,ok,
000963,3872,2592,0.094436,512x512,512,343,262144,16569,0.06320572,6.3206,ok,
000964,6668,4439,0.116498,512x512,512,341,262144,20327,0.07754135,7.7541,ok,
000965,4288,2848,0.530948,512x512,512,340,262144,92717,0.35368729,35.3687,ok,
000966,1024,768,0.791003,512x512,512,384,262144,155460,0.59303284,59.3033,ok,
000967,640,480,0.479668,512x512,512,384,262144,94362,0.35996246,35.9962,ok,
000968,1024,768,0.244158,512x512,512,384,262144,48007,0.18313217,18.3132,ok,
000969,1024,768,0.206819,512x512,512,384,262144,40695,0.15523911,15.5239,ok,
000970,4288,2848,0.141773,512x512,512,340,262144,24688,0.09417725,9.4177,ok,
000971,1024,768,0.052261,512x512,512,384,262144,10266,0.03916168,3.9162,ok,
000972,3072,2304,0.064276,512x512,512,384,262144,12635,0.0481987,4.8199,ok,
000973,1024,768,0.296719,512x512,512,384,262144,58340,0.22254944,22.2549,ok,
000974,3008,2000,0.034182,512x512,512,340,262144,5937,0.02264786,2.2648,ok,
000975,1024,768,0.119141,512x512,512,384,262144,23418,0.08933258,8.9333,ok,
000976,1658,1440,0.322656,512x512,512,445,262144,73540,0.28053284,28.0533,ok,
000977,1024,768,0.179309,512x512,512,384,262144,35290,0.13462067,13.4621,ok,
000978,3072,2304,0.535781,512x512,512,384,262144,105356,0.40190125,40.1901,ok,
000979,3008,2000,0.100047,512x512,512,340,262144,17412,0.06642151,6.6422,ok,
000980,640,480,0.193405,512x512,512,384,262144,38065,0.14520645,14.5206,ok,
000981,4288,2848,0.318921,512x512,512,340,262144,55543,0.21187973,21.188,ok,
000982,6622,4421,0.163817,512x512,512,342,262144,28688,0.10943604,10.9436,ok,
000983,4288,2848,0.114643,512x512,512,340,262144,19932,0.07603455,7.6035,ok,
000984,640,480,0.12891,512x512,512,384,262144,25363,0.09675217,9.6752,ok,
000985,3072,2304,0.718142,512x512,512,384,262144,141160,0.53848267,53.8483,ok,
000986,640,480,0.639613,512x512,512,384,262144,125821,0.47996902,47.9969,ok,
000987,640,480,0.178538,512x512,512,384,262144,35137,0.13403702,13.4037,ok,
000988,1024,768,0.107182,512x512,512,384,262144,21074,0.08039093,8.0391,ok,
000989,4288,2848,0.060454,512x512,512,340,262144,10529,0.04016495,4.0165,ok,
000990,919,802,0.328553,512x512,512,447,262144,75195,0.28684616,28.6846,ok,
000991,1024,768,0.393007,512x512,512,384,262144,77255,0.29470444,29.4704,ok,
000992,4288,2848,0.026857,512x512,512,340,262144,4648,0.01773071,1.7731,ok,
000993,3072,2304,0.185876,512x512,512,384,262144,36548,0.13941956,13.942,ok,
000994,3008,2000,0.05056,512x512,512,340,262144,8816,0.03363037,3.363,ok,
000995,2048,1536,0.142011,512x512,512,384,262144,27909,0.10646439,10.6464,ok,
000996,1024,768,0.081721,512x512,512,384,262144,16086,0.06136322,6.1363,ok,
000997,767,576,0.378099,512x512,512,385,262144,74583,0.28451157,28.4512,ok,
000998,6661,4421,0.548946,512x512,512,340,262144,95505,0.36432266,36.4323,ok,
000999,4288,2848,0.021565,512x512,512,340,262144,3776,0.0144043,1.4404,ok,
001000,3872,2592,0.107568,512x512,512,343,262144,18900,0.07209778,7.2098,ok,
001001,1024,768,0.126534,512x512,512,384,262144,24885,0.09492874,9.4929,ok,
001002,4288,2848,0.063819,512x512,512,340,262144,11108,0.04237366,4.2374,ok,
001003,3024,2016,0.050129,512x512,512,341,262144,8757,0.0334053,3.3405,ok,
001004,1024,768,0.162079,512x512,512,384,262144,31883,0.12162399,12.1624,ok,
001005,919,802,0.299607,512x512,512,447,262144,68583,0.26162338,26.1623,ok,
001006,3872,2592,0.011101,512x512,512,343,262144,1960,0.00747681,0.7477,ok,
001007,3072,2304,0.204984,512x512,512,384,262144,40304,0.15374756,15.3748,ok,
001008,6648,4439,0.52459,512x512,512,342,262144,91879,0.35049057,35.0491,ok,
001009,1024,768,0.058921,512x512,512,384,262144,11598,0.04424286,4.4243,ok,
001010,1024,768,0.605954,512x512,512,384,262144,119166,0.45458221,45.4582,ok,
001011,4288,2848,0.04159,512x512,512,340,262144,7224,0.02755737,2.7557,ok,
001012,2048,1536,0.771984,512x512,512,384,262144,151885,0.57939529,57.9395,ok,
001013,1024,768,0.187545,512x512,512,384,262144,36879,0.14068222,14.0682,ok,
001014,3072,2304,0.034879,512x512,512,384,262144,6892,0.02629089,2.6291,ok,
001015,3072,2304,0.27987,512x512,512,384,262144,55028,0.20991516,20.9915,ok,
001016,3008,2000,0.398955,512x512,512,340,262144,69452,0.26493835,26.4938,ok,
001017,3072,2304,0.065033,512x512,512,384,262144,12788,0.04878235,4.8782,ok,
001018,2592,1936,0.161732,512x512,512,382,262144,31652,0.1207428,12.0743,ok,
001019,3008,2000,0.017742,512x512,512,340,262144,3092,0.01179504,1.1795,ok,
001020,2048,1536,0.359779,512x512,512,384,262144,70736,0.26983643,26.9836,ok,
001021,4288,2848,0.038315,512x512,512,340,262144,6662,0.02541351,2.5414,ok,
001022,4288,2848,0.072075,512x512,512,340,262144,12520,0.04776001,4.776,ok,
001023,1024,768,0.305836,512x512,512,384,262144,60135,0.22939682,22.9397,ok,
001024,4288,2848,0.128319,512x512,512,340,262144,22354,0.08527374,8.5274,ok,
001025,2098,1340,0.175232,512x512,512,327,262144,29353,0.11197281,11.1973,ok,
001026,4288,2848,0.349681,512x512,512,340,262144,60860,0.23216248,23.2162,ok,
001027,3872,2592,0.420202,512x512,512,343,262144,73775,0.28142929,28.1429,ok,
001028,4288,2848,0.0969,512x512,512,340,262144,16865,0.06433487,6.4335,ok,
001029,3072,2304,0.439773,512x512,512,384,262144,86468,0.32984924,32.9849,ok,
001030,3008,2000,0.017836,512x512,512,340,262144,3120,0.01190186,1.1902,ok,
001031,1024,768,0.222514,512x512,512,384,262144,43748,0.16688538,16.6885,ok,
001032,3072,2304,0.55753,512x512,512,384,262144,109618,0.41815948,41.8159,ok,
001033,767,576,0.140138,512x512,512,385,262144,27616,0.10534668,10.5347,ok,
001034,3072,2304,0.085664,512x512,512,384,262144,16844,0.06425476,6.4255,ok,
001035,949,626,0.457805,512x512,512,338,262144,79253,0.3023262,30.2326,ok,
001036,4288,2848,0.373708,512x512,512,340,262144,65060,0.2481842,24.8184,ok,
001037,3072,2304,0.102081,512x512,512,384,262144,20072,0.0765686,7.6569,ok,
001038,3072,2304,0.134306,512x512,512,384,262144,26408,0.10073853,10.0739,ok,
001039,640,480,0.076934,512x512,512,384,262144,15101,0.05760574,5.7606,ok,
001040,1024,768,0.223108,512x512,512,384,262144,43865,0.1673317,16.7332,ok,
001041,6662,4402,0.276843,512x512,512,338,262144,47890,0.18268585,18.2686,ok,
001042,6622,4420,0.495147,512x512,512,342,262144,86722,0.33081818,33.0818,ok,
001043,6620,4420,0.138749,512x512,512,342,262144,24310,0.09273529,9.2735,ok,
001044,1024,768,0.141705,512x512,512,384,262144,27864,0.10629272,10.6293,ok,
001045,1504,1129,0.32612,512x512,512,384,262144,64133,0.24464798,24.4648,ok,
001046,640,480,0.433691,512x512,512,384,262144,85307,0.32542038,32.542,ok,
001047,3024,2016,0.050261,512x512,512,341,262144,8797,0.03355789,3.3558,ok,
001048,1024,768,0.105924,512x512,512,384,262144,20822,0.07942963,7.943,ok,
001049,4288,2848,0.005851,512x512,512,340,262144,1019,0.00388718,0.3887,ok,
001050,1024,768,0.334913,512x512,512,384,262144,65844,0.25117493,25.1175,ok,
001051,1024,768,0.199805,512x512,512,384,262144,39512,0.15072632,15.0726,ok,
001052,919,802,0.183414,512x512,512,447,262144,41959,0.16006088,16.0061,ok,
001053,4288,2848,0.186247,512x512,512,340,262144,32437,0.12373734,12.3737,ok,
001054,1024,768,0.550971,512x512,512,384,262144,108373,0.41341019,41.341,ok,
001055,4288,2848,0.082747,512x512,512,340,262144,14409,0.05496597,5.4966,ok,
001056,6641,4420,0.187802,512x512,512,341,262144,32768,0.125,12.5,ok,
001057,4288,2848,0.011339,512x512,512,340,262144,1975,0.00753403,0.7534,ok,
001058,1024,768,0.034487,512x512,512,384,262144,6790,0.02590179,2.5902,ok,
001059,4288,2848,0.035411,512x512,512,340,262144,6162,0.02350616,2.3506,ok,
001060,3008,2000,0.023874,512x512,512,340,262144,4151,0.01583481,1.5835,ok,
001061,3072,2304,0.125823,512x512,512,384,262144,24751,0.09441757,9.4418,ok,
001062,6642,4422,0.652271,512x512,512,341,262144,113866,0.43436432,43.4364,ok,
001063,1504,1129,0.253983,512x512,512,384,262144,49917,0.19041824,19.0418,ok,
001064,4288,2848,0.028025,512x512,512,340,262144,4886,0.01863861,1.8639,ok,
001065,4288,2848,0.157489,512x512,512,340,262144,27396,0.10450745,10.4507,ok,
001066,2592,1936,0.046432,512x512,512,382,262144,9132,0.03483582,3.4836,ok,
001067,1024,768,0.56798,512x512,512,384,262144,111666,0.42597198,42.5972,ok,
001068,4288,2848,0.432977,512x512,512,340,262144,75365,0.28749466,28.7495,ok,
001069,3008,2000,0.073687,512x512,512,340,262144,12826,0.04892731,4.8927,ok,
001070,3008,2000,0.0283,512x512,512,340,262144,4930,0.01880646,1.8806,ok,
001071,4288,2848,0.064619,512x512,512,340,262144,11248,0.04290771,4.2908,ok,
001072,3008,2000,0.169218,512x512,512,340,262144,29450,0.11234283,11.2343,ok,
001073,2048,1536,0.258806,512x512,512,384,262144,50775,0.19369125,19.3691,ok,
001074,6728,4459,0.156515,512x512,512,339,262144,27144,0.10354614,10.3546,ok,
001075,1456,1018,0.506435,512x512,512,358,262144,92820,0.3540802,35.408,ok,
001076,2048,1536,0.089868,512x512,512,384,262144,17667,0.06739426,6.7394,ok,
001077,3872,2592,0.099084,512x512,512,343,262144,17408,0.06640625,6.6406,ok,
001078,3008,2000,0.050865,512x512,512,340,262144,8860,0.03379822,3.3798,ok,
001079,3024,2016,0.063113,512x512,512,341,262144,11013,0.04201126,4.2011,ok,
001080,3872,2592,0.069115,512x512,512,343,262144,12148,0.04634094,4.6341,ok,
001081,3072,2304,0.020114,512x512,512,384,262144,3956,0.01509094,1.5091,ok,
001082,4288,2848,0.120428,512x512,512,340,262144,20956,0.0799408,7.9941,ok,
001083,3008,2000,0.030707,512x512,512,340,262144,5350,0.02040863,2.0409,ok,
001084,4288,2848,0.038746,512x512,512,340,262144,6738,0.02570343,2.5703,ok,
001085,4288,2848,0.053319,512x512,512,340,262144,9276,0.03538513,3.5385,ok,
001086,2592,1936,0.328003,512x512,512,382,262144,64172,0.24479675,24.4797,ok,
001087,6668,4459,0.180886,512x512,512,342,262144,31694,0.12090302,12.0903,ok,
001088,3872,2592,0.374404,512x512,512,343,262144,65760,0.25085449,25.0854,ok,
001089,640,480,0.348324,512x512,512,384,262144,68482,0.2612381,26.1238,ok,
001090,1024,768,0.101739,512x512,512,384,262144,19957,0.07612991,7.613,ok,
001091,640,480,0.223626,512x512,512,384,262144,44004,0.16786194,16.7862,ok,
001092,4288,2848,0.008891,512x512,512,340,262144,1551,0.0059166,0.5917,ok,
001093,1936,1296,0.607837,512x512,512,343,262144,106772,0.40730286,40.7303,ok,
001094,3072,2304,0.450555,512x512,512,384,262144,88584,0.33792114,33.7921,ok,
001095,2048,1536,0.833267,512x512,512,384,262144,163550,0.62389374,62.3894,ok,
001096,4288,2848,0.049847,512x512,512,340,262144,8677,0.03310013,3.31,ok,
001097,3072,2304,0.153068,512x512,512,384,262144,30104,0.11483765,11.4838,ok,
001098,3024,2016,0.057439,512x512,512,341,262144,10023,0.03823471,3.8235,ok,
001099,6648,4419,0.353793,512x512,512,340,262144,61577,0.23489761,23.4898,ok,
001100,3008,2000,0.040731,512x512,512,340,262144,7100,0.02708435,2.7084,ok,
001101,4288,2848,0.033582,512x512,512,340,262144,5838,0.0222702,2.227,ok,
001102,6708,4439,0.174855,512x512,512,339,262144,30356,0.11579895,11.5799,ok,
001103,3072,2304,0.436076,512x512,512,384,262144,85750,0.32711029,32.711,ok,
001104,4288,2848,0.112717,512x512,512,340,262144,19624,0.07485962,7.486,ok,
001105,1024,768,0.910943,512x512,512,384,262144,179178,0.68350983,68.351,ok,
001106,2592,1944,0.468452,512x512,512,384,262144,92084,0.35127258,35.1273,ok,
001107,4288,2848,0.205615,512x512,512,340,262144,35792,0.13653564,13.6536,ok,
001108,1024,768,0.147355,512x512,512,384,262144,28974,0.11052704,11.0527,ok,
001109,2304,1536,0.098999,512x512,512,341,262144,17280,0.06591797,6.5918,ok,
001110,4288,2848,0.064862,512x512,512,340,262144,11291,0.04307175,4.3072,ok,
001111,3072,2304,0.688438,512x512,512,384,262144,135450,0.51670074,51.6701,ok,
001112,6668,4419,0.051363,512x512,512,339,262144,8891,0.03391647,3.3916,ok,
001113,2592,1944,0.054127,512x512,512,384,262144,10652,0.04063416,4.0634,ok,
001114,3872,2592,0.009226,512x512,512,343,262144,1624,0.00619507,0.6195,ok,
001115,1024,768,0.052737,512x512,512,384,262144,10353,0.03949356,3.9494,ok,
001116,3872,2592,0.744231,512x512,512,343,262144,130686,0.49852753,49.8528,ok,
001117,640,480,0.15362,512x512,512,384,262144,30227,0.11530685,11.5307,ok,
001118,4288,2848,0.016606,512x512,512,340,262144,2893,0.01103592,1.1036,ok,
001119,3024,2016,0.056906,512x512,512,341,262144,9933,0.03789139,3.7891,ok,
001120,6602,4361,0.382321,512x512,512,338,262144,66260,0.25276184,25.2762,ok,
001121,6661,4421,0.1958,512x512,512,340,262144,34080,0.13000488,13.0005,ok,
001122,4288,2848,0.102094,512x512,512,340,262144,17778,0.06781769,6.7818,ok,
001123,640,480,0.256654,512x512,512,384,262144,50413,0.19231033,19.231,ok,
001124,1024,768,0.130529,512x512,512,384,262144,25663,0.09789658,9.7897,ok,
001125,6688,4459,0.500862,512x512,512,341,262144,87417,0.33346939,33.3469,ok,
001126,4288,2848,0.023083,512x512,512,340,262144,4036,0.01539612,1.5396,ok,
001127,3008,2000,0.017526,512x512,512,340,262144,3045,0.01161575,1.1616,ok,
001128,3024,2016,0.08589,512x512,512,341,262144,14997,0.05720901,5.7209,ok,
001129,1024,768,0.021952,512x512,512,384,262144,4322,0.01648712,1.6487,ok,
001130,3072,2304,0.54058,512x512,512,384,262144,106445,0.40605545,40.6055,ok,
001131,3024,2016,0.074578,512x512,512,341,262144,13019,0.04966354,4.9664,ok,
001132,3008,2000,0.020823,512x512,512,340,262144,3625,0.01382828,1.3828,ok,
001133,6621,4422,0.371334,512x512,512,342,262144,65000,0.24795532,24.7955,ok,
001134,6648,4439,0.478768,512x512,512,342,262144,83846,0.31984711,31.9847,ok,
001135,4288,2848,0.026879,512x512,512,340,262144,4668,0.01780701,1.7807,ok,
001136,6708,4439,0.067685,512x512,512,339,262144,11740,0.04478455,4.4785,ok,
001137,1024,768,0.27566,512x512,512,384,262144,54198,0.20674896,20.6749,ok,
001138,1024,768,0.541827,512x512,512,384,262144,106531,0.40638351,40.6384,ok,
001139,640,480,0.40096,512x512,512,384,262144,78893,0.30095291,30.0953,ok,
001140,640,480,0.25584,512x512,512,384,262144,50345,0.19205093,19.2051,ok,
001141,6648,4439,0.276751,512x512,512,342,262144,48484,0.18495178,18.4952,ok,
001142,640,480,0.346836,512x512,512,384,262144,68239,0.26031113,26.0311,ok,
001143,3008,2000,0.026745,512x512,512,340,262144,4668,0.01780701,1.7807,ok,
001144,640,480,0.387419,512x512,512,384,262144,76171,0.29056931,29.0569,ok,
001145,3072,2304,0.403198,512x512,512,384,262144,79274,0.30240631,30.2406,ok,
001146,3072,2304,0.047334,512x512,512,384,262144,9308,0.0355072,3.5507,ok,
001147,6602,4401,0.241565,512x512,512,341,262144,42136,0.16073608,16.0736,ok,
001148,640,480,0.636875,512x512,512,384,262144,125276,0.47789001,47.789,ok,
001149,6600,4401,0.042552,512x512,512,341,262144,7440,0.02838135,2.8381,ok,
001150,1024,768,0.13074,512x512,512,384,262144,25686,0.09798431,9.7984,ok,
001151,1024,768,0.130892,512x512,512,384,262144,25717,0.09810257,9.8103,ok,
001152,4288,2848,0.01503,512x512,512,340,262144,2619,0.00999069,0.9991,ok,
001153,3072,2304,0.053132,512x512,512,384,262144,10448,0.03985596,3.9856,ok,
001154,1024,768,0.15104,512x512,512,384,262144,29693,0.11326981,11.327,ok,
001155,767,576,0.082068,512x512,512,385,262144,16159,0.06164169,6.1642,ok,
001156,3008,2000,0.055873,512x512,512,340,262144,9728,0.03710938,3.7109,ok,
001157,4288,2848,0.047895,512x512,512,340,262144,8334,0.03179169,3.1792,ok,
001158,640,480,0.132627,512x512,512,384,262144,26084,0.09950256,9.9503,ok,
001159,4288,2848,0.031371,512x512,512,340,262144,5460,0.02082825,2.0828,ok,
001160,919,802,0.241529,512x512,512,447,262144,55267,0.21082687,21.0827,ok,
001161,1024,768,0.313024,512x512,512,384,262144,61538,0.23474884,23.4749,ok,
001162,6622,4441,0.083255,512x512,512,343,262144,14632,0.05581665,5.5817,ok,
001163,3024,2016,0.054645,512x512,512,341,262144,9524,0.03633118,3.6331,ok,
001164,640,480,0.325843,512x512,512,384,262144,64134,0.24465179,24.4652,ok,
001165,3072,2304,0.201381,512x512,512,384,262144,39596,0.15104675,15.1047,ok,
001166,3008,2000,0.029774,512x512,512,340,262144,5178,0.0197525,1.9753,ok,
001167,640,480,0.15819,512x512,512,384,262144,31153,0.11883926,11.8839,ok,
001168,1024,768,0.071593,512x512,512,384,262144,14073,0.05368423,5.3684,ok,
001169,6642,4440,0.266711,512x512,512,342,262144,46728,0.17825317,17.8253,ok,
001170,2592,1936,0.036066,512x512,512,382,262144,7055,0.02691269,2.6913,ok,
001171,3024,2016,0.047324,512x512,512,341,262144,8255,0.03149033,3.149,ok,
001172,6681,4422,0.275737,512x512,512,339,262144,47861,0.18257523,18.2575,ok,
001173,6708,4439,0.474676,512x512,512,339,262144,82404,0.31434631,31.4346,ok,
001174,6648,4479,0.088006,512x512,512,345,262144,15550,0.05931854,5.9319,ok,
001175,3008,2000,0.012634,512x512,512,340,262144,2204,0.00840759,0.8408,ok,
001176,1024,768,0.163775,512x512,512,384,262144,32215,0.12289047,12.289,ok,
001177,1024,768,0.316616,512x512,512,384,262144,62248,0.23745728,23.7457,ok,
001178,1024,768,0.421939,512x512,512,384,262144,82963,0.31647873,31.6479,ok,
001179,1504,1129,0.522446,512x512,512,384,262144,102681,0.39169693,39.1697,ok,
001180,1024,768,0.285756,512x512,512,384,262144,56163,0.21424484,21.4245,ok,
001181,4288,2848,0.0266,512x512,512,340,262144,4631,0.01766586,1.7666,ok,
001182,1024,768,0.637742,512x512,512,384,262144,125393,0.47833633,47.8336,ok,
001183,1751,1524,0.174837,512x512,512,446,262144,39899,0.15220261,15.2203,ok,
001184,3072,2304,0.094244,512x512,512,384,262144,18531,0.07069016,7.069,ok,
001185,640,480,0.143385,512x512,512,384,262144,28231,0.10769272,10.7693,ok,
001186,3072,2304,0.506808,512x512,512,384,262144,99612,0.37998962,37.999,ok,
001187,1024,768,0.195763,512x512,512,384,262144,38486,0.14681244,14.6812,ok,
001188,4288,2848,0.049512,512x512,512,340,262144,8625,0.03290176,3.2902,ok,
001189,1024,768,0.635637,512x512,512,384,262144,124998,0.47682953,47.683,ok,
001190,4288,2848,0.185774,512x512,512,340,262144,32328,0.12332153,12.3322,ok,
001191,4288,2848,0.040429,512x512,512,340,262144,7048,0.02688599,2.6886,ok,
001192,3872,2592,0.021155,512x512,512,343,262144,3724,0.01420593,1.4206,ok,
001193,640,480,0.322402,512x512,512,384,262144,63409,0.24188614,24.1886,ok,
001194,3872,2592,0.105874,512x512,512,343,262144,18594,0.07093048,7.093,ok,
001195,767,576,0.424809,512x512,512,385,262144,83786,0.31961823,31.9618,ok,
001196,640,480,0.0811,512x512,512,384,262144,15953,0.06085587,6.0856,ok,
001197,640,480,0.348066,512x512,512,384,262144,68504,0.26132202,26.1322,ok,
001198,1024,768,0.01944,512x512,512,384,262144,3821,0.01457596,1.4576,ok,
001199,640,480,0.667839,512x512,512,384,262144,131411,0.50129318,50.1293,ok,
001200,6642,4422,0.740845,512x512,512,341,262144,129345,0.49341202,49.3412,ok,
001201,640,480,0.126608,512x512,512,384,262144,24941,0.09514236,9.5142,ok,
001202,640,480,0.347832,512x512,512,384,262144,68457,0.26114273,26.1143,ok,
001203,2048,1536,0.137897,512x512,512,384,262144,27109,0.10341263,10.3413,ok,
001204,4288,2848,0.038117,512x512,512,340,262144,6616,0.02523804,2.5238,ok,
001205,640,480,0.064056,512x512,512,384,262144,12615,0.04812241,4.8122,ok,
001206,1024,768,0.129977,512x512,512,384,262144,25557,0.09749222,9.7492,ok,
001207,919,802,0.212043,512x512,512,447,262144,48532,0.18513489,18.5135,ok,
001208,767,576,0.324216,512x512,512,385,262144,63931,0.24387741,24.3877,ok,
001209,1024,768,0.112483,512x512,512,384,262144,22100,0.08430481,8.4305,ok,
001210,3008,2000,0.009583,512x512,512,340,262144,1676,0.00639343,0.6393,ok,
001211,4288,2848,0.051874,512x512,512,340,262144,9016,0.03439331,3.4393,ok,
001212,3872,2592,0.025662,512x512,512,343,262144,4517,0.01723099,1.7231,ok,
001213,1024,768,0.3179,512x512,512,384,262144,62506,0.23844147,23.8441,ok,
001214,640,480,0.196074,512x512,512,384,262144,38566,0.14711761,14.7118,ok,
001215,640,480,0.217083,512x512,512,384,262144,42671,0.16277695,16.2777,ok,
001216,1024,768,0.307012,512x512,512,384,262144,60358,0.2302475,23.0247,ok,
001217,6688,4439,0.751513,512x512,512,340,262144,130788,0.49891663,49.8917,ok,
001218,3872,2592,0.218958,512x512,512,343,262144,38443,0.14664841,14.6648,ok,
001219,3008,2000,0.026514,512x512,512,340,262144,4611,0.01758957,1.759,ok,
001220,1024,768,0.431236,512x512,512,384,262144,84781,0.32341385,32.3414,ok,
001221,3008,2000,0.037229,512x512,512,340,262144,6504,0.02481079,2.4811,ok,
001222,3008,2000,0.018034,512x512,512,340,262144,3134,0.01195526,1.1955,ok,
001223,3024,2016,0.087062,512x512,512,341,262144,15195,0.05796432,5.7964,ok,
001224,2304,3072,0.306997,512x512,384,512,262144,60345,0.23019791,23.0198,ok,
001225,3008,2000,0.070487,512x512,512,340,262144,12269,0.04680252,4.6803,ok,
001226,6708,4439,0.054572,512x512,512,339,262144,9476,0.03614807,3.6148,ok,
001227,4288,2848,0.036465,512x512,512,340,262144,6332,0.02415466,2.4155,ok,
001228,3072,2304,0.056838,512x512,512,384,262144,11162,0.04257965,4.258,ok,
001229,2048,1536,0.216428,512x512,512,384,262144,42554,0.16233063,16.2331,ok,
001230,2592,3872,0.288105,512x512,343,512,262144,50625,0.19311905,19.3119,ok,
001231,2272,1704,0.389888,512x512,512,384,262144,76649,0.29239273,29.2393,ok,
001232,3872,2592,0.038879,512x512,512,343,262144,6856,0.02615356,2.6154,ok,
001233,1024,768,0.378396,512x512,512,384,262144,74368,0.28369141,28.3691,ok,
001234,1024,768,0.257333,512x512,512,384,262144,50596,0.19300842,19.3008,ok,
001235,6608,4399,0.229339,512x512,512,341,262144,40044,0.15275574,15.2756,ok,
001236,3072,2304,0.127662,512x512,512,384,262144,25095,0.09572983,9.573,ok,
001237,2592,1936,0.035233,512x512,512,382,262144,6889,0.02627945,2.6279,ok,
001238,1024,768,0.288074,512x512,512,384,262144,56953,0.21725845,21.7258,ok,
001239,1504,1129,0.321507,512x512,512,384,262144,63226,0.24118805,24.1188,ok,
001240,640,480,0.26848,512x512,512,384,262144,52803,0.20142746,20.1427,ok,
001241,3072,2304,0.373562,512x512,512,384,262144,73474,0.28028107,28.0281,ok,
001242,2592,1936,0.023525,512x512,512,382,262144,4627,0.0176506,1.7651,ok,
001243,640,480,0.325059,512x512,512,384,262144,63941,0.24391556,24.3916,ok,
001244,1024,768,0.156545,512x512,512,384,262144,30785,0.11743546,11.7435,ok,
001245,6688,4459,0.464756,512x512,512,341,262144,81110,0.3094101,30.941,ok,
001246,3008,2000,0.111957,512x512,512,340,262144,19489,0.07434464,7.4345,ok,
001247,2048,1536,0.355348,512x512,512,384,262144,69745,0.26605606,26.6056,ok,
001248,6668,4459,0.217884,512x512,512,342,262144,38152,0.14553833,14.5538,ok,
001249,3008,2000,0.018256,512x512,512,340,262144,3172,0.01210022,1.21,ok,
001250,824,719,0.393162,512x512,512,447,262144,90021,0.34340286,34.3403,ok,
001251,3872,2592,0.048714,512x512,512,343,262144,8565,0.03267288,3.2673,ok,
001252,4288,2848,0.139346,512x512,512,340,262144,24240,0.09246826,9.2468,ok,
001253,1024,768,0.619684,512x512,512,384,262144,121886,0.46495819,46.4958,ok,
001254,1024,768,0.202435,512x512,512,384,262144,39834,0.15195465,15.1955,ok,
001255,3008,2000,0.040393,512x512,512,340,262144,7024,0.02679443,2.6794,ok,
001256,3072,2304,0.343346,512x512,512,384,262144,67508,0.25752258,25.7523,ok,
001257,6642,4421,0.11863,512x512,512,341,262144,20722,0.07904816,7.9048,ok,
001258,4288,2848,0.054211,512x512,512,340,262144,9422,0.03594208,3.5942,ok,
001259,1024,768,0.116189,512x512,512,384,262144,22833,0.08710098,8.7101,ok,
001260,6688,4439,0.19616,512x512,512,340,262144,34150,0.13027191,13.0272,ok,
001261,3072,2304,0.203861,512x512,512,384,262144,40084,0.15290833,15.2908,ok,
001262,640,480,0.847376,512x512,512,384,262144,166632,0.63565063,63.5651,ok,
001263,3072,2304,0.303703,512x512,512,384,262144,59719,0.22780991,22.781,ok,
001264,919,802,0.194081,512x512,512,447,262144,44420,0.16944885,16.9449,ok,
001265,3008,2000,0.101767,512x512,512,340,262144,17736,0.06765747,6.7657,ok,
001266,3008,2000,0.028115,512x512,512,340,262144,4882,0.01862335,1.8623,ok,
001267,640,480,0.084873,512x512,512,384,262144,16676,0.06361389,6.3614,ok,
001268,3872,2592,0.024714,512x512,512,343,262144,4328,0.01651001,1.651,ok,
001269,3024,2016,0.035608,512x512,512,341,262144,6209,0.02368546,2.3685,ok,
001270,1024,768,0.353639,512x512,512,384,262144,69533,0.26524734,26.5247,ok,
001271,3872,2592,0.135904,512x512,512,343,262144,23886,0.09111786,9.1118,ok,
001272,1024,768,0.881653,512x512,512,384,262144,173430,0.66158295,66.1583,ok,
001273,6688,4439,0.71782,512x512,512,340,262144,124895,0.47643661,47.6437,ok,
001274,2816,2112,0.180682,512x512,512,384,262144,35510,0.1354599,13.546,ok,
001275,962,674,0.373495,512x512,512,359,262144,68657,0.26190567,26.1906,ok,
001276,767,576,0.137141,512x512,512,385,262144,26997,0.10298538,10.2985,ok,
001277,4288,2848,0.033954,512x512,512,340,262144,5908,0.02253723,2.2537,ok,
001278,3008,2000,0.055613,512x512,512,340,262144,9656,0.03683472,3.6835,ok,
001279,3024,2016,0.052005,512x512,512,341,262144,9084,0.03465271,3.4653,ok,
001280,1024,768,0.428235,512x512,512,384,262144,84235,0.32133102,32.1331,ok,
001281,1024,768,0.429476,512x512,512,384,262144,84451,0.322155,32.2155,ok,
001282,4288,2848,0.124342,512x512,512,340,262144,21642,0.08255768,8.2558,ok,
001283,3008,2000,0.033498,512x512,512,340,262144,5832,0.02224731,2.2247,ok,
001284,1024,768,0.172766,512x512,512,384,262144,33957,0.12953568,12.9536,ok,
001285,640,480,0.105667,512x512,512,384,262144,20792,0.07931519,7.9315,ok,
001286,1024,768,0.333824,512x512,512,384,262144,65635,0.25037766,25.0378,ok,
001287,6681,4441,0.279609,512x512,512,340,262144,48674,0.18567657,18.5677,ok,
001288,1024,768,0.366007,512x512,512,384,262144,71948,0.27445984,27.446,ok,
001289,2592,1944,0.072994,512x512,512,384,262144,14360,0.05477905,5.4779,ok,
001290,1024,768,0.377731,512x512,512,384,262144,74259,0.2832756,28.3276,ok,
001291,2048,1536,0.101357,512x512,512,384,262144,19928,0.07601929,7.6019,ok,
001292,4288,2848,0.061177,512x512,512,340,262144,10669,0.04069901,4.0699,ok,
001293,4288,2848,0.034805,512x512,512,340,262144,6072,0.02316284,2.3163,ok,
001294,4288,2848,0.258833,512x512,512,340,262144,45045,0.17183304,17.1833,ok,
001295,6601,4380,0.261039,512x512,512,340,262144,45452,0.17338562,17.3386,ok,
001296,640,480,0.454502,512x512,512,384,262144,89400,0.34103394,34.1034,ok,
001297,3072,2304,0.530752,512x512,512,384,262144,104264,0.3977356,39.7736,ok,
001298,1024,768,0.351659,512x512,512,384,262144,69101,0.2635994,26.3599,ok,
001299,4288,2848,0.023925,512x512,512,340,262144,4172,0.01591492,1.5915,ok,
001300,6708,4459,0.463719,512x512,512,340,262144,80742,0.30800629,30.8006,ok,
001301,6601,4401,0.300107,512x512,512,341,262144,52399,0.19988632,19.9886,ok,
001302,3072,2304,0.102077,512x512,512,384,262144,20071,0.07656479,7.6565,ok,
001303,959,638,0.34547,512x512,512,341,262144,60318,0.23009491,23.0095,ok,
001304,1024,768,0.272995,512x512,512,384,262144,53676,0.20475769,20.4758,ok,
001305,4288,2848,0.029843,512x512,512,340,262144,5195,0.01981735,1.9817,ok,
001306,6681,4401,0.259389,512x512,512,337,262144,44728,0.17062378,17.0624,ok,
001307,3024,2016,0.059826,512x512,512,341,262144,10453,0.03987503,3.9875,ok,
001308,1024,768,0.333898,512x512,512,384,262144,65654,0.25045013,25.045,ok,
001309,4288,2848,0.100253,512x512,512,340,262144,17427,0.06647873,6.6479,ok,
001310,3024,2016,0.128937,512x512,512,341,262144,22504,0.08584595,8.5846,ok,
001311,6715,4457,0.116135,512x512,512,340,262144,20204,0.07707214,7.7072,ok,
001312,2048,1536,0.181252,512x512,512,384,262144,35636,0.13594055,13.5941,ok,
001313,1024,768,0.030497,512x512,512,384,262144,5988,0.02284241,2.2842,ok,
001314,2592,1936,0.163863,512x512,512,382,262144,32063,0.12231064,12.2311,ok,
001315,3008,2000,0.015743,512x512,512,340,262144,2742,0.0104599,1.046,ok,
001316,4288,2848,0.196067,512x512,512,340,262144,34123,0.13016891,13.0169,ok,
001317,3072,2304,0.194547,512x512,512,384,262144,38252,0.1459198,14.592,ok,
001318,3008,2000,0.031203,512x512,512,340,262144,5440,0.02075195,2.0752,ok,
001319,1008,711,0.134855,512x512,512,361,262144,24898,0.09497833,9.4978,ok,
001320,3072,2304,0.163722,512x512,512,384,262144,32192,0.12280273,12.2803,ok,
001321,3008,2000,0.017713,512x512,512,340,262144,3077,0.01173782,1.1738,ok,
001322,3008,2000,0.032358,512x512,512,340,262144,5636,0.02149963,2.15,ok,
001323,4288,2848,0.007337,512x512,512,340,262144,1281,0.00488663,0.4887,ok,
001324,3008,2000,0.0467,512x512,512,340,262144,8132,0.03102112,3.1021,ok,
001325,1504,1129,0.082126,512x512,512,384,262144,16146,0.0615921,6.1592,ok,
001326,3008,2000,0.113228,512x512,512,340,262144,19720,0.07522583,7.5226,ok,
001327,3072,2304,0.027497,512x512,512,384,262144,5425,0.02069473,2.0695,ok,
001328,1024,768,0.036453,512x512,512,384,262144,7167,0.02733994,2.734,ok,
001329,3072,2304,0.493303,512x512,512,384,262144,96992,0.36999512,36.9995,ok,
001330,3008,2000,0.047738,512x512,512,340,262144,8320,0.03173828,3.1738,ok,
001331,2592,1936,0.034123,512x512,512,382,262144,6712,0.02560425,2.5604,ok,
001332,6641,4421,0.609536,512x512,512,341,262144,106418,0.40595245,40.5952,ok,
001333,3008,2000,0.051971,512x512,512,340,262144,9055,0.03454208,3.4542,ok,
001334,3008,2000,0.078521,512x512,512,340,262144,13648,0.05206299,5.2063,ok,
001335,2313,1985,0.172967,512x512,512,439,262144,38853,0.14821243,14.8212,ok,
001336,4288,2848,0.129099,512x512,512,340,262144,22452,0.08564758,8.5648,ok,
001337,3072,2304,0.260756,512x512,512,384,262144,51275,0.1955986,19.5599,ok,
001338,640,480,0.723652,512x512,512,384,262144,142322,0.54291534,54.2915,ok,
001339,1936,2592,0.499303,512x512,382,512,262144,97691,0.37266159,37.2662,ok,
001340,3008,2000,0.320672,512x512,512,340,262144,55822,0.21294403,21.2944,ok,
001341,640,480,0.36236,512x512,512,384,262144,71279,0.27190781,27.1908,ok,
001342,6648,4399,0.682384,512x512,512,339,262144,118412,0.45170593,45.1706,ok,
001343,640,480,0.154414,512x512,512,384,262144,30375,0.11587143,11.5871,ok,
001344,4288,2848,0.039998,512x512,512,340,262144,6948,0.02650452,2.6505,ok,
001345,1024,768,0.322793,512x512,512,384,262144,63510,0.24227142,24.2271,ok,
001346,3008,2000,0.050227,512x512,512,340,262144,8728,0.03329468,3.3295,ok,
001347,919,802,0.136803,512x512,512,447,262144,31312,0.1194458,11.9446,ok,
001348,3024,2016,0.134273,512x512,512,341,262144,23444,0.08943176,8.9432,ok,
001349,3008,2000,0.553068,512x512,512,340,262144,96271,0.36724472,36.7245,ok,
001350,4288,2848,0.900171,512x512,512,340,262144,156764,0.5980072,59.8007,ok,
001351,1024,768,0.833584,512x512,512,384,262144,163870,0.62511444,62.5114,ok,
001352,1024,768,0.130249,512x512,512,384,262144,25606,0.09767914,9.7679,ok,
001353,3072,2304,0.153314,512x512,512,384,262144,30116,0.11488342,11.4883,ok,
001354,1024,768,0.103442,512x512,512,384,262144,20353,0.07764053,7.7641,ok,
001355,6648,4459,0.784495,512x512,512,343,262144,137791,0.52563095,52.5631,ok,
001356,3072,2304,0.537592,512x512,512,384,262144,105699,0.40320969,40.321,ok,
001357,4288,2848,0.031693,512x512,512,340,262144,5513,0.02103043,2.103,ok,
001358,4288,2848,0.32612,512x512,512,340,262144,56770,0.21656036,21.656,ok,
001359,640,480,0.540915,512x512,512,384,262144,106369,0.40576553,40.5766,ok,
001360,3872,2592,0.024335,512x512,512,343,262144,4274,0.01630402,1.6304,ok,
001361,3072,2304,0.276836,512x512,512,384,262144,54418,0.2075882,20.7588,ok,
001362,3072,2304,0.18411,512x512,512,384,262144,36200,0.13809204,13.8092,ok,
001363,6682,4441,0.301606,512x512,512,340,262144,52493,0.2002449,20.0245,ok,
001364,640,480,0.253786,512x512,512,384,262144,49915,0.19041061,19.0411,ok,
001365,3072,2304,0.379172,512x512,512,384,262144,74576,0.28448486,28.4485,ok,
001366,3008,2000,0.03677,512x512,512,340,262144,6398,0.02440643,2.4406,ok,
001367,4288,2848,0.157429,512x512,512,340,262144,27403,0.10453415,10.4534,ok,
001368,4288,2848,0.071589,512x512,512,340,262144,12472,0.0475769,4.7577,ok,
001369,2059,1732,0.226638,512x512,512,431,262144,49996,0.1907196,19.072,ok,
001370,1024,768,0.255035,512x512,512,384,262144,50149,0.19130325,19.1303,ok,
001371,1024,768,0.135171,512x512,512,384,262144,26579,0.10139084,10.1391,ok,
001372,6641,4440,0.546547,512x512,512,342,262144,95728,0.36517334,36.5173,ok,
001373,4288,2848,0.154308,512x512,512,340,262144,26876,0.1025238,10.2524,ok,
001374,640,480,0.112503,512x512,512,384,262144,22136,0.08444214,8.4442,ok,
001375,3872,2592,0.034047,512x512,512,343,262144,5972,0.02278137,2.2781,ok,
001376,1024,768,0.261893,512x512,512,384,262144,51471,0.19634628,19.6346,ok,
001377,1024,768,0.784588,512x512,512,384,262144,154323,0.58869553,58.8696,ok,
001378,3872,2592,0.012691,512x512,512,343,262144,2208,0.00842285,0.8423,ok,
001379,4288,2848,0.066562,512x512,512,340,262144,11588,0.04420471,4.4205,ok,
001380,1024,768,0.256449,512x512,512,384,262144,50415,0.19231796,19.2318,ok,
001381,1453,1241,0.535749,512x512,512,437,262144,119871,0.45727158,45.7272,ok,
001382,3072,2304,0.11205,512x512,512,384,262144,22035,0.08405685,8.4057,ok,
001383,4288,2848,0.049628,512x512,512,340,262144,8644,0.03297424,3.2974,ok,
001384,6622,4441,0.112228,512x512,512,343,262144,19707,0.07517624,7.5176,ok,
001385,2592,1936,0.099005,512x512,512,382,262144,19376,0.07391357,7.3914,ok,
001386,640,480,0.14459,512x512,512,384,262144,28463,0.10857773,10.8578,ok,
001387,1502,1051,0.302081,512x512,512,358,262144,55392,0.21130371,21.1304,ok,
001388,3008,2000,0.073155,512x512,512,340,262144,12724,0.04853821,4.8538,ok,
001389,767,576,0.138941,512x512,512,385,262144,27322,0.10422516,10.4225,ok,
001390,1024,768,0.162318,512x512,512,384,262144,31901,0.12169266,12.1693,ok,
001391,6688,4439,0.729937,512x512,512,340,262144,127061,0.48469925,48.4699,ok,
001392,640,480,0.174759,512x512,512,384,262144,34388,0.13117981,13.118,ok,
001393,6621,4402,0.150832,512x512,512,340,262144,26257,0.10016251,10.0163,ok,
001394,3872,2592,0.054851,512x512,512,343,262144,9628,0.03672791,3.6728,ok,
001395,1024,768,0.167066,512x512,512,384,262144,32838,0.12526703,12.5267,ok,
001396,3072,2304,0.405415,512x512,512,384,262144,79718,0.30410004,30.41,ok,
001397,4288,2848,0.074975,512x512,512,340,262144,13052,0.04978943,4.9789,ok,
001398,4288,2848,0.025814,512x512,512,340,262144,4501,0.01716995,1.717,ok,
001399,4288,2848,0.35286,512x512,512,340,262144,61416,0.23428345,23.4283,ok,
001400,6608,4419,0.496228,512x512,512,342,262144,86921,0.3315773,33.1577,ok,
001401,6648,4439,0.031008,512x512,512,342,262144,5443,0.0207634,2.0763,ok,
001402,4288,2848,0.152487,512x512,512,340,262144,26532,0.10121155,10.1212,ok,
001403,3072,2304,0.369529,512x512,512,384,262144,72656,0.27716064,27.7161,ok,
001404,1024,768,0.924002,512x512,512,384,262144,181552,0.69256592,69.2566,ok,
001405,2265,1965,0.119159,512x512,512,444,262144,27067,0.10325241,10.3252,ok,
001406,4288,2848,0.036271,512x512,512,340,262144,6316,0.02409363,2.4094,ok,
001407,3072,2304,0.091156,512x512,512,384,262144,17924,0.06837463,6.8375,ok,
001408,4288,2848,0.085884,512x512,512,340,262144,14921,0.0569191,5.6919,ok,
001409,3024,2016,0.027206,512x512,512,341,262144,4756,0.0181427,1.8143,ok,
001410,1024,768,0.882915,512x512,512,384,262144,173620,0.66230774,66.2308,ok,
001411,6642,4420,0.203209,512x512,512,341,262144,35481,0.13534927,13.5349,ok,
001412,2048,1536,0.370328,512x512,512,384,262144,72807,0.27773666,27.7737,ok,
001413,4288,2848,0.008587,512x512,512,340,262144,1489,0.00568008,0.568,ok,
001414,3008,2000,0.012163,512x512,512,340,262144,2136,0.00814819,0.8148,ok,
001415,1024,768,0.240053,512x512,512,384,262144,47209,0.18008804,18.0088,ok,
001416,3072,2304,0.030245,512x512,512,384,262144,5948,0.02268982,2.269,ok,
001417,962,670,0.260586,512x512,512,357,262144,47637,0.18172073,18.1721,ok,
001418,3072,2304,0.032748,512x512,512,384,262144,6440,0.02456665,2.4567,ok,
001419,4288,2848,0.306684,512x512,512,340,262144,53390,0.20366669,20.3667,ok,
001420,3872,2592,0.999992,512x512,512,343,262144,175614,0.66991425,66.9914,review,almost_full_mask
001421,4288,2848,0.34974,512x512,512,340,262144,60884,0.23225403,23.2254,ok,
001422,767,576,0.295605,512x512,512,385,262144,58278,0.22231293,22.2313,ok,
001423,1024,768,0.143014,512x512,512,384,262144,28120,0.10726929,10.7269,ok,
001424,3072,2304,0.293724,512x512,512,384,262144,57752,0.2203064,22.0306,ok,
001425,3008,2000,0.069844,512x512,512,340,262144,12157,0.04637527,4.6375,ok,
001426,3872,2592,0.122695,512x512,512,343,262144,21548,0.0821991,8.2199,ok,
001427,3024,2016,0.187283,512x512,512,341,262144,32697,0.12472916,12.4729,ok,
001428,3008,2000,0.028776,512x512,512,340,262144,4984,0.01901245,1.9012,ok,
001429,796,682,0.063194,512x512,512,439,262144,14217,0.05423355,5.4234,ok,
001430,3872,2592,0.03705,512x512,512,343,262144,6493,0.02476883,2.4769,ok,
001431,3024,2016,0.084792,512x512,512,341,262144,14796,0.05644226,5.6442,ok,
001432,6648,4419,0.608958,512x512,512,340,262144,106018,0.40442657,40.4427,ok,
001433,3072,2304,0.110686,512x512,512,384,262144,21764,0.08302307,8.3023,ok,
001434,1024,768,0.041856,512x512,512,384,262144,8236,0.03141785,3.1418,ok,
001435,6708,4439,0.201124,512x512,512,339,262144,34924,0.13322449,13.3224,ok,
001436,1024,768,0.586118,512x512,512,384,262144,115291,0.43980026,43.98,ok,
001437,3072,2304,0.814925,512x512,512,384,262144,160194,0.61109161,61.1092,ok,
001438,6602,4382,0.416952,512x512,512,340,262144,72596,0.27693176,27.6932,ok,
001439,1504,1129,0.19624,512x512,512,384,262144,38583,0.14718246,14.7182,ok,
001440,2592,1936,0.234039,512x512,512,382,262144,45801,0.17471695,17.4717,ok,
001441,2048,1536,0.178566,512x512,512,384,262144,35108,0.13392639,13.3926,ok,
001442,4288,2848,0.067195,512x512,512,340,262144,11697,0.04462051,4.4621,ok,
001443,4288,2848,0.050971,512x512,512,340,262144,8880,0.03387451,3.3875,ok,
001444,4288,2848,0.274869,512x512,512,340,262144,47844,0.18251038,18.251,ok,
001445,3008,2000,0.004209,512x512,512,340,262144,744,0.00283813,0.2838,review,very_small_lesion
001446,3872,2592,0.949197,512x512,512,343,262144,166576,0.63543701,63.5437,ok,
001447,3072,2304,0.132475,512x512,512,384,262144,26048,0.09936523,9.9365,ok,
001448,4288,2848,0.147702,512x512,512,340,262144,25719,0.0981102,9.811,ok,
001449,640,480,0.660143,512x512,512,384,262144,129858,0.49536896,49.5369,ok,
001450,6662,4382,0.660407,512x512,512,337,262144,113950,0.43468475,43.4685,ok,
001451,640,480,0.255085,512x512,512,384,262144,50158,0.19133759,19.1338,ok,
001452,2592,1936,0.483952,512x512,512,382,262144,94640,0.36102295,36.1023,ok,
001453,1024,768,0.546101,512x512,512,384,262144,107369,0.40958023,40.958,ok,
001454,3072,2304,0.144559,512x512,512,384,262144,28424,0.10842896,10.8429,ok,
001455,4288,2848,0.413682,512x512,512,340,262144,72010,0.27469635,27.4696,ok,
001456,767,576,0.143807,512x512,512,385,262144,28291,0.1079216,10.7922,ok,
001457,6682,4422,0.343978,512x512,512,339,262144,59668,0.22761536,22.7615,ok,
001458,1022,767,0.09009,512x512,512,384,262144,17719,0.06759262,6.7593,ok,
001459,1024,768,0.042491,512x512,512,384,262144,8355,0.0318718,3.1872,ok,
001460,3072,2304,0.133,512x512,512,384,262144,26193,0.09991837,9.9918,ok,
001461,4288,2848,0.14586,512x512,512,340,262144,25393,0.09686661,9.6867,ok,
001462,1024,768,0.170336,512x512,512,384,262144,33482,0.12772369,12.7724,ok,
001463,640,480,0.072559,512x512,512,384,262144,14291,0.05451584,5.4516,ok,
001464,4288,2848,0.143875,512x512,512,340,262144,25040,0.09552002,9.552,ok,
001465,2048,1536,0.099325,512x512,512,384,262144,19534,0.0745163,7.4516,ok,
001466,3008,2000,0.087552,512x512,512,340,262144,15234,0.0581131,5.8113,ok,
001467,1504,1129,0.414649,512x512,512,384,262144,81534,0.31102753,31.1028,ok,
001468,1024,768,0.045756,512x512,512,384,262144,8998,0.03432465,3.4325,ok,
001469,3072,2304,0.147734,512x512,512,384,262144,29048,0.11080933,11.0809,ok,
001470,1024,768,0.070243,512x512,512,384,262144,13819,0.0527153,5.2715,ok,
001471,640,480,0.115094,512x512,512,384,262144,22653,0.08641434,8.6414,ok,
001472,962,722,0.276179,512x512,512,384,262144,54329,0.20724869,20.7249,ok,
001473,2314,2067,0.271325,512x512,512,457,262144,63480,0.24215698,24.2157,ok,
001474,2048,1536,0.493453,512x512,512,384,262144,97021,0.37010574,37.0106,ok,
001475,1024,768,0.119105,512x512,512,384,262144,23432,0.08938599,8.9386,ok,
001476,6648,4419,0.11873,512x512,512,340,262144,20684,0.0789032,7.8903,ok,
001477,1024,768,0.510866,512x512,512,384,262144,100437,0.38313675,38.3137,ok,
001478,4288,2848,0.033791,512x512,512,340,262144,5880,0.02243042,2.243,ok,
001479,3008,2000,0.065499,512x512,512,340,262144,11400,0.04348755,4.3488,ok,
001480,722,542,0.281784,512x512,512,384,262144,55389,0.21129227,21.1292,ok,
001481,3072,2304,0.151885,512x512,512,384,262144,29864,0.11392212,11.3922,ok,
001482,640,480,0.21543,512x512,512,384,262144,42391,0.16170883,16.1709,ok,
001483,640,480,0.435837,512x512,512,384,262144,85738,0.32706451,32.7065,ok,
001484,1024,768,0.195076,512x512,512,384,262144,38338,0.14624786,14.6248,ok,
001485,4288,2848,0.008512,512x512,512,340,262144,1479,0.00564194,0.5642,ok,
001486,4288,2848,0.037499,512x512,512,340,262144,6540,0.02494812,2.4948,ok,
001487,6621,4401,0.21321,512x512,512,340,262144,37116,0.1415863,14.1586,ok,
001488,1024,768,0.222796,512x512,512,384,262144,43798,0.16707611,16.7076,ok,
001489,4288,2848,0.023174,512x512,512,340,262144,4034,0.01538849,1.5388,ok,
001490,4288,2848,0.050458,512x512,512,340,262144,8776,0.03347778,3.3478,ok,
001491,4288,2848,0.149798,512x512,512,340,262144,26064,0.09942627,9.9426,ok,
001492,3072,2304,0.129562,512x512,512,384,262144,25539,0.09742355,9.7424,ok,
001493,1024,768,0.143223,512x512,512,384,262144,28197,0.10756302,10.7563,ok,
001494,6668,4439,0.339285,512x512,512,341,262144,59245,0.22600174,22.6002,ok,
001495,3872,2592,0.953948,512x512,512,343,262144,167507,0.63898849,63.8988,review,almost_full_mask
001496,2655,2292,0.235286,512x512,512,442,262144,53268,0.20320129,20.3201,ok,
001497,4288,2848,0.116562,512x512,512,340,262144,20282,0.07736969,7.737,ok,
001498,3008,2000,0.158221,512x512,512,340,262144,27532,0.10502625,10.5026,ok,
001499,3072,2304,0.864613,512x512,512,384,262144,170304,0.6496582,64.9658,ok,
001500,4288,2848,0.06258,512x512,512,340,262144,10892,0.04154968,4.155,ok,
001501,3008,2000,0.043554,512x512,512,340,262144,7598,0.02898407,2.8984,ok,
001502,3008,2000,0.017145,512x512,512,340,262144,2981,0.01137161,1.1372,ok,
001503,1024,768,0.108676,512x512,512,384,262144,21348,0.08143616,8.1436,ok,
001504,3024,2016,0.065254,512x512,512,341,262144,11386,0.04343414,4.3434,ok,
001505,640,480,0.152572,512x512,512,384,262144,30027,0.11454391,11.4544,ok,
001506,4288,2848,0.011369,512x512,512,340,262144,1968,0.00750732,0.7507,ok,
001507,3872,2592,0.025891,512x512,512,343,262144,4556,0.01737976,1.738,ok,
001508,4288,2848,0.276445,512x512,512,340,262144,48124,0.18357849,18.3578,ok,
001509,4288,2848,0.07756,512x512,512,340,262144,13480,0.05142212,5.1422,ok,
001510,1024,768,0.108302,512x512,512,384,262144,21300,0.08125305,8.1253,ok,
001511,3072,2304,0.055818,512x512,512,384,262144,10976,0.04187012,4.187,ok,
001512,1502,1036,0.584618,512x512,512,353,262144,105669,0.40309525,40.3095,ok,
001513,640,480,0.098825,512x512,512,384,262144,19460,0.07423401,7.4234,ok,
001514,1024,768,0.394323,512x512,512,384,262144,77531,0.29575729,29.5757,ok,
001515,1024,768,0.28538,512x512,512,384,262144,56116,0.21406555,21.4066,ok,
001516,4288,2848,0.061076,512x512,512,340,262144,10620,0.04051208,4.0512,ok,
001517,3872,2592,0.02411,512x512,512,343,262144,4229,0.01613235,1.6132,ok,
001518,640,480,0.257751,512x512,512,384,262144,50720,0.19348145,19.3481,ok,
001519,640,480,0.263037,512x512,512,384,262144,51772,0.19749451,19.7495,ok,
001520,1024,768,0.248039,512x512,512,384,262144,48748,0.18595886,18.5959,ok,
001521,6695,4497,0.188413,512x512,512,344,262144,33199,0.12664413,12.6644,ok,
001522,4288,2848,0.188406,512x512,512,340,262144,32797,0.12511063,12.5111,ok,
001523,1024,768,0.148289,512x512,512,384,262144,29169,0.1112709,11.1271,ok,
001524,4288,2848,0.32452,512x512,512,340,262144,56485,0.21547318,21.5473,ok,
001525,4288,2848,0.095599,512x512,512,340,262144,16644,0.06349182,6.3492,ok,
001526,1024,768,0.313496,512x512,512,384,262144,61638,0.23513031,23.513,ok,
001527,6648,4419,0.364299,512x512,512,340,262144,63427,0.2419548,24.1955,ok,
001528,4288,2848,0.159046,512x512,512,340,262144,27696,0.10565186,10.5652,ok,
001529,4288,2848,0.016018,512x512,512,340,262144,2804,0.01069641,1.0696,ok,
001530,640,480,0.55666,512x512,512,384,262144,109450,0.41751862,41.7519,ok,
001531,3072,2304,0.032309,512x512,512,384,262144,6351,0.02422714,2.4227,ok,
001532,3072,2304,0.116973,512x512,512,384,262144,23000,0.08773804,8.7738,ok,
001533,919,802,0.31508,512x512,512,447,262144,72086,0.27498627,27.4986,ok,
001534,2048,1536,0.053322,512x512,512,384,262144,10484,0.03999329,3.9993,ok,
001535,2592,1944,0.185333,512x512,512,384,262144,36455,0.13906479,13.9065,ok,
001536,6688,4439,0.148684,512x512,512,340,262144,25877,0.09871292,9.8713,ok,
001537,3072,2304,0.979148,512x512,512,384,262144,192510,0.73436737,73.4367,review,almost_full_mask
001538,640,480,0.974782,512x512,512,384,262144,191366,0.73000336,73.0003,review,almost_full_mask
001539,3072,2304,0.767731,512x512,512,384,262144,151036,0.57615662,57.6157,ok,
001540,4288,2848,0.084158,512x512,512,340,262144,14632,0.05581665,5.5817,ok,
001541,4288,2848,0.158258,512x512,512,340,262144,27549,0.10509109,10.5091,ok,
001542,3072,2304,0.034104,512x512,512,384,262144,6691,0.02552414,2.5524,ok,
001543,2048,1536,0.059681,512x512,512,384,262144,11725,0.04472733,4.4727,ok,
001544,2048,1536,0.300331,512x512,512,384,262144,59048,0.22525024,22.525,ok,
001545,3008,2000,0.035066,512x512,512,340,262144,6100,0.02326965,2.327,ok,
001546,919,802,0.102324,512x512,512,447,262144,23404,0.08927917,8.9279,ok,
001547,4288,2848,0.057986,512x512,512,340,262144,10089,0.03848648,3.8486,ok,
001548,2048,1536,0.11409,512x512,512,384,262144,22408,0.08547974,8.548,ok,
001549,640,480,0.188232,512x512,512,384,262144,37006,0.14116669,14.1167,ok,
001550,3008,2000,0.008538,512x512,512,340,262144,1500,0.00572205,0.5722,ok,
001551,2048,1536,0.362338,512x512,512,384,262144,71239,0.27175522,27.1755,ok,
001552,3072,2304,0.482554,512x512,512,384,262144,94872,0.36190796,36.1908,ok,
001553,6602,4401,0.306129,512x512,512,341,262144,53437,0.20384598,20.3846,ok,
001554,6661,4401,0.323406,512x512,512,338,262144,55954,0.21344757,21.3448,ok,
001555,6688,4439,0.170344,512x512,512,340,262144,29647,0.11309433,11.3094,ok,
001556,3008,2000,0.017215,512x512,512,340,262144,2999,0.01144028,1.144,ok,
001557,6682,4401,0.514013,512x512,512,337,262144,88666,0.33823395,33.8234,ok,
001558,3008,2000,0.020807,512x512,512,340,262144,3652,0.01393127,1.3931,ok,
001559,3072,2304,0.111405,512x512,512,384,262144,21930,0.08365631,8.3656,ok,
001560,3072,2304,0.089734,512x512,512,384,262144,17670,0.0674057,6.7406,ok,
001561,1024,768,0.251586,512x512,512,384,262144,49466,0.18869781,18.8698,ok,
001562,6628,4399,0.441071,512x512,512,340,262144,76782,0.29290009,29.29,ok,
001563,640,480,0.05681,512x512,512,384,262144,11204,0.04273987,4.274,ok,
001564,2048,1536,0.398938,512x512,512,384,262144,78413,0.29912186,29.9122,ok,
001565,767,576,0.034962,512x512,512,385,262144,6878,0.02623749,2.6237,ok,
001566,1024,768,0.292894,512x512,512,384,262144,57570,0.21961212,21.9612,ok,
001567,3872,2592,0.007889,512x512,512,343,262144,1387,0.00529099,0.5291,ok,
001568,6688,4439,0.222409,512x512,512,340,262144,38720,0.14770508,14.7705,ok,
001569,3008,2000,0.038637,512x512,512,340,262144,6714,0.02561188,2.5612,ok,
001570,962,674,0.719884,512x512,512,359,262144,132288,0.50463867,50.4639,ok,
001571,4288,2848,0.088661,512x512,512,340,262144,15436,0.05888367,5.8884,ok,
001572,3072,2304,0.022433,512x512,512,384,262144,4412,0.01683044,1.683,ok,
001573,3872,2592,0.005373,512x512,512,343,262144,952,0.00363159,0.3632,ok,
001574,3024,2016,0.057477,512x512,512,341,262144,10039,0.03829575,3.8296,ok,
001575,1024,768,0.327541,512x512,512,384,262144,64397,0.24565506,24.5655,ok,
001576,640,480,0.131774,512x512,512,384,262144,25934,0.09893036,9.893,ok,
001577,3072,2304,0.141021,512x512,512,384,262144,27728,0.10577393,10.5774,ok,
001578,640,480,0.433301,512x512,512,384,262144,85253,0.32521439,32.5214,ok,
001579,3008,2000,0.059438,512x512,512,340,262144,10343,0.03945541,3.9455,ok,
001580,6661,4420,0.217573,512x512,512,340,262144,37891,0.14454269,14.4543,ok,
001581,1024,768,0.435485,512x512,512,384,262144,85639,0.32668686,32.6687,ok,
001582,1024,768,0.801781,512x512,512,384,262144,157661,0.60142899,60.1429,ok,
001583,4288,2848,0.057347,512x512,512,340,262144,9976,0.03805542,3.8055,ok,
001584,4288,2848,0.169547,512x512,512,340,262144,29508,0.11256409,11.2564,ok,
001585,640,480,0.33474,512x512,512,384,262144,65851,0.25120163,25.1202,ok,
001586,1024,768,0.18331,512x512,512,384,262144,36055,0.13753891,13.7539,ok,
001587,6600,4411,0.523384,512x512,512,342,262144,91689,0.34976578,34.9766,ok,
001588,1024,768,0.116675,512x512,512,384,262144,22960,0.08758545,8.7585,ok,
001589,4288,2848,0.095738,512x512,512,340,262144,16652,0.06352234,6.3522,ok,
001590,2592,1936,0.101551,512x512,512,382,262144,19850,0.07572174,7.5722,ok,
001591,5184,3456,0.222978,512x512,512,341,262144,38926,0.14849091,14.8491,ok,
001592,1024,768,0.2149,512x512,512,384,262144,42254,0.16118622,16.1186,ok,
001593,2592,1944,0.226415,512x512,512,384,262144,44510,0.16979218,16.9792,ok,
001594,6662,4440,0.165413,512x512,512,341,262144,28860,0.11009216,11.0092,ok,
001595,3072,2304,0.151458,512x512,512,384,262144,29780,0.11360168,11.3602,ok,
001596,1494,1036,0.319732,512x512,512,355,262144,58138,0.22177887,22.1779,ok,
001597,4288,2848,0.057165,512x512,512,340,262144,9948,0.03794861,3.7949,ok,
001598,2048,1536,0.273854,512x512,512,384,262144,53802,0.20523834,20.5238,ok,
001599,1213,1307,0.283449,512x512,475,512,262144,68949,0.26301956,26.302,ok,
001600,1024,768,0.846767,512x512,512,384,262144,166617,0.63559341,63.5593,ok,
001601,4288,2848,0.105195,512x512,512,340,262144,18274,0.06970978,6.971,ok,
001602,3024,2016,0.047014,512x512,512,341,262144,8207,0.03130722,3.1307,ok,
001603,1024,768,0.103834,512x512,512,384,262144,20425,0.07791519,7.7915,ok,
001604,4288,2848,0.008893,512x512,512,340,262144,1548,0.00590515,0.5905,ok,
001605,1022,767,0.344974,512x512,512,384,262144,67768,0.2585144,25.8514,ok,
001606,640,480,0.092201,512x512,512,384,262144,18141,0.06920242,6.9202,ok,
001607,6628,4419,0.350178,512x512,512,341,262144,61187,0.23340988,23.341,ok,
001608,767,576,0.169439,512x512,512,385,262144,33390,0.12737274,12.7373,ok,
001609,3872,2592,0.057499,512x512,512,343,262144,10083,0.03846359,3.8464,ok,
001610,640,480,0.104893,512x512,512,384,262144,20644,0.07875061,7.8751,ok,
001611,3072,2304,0.325336,512x512,512,384,262144,63963,0.24399948,24.3999,ok,
001612,1024,768,0.364882,512x512,512,384,262144,71735,0.27364731,27.3647,ok,
001613,3008,2000,0.041332,512x512,512,340,262144,7180,0.02738953,2.739,ok,
001614,640,480,0.669339,512x512,512,384,262144,131685,0.50233841,50.2338,ok,
001615,1024,768,0.100327,512x512,512,384,262144,19738,0.07529449,7.5294,ok,
001616,6608,4399,0.613151,512x512,512,341,262144,107037,0.40831375,40.8314,ok,
001617,3872,2592,0.771719,512x512,512,343,262144,135665,0.5175209,51.7521,ok,
001618,6688,4459,0.171611,512x512,512,341,262144,29950,0.11425018,11.425,ok,
001619,2048,1536,0.082863,512x512,512,384,262144,16292,0.06214905,6.2149,ok,
001620,1024,768,0.322337,512x512,512,384,262144,63379,0.2417717,24.1772,ok,
001621,3008,2000,0.495728,512x512,512,340,262144,86277,0.32912064,32.9121,ok,
001622,4288,2848,0.028002,512x512,512,340,262144,4870,0.01857758,1.8578,ok,
001623,1024,768,0.21177,512x512,512,384,262144,41648,0.15887451,15.8875,ok,
001624,4288,2848,0.033934,512x512,512,340,262144,5905,0.02252579,2.2526,ok,
001625,2048,1536,0.195642,512x512,512,384,262144,38659,0.14747238,14.7472,ok,
001626,6641,4441,0.625263,512x512,512,342,262144,109500,0.41770935,41.7709,ok,
001627,4288,2848,0.040002,512x512,512,340,262144,6964,0.02656555,2.6566,ok,
001628,4288,2848,0.110203,512x512,512,340,262144,19179,0.07316208,7.3162,ok,
001629,6641,4441,0.346133,512x512,512,342,262144,60619,0.23124313,23.1243,ok,
001630,4288,2848,0.209908,512x512,512,340,262144,36536,0.13937378,13.9374,ok,
001631,576,768,0.209459,512x512,384,512,262144,41191,0.1571312,15.7131,ok,
001632,640,480,0.216504,512x512,512,384,262144,42557,0.16234207,16.2342,ok,
001633,3072,2304,0.114958,512x512,512,384,262144,22604,0.08622742,8.6227,ok,
001634,6688,4439,0.588214,512x512,512,340,262144,102389,0.39058304,39.0583,ok,
001635,4288,2848,0.296268,512x512,512,340,262144,51566,0.19670868,19.6709,ok,
001636,6648,4439,0.14347,512x512,512,342,262144,25110,0.09578705,9.5787,ok,
001637,6621,4420,0.823699,512x512,512,342,262144,144155,0.54990768,54.9908,ok,
001638,824,719,0.171564,512x512,512,447,262144,39270,0.14980316,14.9803,ok,
001639,6662,4420,0.070115,512x512,512,340,262144,12206,0.04656219,4.6562,ok,
001640,4288,2848,0.069637,512x512,512,340,262144,12120,0.04623413,4.6234,ok,
001641,1936,2592,0.190997,512x512,382,512,262144,37336,0.14242554,14.2426,ok,
001642,6688,4439,0.165859,512x512,512,340,262144,28865,0.11011124,11.0111,ok,
001643,3008,2000,0.042618,512x512,512,340,262144,7404,0.02824402,2.8244,ok,
001644,6628,4419,0.065567,512x512,512,341,262144,11448,0.04367065,4.3671,ok,
001645,3072,2304,0.482922,512x512,512,384,262144,94905,0.36203384,36.2034,ok,
001646,3008,2000,0.040229,512x512,512,340,262144,7032,0.02682495,2.6825,ok,
001647,6682,4421,0.163967,512x512,512,339,262144,28458,0.10855865,10.8559,ok,
001648,1241,1261,0.338442,512x512,504,512,262144,87332,0.33314514,33.3145,ok,
001649,3872,2592,0.072414,512x512,512,343,262144,12720,0.04852295,4.8523,ok,
001650,3008,2000,0.010934,512x512,512,340,262144,1910,0.00728607,0.7286,ok,
001651,4288,2848,0.033219,512x512,512,340,262144,5792,0.02209473,2.2095,ok,
001652,2592,1944,0.234963,512x512,512,384,262144,46168,0.17611694,17.6117,ok,
001653,3008,2000,0.286487,512x512,512,340,262144,49865,0.19021988,19.022,ok,
001654,4288,2848,0.044803,512x512,512,340,262144,7795,0.02973557,2.9736,ok,
001655,3072,2304,0.183593,512x512,512,384,262144,36102,0.1377182,13.7718,ok,
001656,1024,768,0.313311,512x512,512,384,262144,61593,0.23495865,23.4959,ok,
001657,6681,4460,0.068857,512x512,512,342,262144,12061,0.04600906,4.6009,ok,
001658,3872,2592,0.019542,512x512,512,343,262144,3444,0.01313782,1.3138,ok,
001659,959,634,0.535986,512x512,512,338,262144,92739,0.35377121,35.3771,ok,
001660,3072,2304,0.616565,512x512,512,384,262144,121243,0.46250534,46.2505,ok,
001661,1765,1648,0.191678,512x512,512,478,262144,46872,0.17880249,17.8802,ok,
001662,3024,2016,0.068376,512x512,512,341,262144,11941,0.0455513,4.5551,ok,
001663,1024,768,0.442908,512x512,512,384,262144,87089,0.33221817,33.2218,ok,
001664,1064,702,0.105269,512x512,512,338,262144,18215,0.06948471,6.9485,ok,
001665,1024,768,0.082925,512x512,512,384,262144,16293,0.06215286,6.2153,ok,
001666,4288,2848,0.037754,512x512,512,340,262144,6569,0.02505875,2.5059,ok,
001667,1024,768,0.131753,512x512,512,384,262144,25919,0.09887314,9.8873,ok,
001668,3072,2304,0.156946,512x512,512,384,262144,30839,0.11764145,11.7641,ok,
001669,1024,768,0.837708,512x512,512,384,262144,164753,0.62848282,62.8483,ok,
001670,2048,1536,0.276128,512x512,512,384,262144,54293,0.20711136,20.7111,ok,
001671,1024,768,0.523282,512x512,512,384,262144,102893,0.39250565,39.2506,ok,
001672,1504,1129,0.473359,512x512,512,384,262144,93055,0.35497665,35.4977,ok,
001673,6601,4382,0.361333,512x512,512,340,262144,62873,0.23984146,23.9841,ok,
001674,1024,768,0.040195,512x512,512,384,262144,7900,0.03013611,3.0136,ok,
001675,4288,2848,0.139304,512x512,512,340,262144,24228,0.09242249,9.2422,ok,
001676,3072,2304,0.453081,512x512,512,384,262144,89084,0.33982849,33.9828,ok,
001677,3072,2304,0.271663,512x512,512,384,262144,53403,0.20371628,20.3716,ok,
001678,3072,2304,0.10922,512x512,512,384,262144,21476,0.08192444,8.1924,ok,
001679,6661,4422,0.270614,512x512,512,340,262144,47092,0.17964172,17.9642,ok,
001680,1024,768,0.227503,512x512,512,384,262144,44741,0.17067337,17.0673,ok,
001681,6688,4459,0.300167,512x512,512,341,262144,52400,0.19989014,19.989,ok,
001682,4288,2848,0.039797,512x512,512,340,262144,6924,0.02641296,2.6413,ok,
001683,6621,4420,0.874151,512x512,512,342,262144,153015,0.5837059,58.3706,ok,
001684,6602,4361,0.331506,512x512,512,338,262144,57398,0.21895599,21.8956,ok,
001685,2625,2020,0.210869,512x512,512,394,262144,42522,0.16220856,16.2209,ok,
001686,3872,2592,0.017922,512x512,512,343,262144,3152,0.01202393,1.2024,ok,
001687,2048,1536,0.083656,512x512,512,384,262144,16448,0.06274414,6.2744,ok,
001688,1024,768,0.105,512x512,512,384,262144,20660,0.07881165,7.8812,ok,
001689,3872,2592,0.015931,512x512,512,343,262144,2804,0.01069641,1.0696,ok,
001690,6627,4399,0.475022,512x512,512,340,262144,82693,0.31544876,31.5449,ok,
001691,3072,2304,0.440115,512x512,512,384,262144,86535,0.33010483,33.0105,ok,
001692,1024,768,0.288912,512x512,512,384,262144,56795,0.21665573,21.6656,ok,
001693,640,480,0.206439,512x512,512,384,262144,40592,0.15484619,15.4846,ok,
001694,4288,2848,0.007664,512x512,512,340,262144,1331,0.00507736,0.5077,ok,
001695,2048,1536,0.229487,512x512,512,384,262144,45120,0.17211914,17.2119,ok,
001696,3024,2016,0.20461,512x512,512,341,262144,35746,0.13636017,13.636,ok,
001697,3072,2304,0.095693,512x512,512,384,262144,18809,0.07175064,7.1751,ok,
001698,6688,4439,0.49539,512x512,512,340,262144,86205,0.32884598,32.8846,ok,
001699,3072,2304,0.224926,512x512,512,384,262144,44217,0.16867447,16.8674,ok,
001700,6688,4459,0.661803,512x512,512,341,262144,115548,0.44078064,44.0781,ok,
001701,6708,4439,0.250806,512x512,512,339,262144,43520,0.16601562,16.6016,ok,
001702,3072,2304,0.162186,512x512,512,384,262144,31907,0.12171555,12.1716,ok,
001703,1024,768,0.73939,512x512,512,384,262144,145388,0.55461121,55.4611,ok,
001704,1024,768,0.280884,512x512,512,384,262144,55243,0.21073532,21.0735,ok,
001705,3072,2304,0.947609,512x512,512,384,262144,186272,0.71057129,71.0571,ok,
001706,6668,4459,0.179748,512x512,512,342,262144,31491,0.12012863,12.0129,ok,
001707,3008,2000,0.042119,512x512,512,340,262144,7328,0.0279541,2.7954,ok,
001708,4288,2848,0.035325,512x512,512,340,262144,6150,0.02346039,2.346,ok,
001709,6708,4439,0.469538,512x512,512,339,262144,81508,0.31092834,31.0928,ok,
001710,4288,2848,0.224624,512x512,512,340,262144,39104,0.14916992,14.917,ok,
001711,2573,2248,0.101155,512x512,512,447,262144,23145,0.08829117,8.8291,ok,
001712,640,480,0.078503,512x512,512,384,262144,15454,0.05895233,5.8952,ok,
001713,4288,2848,0.015496,512x512,512,340,262144,2684,0.01023865,1.0239,ok,
001714,1024,768,0.064433,512x512,512,384,262144,12681,0.04837418,4.8374,ok,
001715,640,480,0.167484,512x512,512,384,262144,32943,0.12566757,12.5668,ok,
001716,3072,2304,0.285851,512x512,512,384,262144,56204,0.21440125,21.4401,ok,
001717,4288,2848,0.129858,512x512,512,340,262144,22613,0.08626175,8.6262,ok,
001718,4288,2848,0.237432,512x512,512,340,262144,41268,0.15742493,15.7425,ok,
001719,3872,2592,0.063469,512x512,512,343,262144,11180,0.04264832,4.2648,ok,
001720,3072,2304,0.808504,512x512,512,384,262144,158920,0.60623169,60.6232,ok,
001721,6828,4479,0.32431,512x512,512,336,262144,55766,0.21273041,21.273,ok,
001722,6608,4379,0.110349,512x512,512,339,262144,19176,0.07315063,7.3151,ok,
001723,4288,2848,0.048688,512x512,512,340,262144,8472,0.03231812,3.2318,ok,
001724,1024,768,0.361613,512x512,512,384,262144,71090,0.27118683,27.1187,ok,
001725,4288,2848,0.024112,512x512,512,340,262144,4195,0.01600266,1.6003,ok,
001726,6668,4439,0.122001,512x512,512,341,262144,21299,0.08124924,8.1249,ok,
001727,2592,1936,0.22164,512x512,512,382,262144,43346,0.16535187,16.5352,ok,
001728,4288,2848,0.062122,512x512,512,340,262144,10810,0.04123688,4.1237,ok,
001729,4288,2848,0.090736,512x512,512,340,262144,15793,0.06024551,6.0246,ok,
001730,1024,768,0.1579,512x512,512,384,262144,31031,0.11837387,11.8374,ok,
001731,4288,2848,0.106068,512x512,512,340,262144,18472,0.07046509,7.0465,ok,
001732,3008,2000,0.028626,512x512,512,340,262144,4980,0.01899719,1.8997,ok,
001733,3008,2000,0.011783,512x512,512,340,262144,2060,0.00785828,0.7858,ok,
001734,1024,768,0.347574,512x512,512,384,262144,68331,0.26066208,26.0662,ok,
001735,1024,768,0.20082,512x512,512,384,262144,39489,0.15063858,15.0639,ok,
001736,6601,4401,0.522508,512x512,512,341,262144,91211,0.34794235,34.7942,ok,
001737,640,480,0.481947,512x512,512,384,262144,94844,0.36180115,36.1801,ok,
001738,3872,2592,0.383725,512x512,512,343,262144,67382,0.25704193,25.7042,ok,
001739,2565,2000,0.326697,512x512,512,399,262144,66738,0.25458527,25.4585,ok,
001740,3072,2304,0.20208,512x512,512,384,262144,39741,0.15159988,15.16,ok,
001741,4288,2848,0.509675,512x512,512,340,262144,88680,0.33828735,33.8287,ok,
001742,3872,2592,0.025205,512x512,512,343,262144,4432,0.01690674,1.6907,ok,
001743,3008,2000,0.408203,512x512,512,340,262144,71056,0.27105713,27.1057,ok,
001744,3008,2000,0.032635,512x512,512,340,262144,5687,0.02169418,2.1694,ok,
001745,6688,4459,0.406125,512x512,512,341,262144,70921,0.27054214,27.0542,ok,
001746,1024,768,0.033366,512x512,512,384,262144,6570,0.02506256,2.5063,ok,
001747,767,576,0.068387,512x512,512,385,262144,13484,0.05143738,5.1437,ok,
001748,3008,2000,0.041198,512x512,512,340,262144,7187,0.02741623,2.7416,ok,
001749,640,480,0.057458,512x512,512,384,262144,11308,0.0431366,4.3137,ok,
001750,767,576,0.763228,512x512,512,385,262144,150531,0.57423019,57.423,ok,
001751,640,480,0.199987,512x512,512,384,262144,39370,0.15018463,15.0185,ok,
001752,3008,2000,0.128009,512x512,512,340,262144,22286,0.08501434,8.5014,ok,
001753,1024,768,0.859746,512x512,512,384,262144,169114,0.64511871,64.5119,ok,
001754,640,480,0.313975,512x512,512,384,262144,61731,0.23548508,23.5485,ok,
001755,3072,2304,0.146514,512x512,512,384,262144,28808,0.1098938,10.9894,ok,
001756,4288,2848,0.037277,512x512,512,340,262144,6480,0.02471924,2.4719,ok,
001757,3072,2304,0.155851,512x512,512,384,262144,30644,0.11689758,11.6898,ok,
001758,3872,2592,0.105865,512x512,512,343,262144,18585,0.07089615,7.0896,ok,
001759,3072,2304,0.028262,512x512,512,384,262144,5557,0.02119827,2.1198,ok,
001760,3008,2000,0.110599,512x512,512,340,262144,19260,0.07347107,7.3471,ok,
001761,4288,2848,0.050347,512x512,512,340,262144,8780,0.03349304,3.3493,ok,
001762,3072,2304,0.107269,512x512,512,384,262144,21092,0.08045959,8.046,ok,
001763,4288,2848,0.034507,512x512,512,340,262144,6013,0.02293777,2.2938,ok,
001764,6641,4420,0.884208,512x512,512,341,262144,154387,0.58893967,58.894,ok,
001765,4288,2848,0.043546,512x512,512,340,262144,7558,0.02883148,2.8831,ok,
001766,3072,2304,0.221928,512x512,512,384,262144,43631,0.16643906,16.6439,ok,
001767,3072,2304,0.04059,512x512,512,384,262144,7990,0.03047943,3.0479,ok,
001768,6621,4401,0.335284,512x512,512,340,262144,58372,0.22267151,22.2672,ok,
001769,3872,2592,0.19434,512x512,512,343,262144,34106,0.13010406,13.0104,ok,
001770,919,802,0.612624,512x512,512,447,262144,140278,0.5351181,53.5118,ok,
001771,2048,1536,0.662029,512x512,512,384,262144,130150,0.49648285,49.6483,ok,
001772,3008,2000,0.042809,512x512,512,340,262144,7448,0.02841187,2.8412,ok,
001773,1024,768,0.130376,512x512,512,384,262144,25637,0.09779739,9.7797,ok,
001774,3072,2304,0.9999,512x512,512,384,262144,196590,0.74993134,74.9931,review,almost_full_mask
001775,640,480,0.141982,512x512,512,384,262144,27966,0.10668182,10.6682,ok,
001776,3072,2304,0.529107,512x512,512,384,262144,104038,0.39687347,39.6873,ok,
001777,1024,768,0.538705,512x512,512,384,262144,105885,0.40391922,40.3919,ok,
001778,1504,1129,0.069283,512x512,512,384,262144,13626,0.05197906,5.1979,ok,
001779,6621,4401,0.170776,512x512,512,340,262144,29712,0.11334229,11.3342,ok,
001780,1024,768,0.147063,512x512,512,384,262144,28917,0.1103096,11.031,ok,
001781,3072,2304,0.206643,512x512,512,384,262144,40641,0.15503311,15.5033,ok,
001782,3008,2000,0.041211,512x512,512,340,262144,7160,0.02731323,2.7313,ok,
001783,6642,4420,0.125424,512x512,512,341,262144,21901,0.08354568,8.3546,ok,
001784,722,542,0.687361,512x512,512,384,262144,135116,0.51542664,51.5427,ok,
001785,3072,2304,0.778221,512x512,512,384,262144,152988,0.58360291,58.3603,ok,
001786,3008,2000,0.602191,512x512,512,340,262144,104848,0.39996338,39.9963,ok,
001787,4288,2848,0.043781,512x512,512,340,262144,7604,0.02900696,2.9007,ok,
001788,1979,1321,0.106743,512x512,512,342,262144,18708,0.07136536,7.1365,ok,
001789,3872,2592,0.030801,512x512,512,343,262144,5408,0.02062988,2.063,ok,
001790,3072,2304,0.103288,512x512,512,384,262144,20364,0.0776825,7.7682,ok,
001791,767,576,0.671594,512x512,512,385,262144,132398,0.50505829,50.5058,ok,
001792,4288,2848,0.004493,512x512,512,340,262144,783,0.00298691,0.2987,review,very_small_lesion
001793,1024,768,0.395695,512x512,512,384,262144,77806,0.29680634,29.6806,ok,
001794,6621,4441,0.373916,512x512,512,343,262144,65653,0.25044632,25.0446,ok,
001795,4288,2848,0.072698,512x512,512,340,262144,12650,0.04825592,4.8256,ok,
001796,1024,768,0.150808,512x512,512,384,262144,29655,0.11312485,11.3125,ok,
001797,640,480,0.146794,512x512,512,384,262144,28880,0.11016846,11.0168,ok,
001798,3072,2304,0.153898,512x512,512,384,262144,30260,0.11543274,11.5433,ok,
001799,1502,1051,0.527818,512x512,512,358,262144,96742,0.36904144,36.9041,ok,
001800,3872,2592,0.275563,512x512,512,343,262144,48372,0.18452454,18.4525,ok,
001801,4288,2848,0.574703,512x512,512,340,262144,100055,0.38167953,38.168,ok,
001802,4288,2848,0.025963,512x512,512,340,262144,4530,0.01728058,1.7281,ok,
001803,1024,768,0.043893,512x512,512,384,262144,8630,0.03292084,3.2921,ok,
001804,1213,1307,0.282167,512x512,475,512,262144,68640,0.26184082,26.1841,ok,
001805,3872,2592,0.025095,512x512,512,343,262144,4388,0.01673889,1.6739,ok,
001806,6688,4439,0.052244,512x512,512,340,262144,9088,0.03466797,3.4668,ok,
001807,4288,2848,0.639934,512x512,512,340,262144,111336,0.42471313,42.4713,ok,
001808,1024,768,0.398951,512x512,512,384,262144,78443,0.2992363,29.9236,ok,
001809,767,576,0.538025,512x512,512,385,262144,106089,0.40469742,40.4697,ok,
001810,6688,4439,0.182782,512x512,512,340,262144,31822,0.1213913,12.1391,ok,
001811,3008,2000,0.054531,512x512,512,340,262144,9524,0.03633118,3.6331,ok,
001812,1045,705,0.278962,512x512,512,345,262144,49276,0.18797302,18.7973,ok,
001813,4288,2848,0.009226,512x512,512,340,262144,1600,0.00610352,0.6104,ok,
001814,4288,2848,0.02866,512x512,512,340,262144,4993,0.01904678,1.9047,ok,
001815,4288,2848,0.098539,512x512,512,340,262144,17132,0.06535339,6.5353,ok,
001816,4288,2848,0.053429,512x512,512,340,262144,9296,0.03546143,3.5461,ok,
001817,3072,2304,0.418726,512x512,512,384,262144,82328,0.3140564,31.4056,ok,
001818,3872,2592,0.016415,512x512,512,343,262144,2888,0.01101685,1.1017,ok,
001819,6661,4461,0.070983,512x512,512,343,262144,12464,0.04754639,4.7546,ok,
001820,6642,4401,0.641847,512x512,512,339,262144,111464,0.42520142,42.5201,ok,
001821,6688,4439,0.262602,512x512,512,340,262144,45696,0.17431641,17.4316,ok,
001822,3072,2304,0.120085,512x512,512,384,262144,23612,0.09007263,9.0073,ok,
001823,3872,2592,0.696791,512x512,512,343,262144,122280,0.46646118,46.6461,ok,
001824,6621,4401,0.268777,512x512,512,340,262144,46773,0.17842484,17.8425,ok,
001825,958,642,0.249089,512x512,512,343,262144,43749,0.16688919,16.6889,ok,
001826,1024,768,0.108878,512x512,512,384,262144,21390,0.08159637,8.1596,ok,
001827,6688,4439,0.146603,512x512,512,340,262144,25525,0.09737015,9.737,ok,
001828,1024,768,0.024401,512x512,512,384,262144,4781,0.01823807,1.8238,ok,
001829,4288,2848,0.05271,512x512,512,340,262144,9160,0.03494263,3.4943,ok,
001830,6681,4422,0.256334,512x512,512,339,262144,44523,0.16984177,16.9842,ok,
001831,6708,4439,0.408636,512x512,512,339,262144,70945,0.2706337,27.0634,ok,
001832,6688,4419,0.102769,512x512,512,338,262144,17776,0.06781006,6.781,ok,
001833,4288,2848,0.03733,512x512,512,340,262144,6492,0.02476501,2.4765,ok,
001834,3008,2000,0.162965,512x512,512,340,262144,28352,0.1081543,10.8154,ok,
001835,1024,768,0.074237,512x512,512,384,262144,14600,0.05569458,5.5695,ok,
001836,3008,2000,0.060667,512x512,512,340,262144,10564,0.04029846,4.0298,ok,
001837,1024,768,0.335659,512x512,512,384,262144,65980,0.25169373,25.1694,ok,
001838,1024,768,0.291515,512x512,512,384,262144,57309,0.21861649,21.8616,ok,
001839,4288,2848,0.059179,512x512,512,340,262144,10293,0.03926468,3.9265,ok,
001840,1024,768,0.19184,512x512,512,384,262144,37718,0.14388275,14.3883,ok,
001841,1024,768,0.560012,512x512,512,384,262144,110088,0.41995239,41.9952,ok,
001842,2155,1958,0.407979,512x512,512,465,262144,97127,0.3705101,37.051,ok,
001843,3008,2000,0.014945,512x512,512,340,262144,2601,0.00992203,0.9922,ok,
001844,1024,768,0.121047,512x512,512,384,262144,23820,0.09086609,9.0866,ok,
001845,4288,2848,0.241404,512x512,512,340,262144,42024,0.16030884,16.0309,ok,
001846,3072,2304,0.16358,512x512,512,384,262144,32153,0.12265396,12.2654,ok,
001847,640,480,0.09944,512x512,512,384,262144,19582,0.0746994,7.4699,ok,
001848,3872,2592,0.035844,512x512,512,343,262144,6306,0.02405548,2.4055,ok,
001849,3024,2016,0.052332,512x512,512,341,262144,9127,0.03481674,3.4817,ok,
001850,3072,2304,0.421093,512x512,512,384,262144,82800,0.31585693,31.5857,ok,
001851,3072,2304,0.17776,512x512,512,384,262144,35078,0.13381195,13.3812,ok,
001852,4288,2848,0.056396,512x512,512,340,262144,9816,0.03744507,3.7445,ok,
001853,3008,2000,0.069241,512x512,512,340,262144,12040,0.04592896,4.5929,ok,
001854,1502,1051,0.13083,512x512,512,358,262144,23996,0.09153748,9.1537,ok,
001855,3872,2592,0.069067,512x512,512,343,262144,12116,0.04621887,4.6219,ok,
001856,1024,768,0.501547,512x512,512,384,262144,98612,0.37617493,37.6175,ok,
001857,4288,2848,0.035633,512x512,512,340,262144,6200,0.02365112,2.3651,ok,
001858,4288,2848,0.048053,512x512,512,340,262144,8340,0.03181458,3.1815,ok,
001859,4288,2848,0.041941,512x512,512,340,262144,7303,0.02785873,2.7859,ok,
001860,6641,4441,0.65084,512x512,512,342,262144,113967,0.4347496,43.475,ok,
001861,1024,768,0.138681,512x512,512,384,262144,27235,0.10389328,10.3893,ok,
001862,2816,2112,0.267749,512x512,512,384,262144,52624,0.20074463,20.0745,ok,
001863,6688,4459,0.372717,512x512,512,341,262144,65062,0.24819183,24.8192,ok,
001864,6681,4461,0.429988,512x512,512,342,262144,75299,0.28724289,28.7243,ok,
001865,6621,4401,0.4734,512x512,512,340,262144,82416,0.31439209,31.4392,ok,
001866,3072,2304,0.054597,512x512,512,384,262144,10736,0.04095459,4.0955,ok,
001867,3072,2304,0.333336,512x512,512,384,262144,65540,0.25001526,25.0015,ok,
001868,919,802,0.461191,512x512,512,447,262144,105621,0.40291214,40.2912,ok,
001869,4288,2848,0.022795,512x512,512,340,262144,3972,0.01515198,1.5152,ok,
001870,640,480,0.268154,512x512,512,384,262144,52748,0.20121765,20.1218,ok,
001871,4288,2848,0.040543,512x512,512,340,262144,7076,0.0269928,2.6993,ok,
001872,3008,2000,0.065065,512x512,512,340,262144,11308,0.0431366,4.3137,ok,
001873,1024,768,0.30903,512x512,512,384,262144,60781,0.23186111,23.1861,ok,
001874,3872,2592,0.102819,512x512,512,343,262144,18062,0.06890106,6.8901,ok,
001875,4288,2848,0.317125,512x512,512,340,262144,55212,0.21061707,21.0617,ok,
001876,2592,1944,0.030773,512x512,512,384,262144,6056,0.02310181,2.3102,ok,
001877,6601,4380,0.235736,512x512,512,340,262144,41023,0.15649033,15.649,ok,
001878,3072,2304,0.187282,512x512,512,384,262144,36824,0.14047241,14.0472,ok,
001879,3008,2000,0.04871,512x512,512,340,262144,8472,0.03231812,3.2318,ok,
001880,640,480,0.393665,512x512,512,384,262144,77431,0.29537582,29.5376,ok,
001881,3072,2304,0.143349,512x512,512,384,262144,28223,0.1076622,10.7662,ok,
001882,1024,768,0.161992,512x512,512,384,262144,31859,0.12153244,12.1532,ok,
001883,3008,2000,0.032499,512x512,512,340,262144,5652,0.02156067,2.1561,ok,
001884,4288,2848,0.069971,512x512,512,340,262144,12189,0.04649734,4.6497,ok,
001885,1502,1026,0.682694,512x512,512,350,262144,122378,0.46683502,46.6835,ok,
001886,2721,2157,0.522761,512x512,512,406,262144,108634,0.41440582,41.4406,ok,
001887,4288,2848,0.015823,512x512,512,340,262144,2752,0.01049805,1.0498,ok,
001888,3872,2592,0.015412,512x512,512,343,262144,2702,0.01030731,1.0307,ok,
001889,722,545,0.335551,512x512,512,386,262144,66357,0.25313187,25.3132,ok,
001890,3024,2016,0.164605,512x512,512,341,262144,28739,0.10963058,10.9631,ok,
001891,4288,2848,0.123983,512x512,512,340,262144,21606,0.08242035,8.242,ok,
001892,1024,768,0.127726,512x512,512,384,262144,25128,0.09585571,9.5856,ok,
001893,2048,1536,0.151738,512x512,512,384,262144,29738,0.11344147,11.3441,ok,
001894,2048,1536,0.128776,512x512,512,384,262144,25453,0.09709549,9.7095,ok,
001895,1024,768,0.40852,512x512,512,384,262144,80350,0.30651093,30.6511,ok,
001896,1024,768,0.136604,512x512,512,384,262144,26847,0.10241318,10.2413,ok,
001897,4288,2848,0.097082,512x512,512,340,262144,16890,0.06443024,6.443,ok,
001898,6688,4459,0.854874,512x512,512,341,262144,149284,0.56947327,56.9473,ok,
001899,1024,768,0.031506,512x512,512,384,262144,6192,0.02362061,2.3621,ok,
001900,640,480,0.222474,512x512,512,384,262144,43750,0.16689301,16.6893,ok,
001901,2048,1536,0.429372,512x512,512,384,262144,84432,0.32208252,32.2083,ok,
001902,6602,4380,0.315474,512x512,512,340,262144,54913,0.20947647,20.9476,ok,
001903,3024,2016,0.056573,512x512,512,341,262144,9852,0.0375824,3.7582,ok,
001904,3872,2592,0.84842,512x512,512,343,262144,148987,0.5683403,56.834,ok,
001905,3024,2016,0.095557,512x512,512,341,262144,16683,0.06364059,6.3641,ok,
001906,4288,2848,0.008244,512x512,512,340,262144,1436,0.00547791,0.5478,ok,
001907,1024,768,0.258389,512x512,512,384,262144,50804,0.19380188,19.3802,ok,
001908,640,480,0.227816,512x512,512,384,262144,44826,0.17099762,17.0998,ok,
001909,2592,1944,0.279225,512x512,512,384,262144,54896,0.20941162,20.9412,ok,
001910,1024,768,0.289665,512x512,512,384,262144,56892,0.21702576,21.7026,ok,
001911,767,576,0.67984,512x512,512,385,262144,134004,0.51118469,51.1185,ok,
001912,6662,4422,0.199103,512x512,512,340,262144,34678,0.13228607,13.2286,ok,
001913,640,480,0.158704,512x512,512,384,262144,31245,0.11919022,11.919,ok,
001914,3008,2000,0.083555,512x512,512,340,262144,14544,0.05548096,5.5481,ok,
001915,3072,2304,0.388574,512x512,512,384,262144,76404,0.29145813,29.1458,ok,
001916,640,480,0.178564,512x512,512,384,262144,35130,0.13401031,13.401,ok,
001917,3008,2000,0.070264,512x512,512,340,262144,12220,0.0466156,4.6616,ok,
001918,4288,2848,0.130773,512x512,512,340,262144,22759,0.0868187,8.6819,ok,
001919,1024,768,0.259922,512x512,512,384,262144,51098,0.1949234,19.4923,ok,
001920,4288,2848,0.114888,512x512,512,340,262144,20013,0.07634354,7.6344,ok,
001921,640,480,0.086982,512x512,512,384,262144,17130,0.06534576,6.5346,ok,
001922,6622,4420,0.147435,512x512,512,342,262144,25821,0.0984993,9.8499,ok,
001923,1024,768,0.018906,512x512,512,384,262144,3712,0.01416016,1.416,ok,
001924,3008,2000,0.186889,512x512,512,340,262144,32540,0.12413025,12.413,ok,
001925,4288,2848,0.459881,512x512,512,340,262144,80051,0.30537033,30.537,ok,
001926,3072,2304,0.288731,512x512,512,384,262144,56757,0.21651077,21.6511,ok,
001927,4288,2848,0.092662,512x512,512,340,262144,16134,0.06154633,6.1546,ok,
001928,1024,768,0.12264,512x512,512,384,262144,24125,0.09202957,9.203,ok,
001929,1024,768,0.262976,512x512,512,384,262144,51722,0.19730377,19.7304,ok,
001930,3072,2304,0.051608,512x512,512,384,262144,10148,0.03871155,3.8712,ok,
001931,4288,2848,0.054119,512x512,512,340,262144,9420,0.03593445,3.5934,ok,
001932,3072,2304,0.07701,512x512,512,384,262144,15122,0.05768585,5.7686,ok,
001933,722,542,0.385223,512x512,512,384,262144,75735,0.2889061,28.8906,ok,
001934,4288,2848,0.032266,512x512,512,340,262144,5616,0.02142334,2.1423,ok,
001935,3072,2304,0.050081,512x512,512,384,262144,9848,0.03756714,3.7567,ok,
001936,3072,2304,0.093413,512x512,512,384,262144,18368,0.07006836,7.0068,ok,
001937,767,576,0.470011,512x512,512,385,262144,92729,0.35373306,35.3733,ok,
001938,4288,2848,0.036967,512x512,512,340,262144,6448,0.02459717,2.4597,ok,
001939,3072,2304,0.425173,512x512,512,384,262144,83590,0.31887054,31.8871,ok,
001940,1019,717,0.247715,512x512,512,360,262144,45653,0.17415237,17.4152,ok,
001941,3024,2016,0.088637,512x512,512,341,262144,15478,0.05904388,5.9044,ok,
001942,767,576,0.210117,512x512,512,385,262144,41358,0.15776825,15.7768,ok,
001943,6642,4401,0.09562,512x512,512,339,262144,16595,0.0633049,6.3305,ok,
001944,4288,2848,0.03001,512x512,512,340,262144,5223,0.01992416,1.9924,ok,
001945,4288,2848,0.018128,512x512,512,340,262144,3159,0.01205063,1.2051,ok,
001946,640,480,0.307334,512x512,512,384,262144,60410,0.23044586,23.0446,ok,
001947,4288,2848,0.046974,512x512,512,340,262144,8168,0.03115845,3.1158,ok,
001948,2304,1536,0.047007,512x512,512,341,262144,8188,0.03123474,3.1235,ok,
001949,3008,2000,0.049324,512x512,512,340,262144,8580,0.0327301,3.273,ok,
001950,6668,4439,0.797019,512x512,512,341,262144,139149,0.53081131,53.0811,ok,
001951,1024,768,0.065449,512x512,512,384,262144,12860,0.04905701,4.9057,ok,
001952,3008,2000,0.096837,512x512,512,340,262144,16852,0.06428528,6.4285,ok,
001953,3008,2000,0.241758,512x512,512,340,262144,42083,0.16053391,16.0534,ok,
001954,6602,4382,0.199864,512x512,512,340,262144,34786,0.13269806,13.2698,ok,
001955,6668,4439,0.104656,512x512,512,341,262144,18267,0.06968307,6.9683,ok,
001956,640,480,0.056921,512x512,512,384,262144,11199,0.04272079,4.2721,ok,
001957,1024,768,0.894193,512x512,512,384,262144,175861,0.67085648,67.0856,ok,
001958,4288,2848,0.486076,512x512,512,340,262144,84676,0.32301331,32.3013,ok,
001959,6621,4420,0.266782,512x512,512,342,262144,46700,0.17814636,17.8146,ok,
001960,2048,1536,0.156715,512x512,512,384,262144,30812,0.11753845,11.7538,ok,
001961,2601,1909,0.089421,512x512,512,376,262144,17202,0.06562042,6.562,ok,
001962,640,480,0.145618,512x512,512,384,262144,28675,0.10938644,10.9386,ok,
001963,1024,768,0.153713,512x512,512,384,262144,30227,0.11530685,11.5307,ok,
001964,824,719,0.373822,512x512,512,447,262144,85585,0.32648087,32.6481,ok,
001965,640,480,0.383376,512x512,512,384,262144,75373,0.28752518,28.7525,ok,
001966,3872,2592,0.035804,512x512,512,343,262144,6286,0.02397919,2.3979,ok,
001967,4288,2848,0.051963,512x512,512,340,262144,9052,0.03453064,3.4531,ok,
001968,4288,2848,0.072335,512x512,512,340,262144,12595,0.04804611,4.8046,ok,
001969,4288,2848,0.106841,512x512,512,340,262144,18604,0.07096863,7.0969,ok,
001970,6668,4439,0.040069,512x512,512,341,262144,7005,0.02672195,2.6722,ok,
001971,6641,4402,0.483793,512x512,512,339,262144,83967,0.32030869,32.0309,ok,
001972,1024,768,0.042416,512x512,512,384,262144,8351,0.03185654,3.1857,ok,
001973,3008,2000,0.028495,512x512,512,340,262144,4952,0.01889038,1.889,ok,
001974,640,480,0.614619,512x512,512,384,262144,120864,0.46105957,46.106,ok,
001975,3024,2016,0.06213,512x512,512,341,262144,10846,0.04137421,4.1374,ok,
001976,1024,768,0.413104,512x512,512,384,262144,81229,0.30986404,30.9864,ok,
001977,3072,2304,0.029951,512x512,512,384,262144,5888,0.02246094,2.2461,ok,
001978,1024,768,0.505376,512x512,512,384,262144,99347,0.37897873,37.8979,ok,
001979,3072,2304,0.187772,512x512,512,384,262144,36930,0.14087677,14.0877,ok,
001980,1024,768,0.249213,512x512,512,384,262144,49003,0.18693161,18.6932,ok,
001981,640,480,0.204336,512x512,512,384,262144,40207,0.15337753,15.3378,ok,
001982,3008,2000,0.090767,512x512,512,340,262144,15804,0.06028748,6.0287,ok,
001983,6628,4399,0.412715,512x512,512,340,262144,71852,0.27409363,27.4094,ok,
001984,6621,4420,0.0749,512x512,512,342,262144,13096,0.04995728,4.9957,ok,
001985,3072,2304,0.043708,512x512,512,384,262144,8626,0.03290558,3.2906,ok,
001986,4288,2848,0.528454,512x512,512,340,262144,91999,0.35094833,35.0948,ok,
001987,640,480,0.370661,512x512,512,384,262144,72943,0.27825546,27.8255,ok,
001988,3072,2304,0.328613,512x512,512,384,262144,64693,0.24678421,24.6784,ok,
001989,3072,2304,0.205559,512x512,512,384,262144,40427,0.15421677,15.4217,ok,
001990,4288,2848,0.314815,512x512,512,340,262144,54801,0.20904922,20.9049,ok,
001991,1504,1129,0.380595,512x512,512,384,262144,74813,0.28538895,28.5389,ok,
001992,1024,768,0.189662,512x512,512,384,262144,37299,0.14228439,14.2284,ok,
001993,1024,768,0.084279,512x512,512,384,262144,16691,0.06367111,6.3671,ok,
001994,4288,2848,0.015216,512x512,512,340,262144,2650,0.01010895,1.0109,ok,
001995,1024,768,0.055124,512x512,512,384,262144,10834,0.04132843,4.1328,ok,
001996,4288,2848,0.112023,512x512,512,340,262144,19511,0.07442856,7.4429,ok,
001997,3072,2304,0.128941,512x512,512,384,262144,25345,0.0966835,9.6684,ok,
001998,1024,768,0.384462,512x512,512,384,262144,75584,0.28833008,28.833,ok,
001999,3008,2000,0.029674,512x512,512,340,262144,5160,0.01968384,1.9684,ok,
002000,1024,768,0.870509,512x512,512,384,262144,171287,0.65340805,65.3408,ok,
002001,6648,4439,0.090653,512x512,512,342,262144,15881,0.06058121,6.0581,ok,
002002,4288,2848,0.016393,512x512,512,340,262144,2851,0.0108757,1.0876,ok,
002003,3872,2592,0.238194,512x512,512,343,262144,41814,0.15950775,15.9508,ok,
002004,944,1127,0.170482,512x512,429,512,262144,37426,0.14276886,14.2769,ok,
002005,4288,2848,0.303868,512x512,512,340,262144,52897,0.20178604,20.1786,ok,
002006,1024,768,0.046491,512x512,512,384,262144,9144,0.03488159,3.4882,ok,
002007,6681,4422,0.495035,512x512,512,339,262144,85896,0.32766724,32.7667,ok,
002008,1024,768,0.098798,512x512,512,384,262144,19427,0.07410812,7.4108,ok,
002009,2219,2252,0.478908,512x512,504,512,262144,123612,0.47154236,47.1542,ok,
002010,640,480,0.499336,512x512,512,384,262144,98222,0.37468719,37.4687,ok,
002011,6627,4459,0.47105,512x512,512,345,262144,83204,0.31739807,31.7398,ok,
002012,1024,768,0.112699,512x512,512,384,262144,22155,0.08451462,8.4515,ok,
002013,6641,4420,0.47618,512x512,512,341,262144,83088,0.31695557,31.6956,ok,
002014,2355,2028,0.261469,512x512,512,441,262144,59056,0.22528076,22.5281,ok,
002015,4288,2848,0.334589,512x512,512,340,262144,58236,0.22215271,22.2153,ok,
002016,3008,2000,0.044438,512x512,512,340,262144,7736,0.0295105,2.951,ok,
002017,4288,2848,0.024551,512x512,512,340,262144,4279,0.01632309,1.6323,ok,
002018,1024,768,0.829028,512x512,512,384,262144,162993,0.62176895,62.1769,ok,
002019,6661,4441,0.344992,512x512,512,341,262144,60188,0.229599,22.9599,ok,
002020,6641,4420,0.381183,512x512,512,341,262144,66618,0.2541275,25.4128,ok,
002021,6688,4439,0.72356,512x512,512,340,262144,125948,0.48045349,48.0453,ok,
002022,1024,768,0.389969,512x512,512,384,262144,76719,0.29265976,29.266,ok,
002023,6581,4382,0.149152,512x512,512,341,262144,26017,0.09924698,9.9247,ok,
002024,767,576,0.908998,512x512,512,385,262144,179242,0.68375397,68.3754,ok,
002025,3072,2304,0.574462,512x512,512,384,262144,112942,0.43083954,43.084,ok,
002026,2592,1936,0.062313,512x512,512,382,262144,12236,0.04667664,4.6677,ok,
002027,3072,2304,0.188685,512x512,512,384,262144,37100,0.14152527,14.1525,ok,
002028,3872,2592,0.372325,512x512,512,343,262144,65384,0.24942017,24.942,ok,
002029,4288,2848,0.218657,512x512,512,340,262144,38069,0.14522171,14.5222,ok,
002030,6622,4422,0.679877,512x512,512,342,262144,119044,0.45411682,45.4117,ok,
002031,1024,768,0.204575,512x512,512,384,262144,40221,0.15343094,15.3431,ok,
002032,6640,4420,0.455738,512x512,512,341,262144,79500,0.30326843,30.3268,ok,
002033,3024,2016,0.087554,512x512,512,341,262144,15273,0.05826187,5.8262,ok,
002034,3008,2000,0.01969,512x512,512,340,262144,3431,0.01308823,1.3088,ok,
002035,6668,4459,0.1552,512x512,512,342,262144,27182,0.1036911,10.3691,ok,
002036,6668,4439,0.271663,512x512,512,341,262144,47435,0.18095016,18.095,ok,
002037,640,480,0.159743,512x512,512,384,262144,31459,0.12000656,12.0007,ok,
002038,1080,1920,0.346844,512x512,288,512,262144,51160,0.19515991,19.516,ok,
002039,2560,2278,0.465499,512x512,512,456,262144,108702,0.41466522,41.4665,ok,
002040,2355,2028,0.272231,512x512,512,441,262144,61466,0.23447418,23.4474,ok,
002041,1504,1129,0.235572,512x512,512,384,262144,46338,0.17676544,17.6765,ok,
002042,2048,1536,0.241118,512x512,512,384,262144,47407,0.18084335,18.0843,ok,
002043,4288,2848,0.18044,512x512,512,340,262144,31418,0.11985016,11.985,ok,
002044,4288,2848,0.124037,512x512,512,340,262144,21605,0.08241653,8.2417,ok,
002045,1024,768,0.144857,512x512,512,384,262144,28485,0.10866165,10.8662,ok,
002046,771,750,0.223443,512x512,512,498,262144,56970,0.2173233,21.7323,ok,
002047,2048,1536,0.028178,512x512,512,384,262144,5542,0.02114105,2.1141,ok,
002048,3008,2000,0.055018,512x512,512,340,262144,9572,0.03651428,3.6514,ok,
002049,3072,2304,0.376965,512x512,512,384,262144,74103,0.28268051,28.2681,ok,
002050,1024,768,0.765162,512x512,512,384,262144,150431,0.57384872,57.3849,ok,
002051,679,566,0.552012,512x512,512,427,262144,120663,0.46029282,46.0293,ok,
002052,640,480,0.239388,512x512,512,384,262144,47057,0.17950821,17.9508,ok,
002053,6688,4419,0.628838,512x512,512,338,262144,108812,0.41508484,41.5085,ok,
002054,3872,2592,0.597182,512x512,512,343,262144,104868,0.40003967,40.004,ok,
002055,1024,768,0.18036,512x512,512,384,262144,35443,0.13520432,13.5204,ok,
002056,1024,768,0.406097,512x512,512,384,262144,79881,0.30472183,30.4722,ok,
002057,3008,2000,0.005476,512x512,512,340,262144,954,0.00363922,0.3639,ok,
002058,6641,4420,0.216091,512x512,512,341,262144,37739,0.14396286,14.3963,ok,
002059,640,480,0.123867,512x512,512,384,262144,24341,0.09285355,9.2854,ok,
002060,4288,2848,0.067053,512x512,512,340,262144,11660,0.04447937,4.4479,ok,
002061,4288,2848,0.085503,512x512,512,340,262144,14912,0.05688477,5.6885,ok,
002062,1024,768,0.130702,512x512,512,384,262144,25708,0.09806824,9.8068,ok,
002063,3072,2304,0.430167,512x512,512,384,262144,84572,0.32261658,32.2617,ok,
002064,957,640,0.614436,512x512,512,342,262144,107534,0.41020966,41.021,ok,
002065,2592,1936,0.025572,512x512,512,382,262144,5028,0.0191803,1.918,ok,
002066,4288,2848,0.060153,512x512,512,340,262144,10476,0.03996277,3.9963,ok,
002067,1024,768,0.490865,512x512,512,384,262144,96492,0.36808777,36.8088,ok,
002068,640,480,0.130664,512x512,512,384,262144,25723,0.09812546,9.8125,ok,
002069,3008,2000,0.069771,512x512,512,340,262144,12156,0.04637146,4.6371,ok,
002070,2048,1536,0.48999,512x512,512,384,262144,96336,0.36749268,36.7493,ok,
002071,3872,2592,0.037198,512x512,512,343,262144,6537,0.02493668,2.4937,ok,
002072,3872,2592,0.290249,512x512,512,343,262144,50967,0.19442368,19.4424,ok,
002073,3008,2000,0.060937,512x512,512,340,262144,10608,0.04046631,4.0466,ok,
002074,6642,4422,0.425207,512x512,512,341,262144,74192,0.28302002,28.302,ok,
002075,3008,2000,0.538376,512x512,512,340,262144,93716,0.35749817,35.7498,ok,
002076,3008,2000,0.156356,512x512,512,340,262144,27200,0.10375977,10.376,ok,
002077,2556,2115,0.082615,512x512,512,424,262144,17955,0.06849289,6.8493,ok,
002078,3008,2000,0.038781,512x512,512,340,262144,6762,0.02579498,2.5795,ok,
002079,2048,1536,0.179641,512x512,512,384,262144,35319,0.13473129,13.4731,ok,
002080,4288,2848,0.007763,512x512,512,340,262144,1355,0.00516891,0.5169,ok,
002081,3072,2304,0.18196,512x512,512,384,262144,35801,0.13656998,13.657,ok,
002082,1024,768,0.538005,512x512,512,384,262144,105774,0.40349579,40.3496,ok,
002083,4288,2848,0.022374,512x512,512,340,262144,3890,0.01483917,1.4839,ok,
002084,1028,753,0.24386,512x512,512,375,262144,46788,0.17848206,17.8482,ok,
002085,1504,1129,0.240076,512x512,512,384,262144,47177,0.17996597,17.9966,ok,
002086,3008,2000,0.028867,512x512,512,340,262144,5040,0.01922607,1.9226,ok,
002087,3008,2000,0.120006,512x512,512,340,262144,20880,0.07965088,7.9651,ok,
002088,3072,2304,0.128937,512x512,512,384,262144,25352,0.09671021,9.671,ok,
002089,6641,4422,0.46184,512x512,512,341,262144,80626,0.30756378,30.7564,ok,
002090,1024,768,0.283165,512x512,512,384,262144,55666,0.21234894,21.2349,ok,
002091,6628,4439,0.57486,512x512,512,343,262144,100923,0.38499069,38.4991,ok,
002092,1024,768,0.100965,512x512,512,384,262144,19869,0.07579422,7.5794,ok,
002093,2048,1536,0.169637,512x512,512,384,262144,33234,0.12677765,12.6778,ok,
002094,3008,2000,0.071128,512x512,512,340,262144,12382,0.04723358,4.7234,ok,
002095,1024,768,0.687088,512x512,512,384,262144,135079,0.51528549,51.5285,ok,
002096,3072,2304,0.969373,512x512,512,384,262144,190576,0.72698975,72.699,review,almost_full_mask
002097,4288,2848,0.008618,512x512,512,340,262144,1497,0.0057106,0.5711,ok,
002098,3872,2592,0.040919,512x512,512,343,262144,7182,0.02739716,2.7397,ok,
002099,3872,2592,0.011114,512x512,512,343,262144,1951,0.00744247,0.7442,ok,
002100,2048,1536,0.397194,512x512,512,384,262144,78092,0.29789734,29.7897,ok,
002101,640,480,0.088997,512x512,512,384,262144,17517,0.06682205,6.6822,ok,
002102,4288,2848,0.124345,512x512,512,340,262144,21649,0.08258438,8.2584,ok,
002103,3072,2304,0.019139,512x512,512,384,262144,3764,0.01435852,1.4359,ok,
002104,1024,768,0.55815,512x512,512,384,262144,109712,0.41851807,41.8518,ok,
002105,2592,1936,0.019442,512x512,512,382,262144,3828,0.01460266,1.4603,ok,
002106,3072,2304,0.058015,512x512,512,384,262144,11408,0.04351807,4.3518,ok,
002107,640,480,0.065697,512x512,512,384,262144,12930,0.04932404,4.9324,ok,
002108,4288,2848,0.055107,512x512,512,340,262144,9600,0.03662109,3.6621,ok,
002109,6668,4459,0.961933,512x512,512,342,262144,168463,0.64263535,64.2635,review,almost_full_mask
002110,2048,1536,0.270363,512x512,512,384,262144,53156,0.20277405,20.2774,ok,
002111,640,480,0.594023,512x512,512,384,262144,116752,0.44537354,44.5374,ok,
002112,3072,2304,0.132902,512x512,512,384,262144,26132,0.09968567,9.9686,ok,
002113,6708,4439,0.047679,512x512,512,339,262144,8262,0.03151703,3.1517,ok,
002114,6648,4439,0.5086,512x512,512,342,262144,89069,0.33977127,33.9771,ok,
002115,3008,2000,0.068238,512x512,512,340,262144,11874,0.04529572,4.5296,ok,
002116,1024,768,0.424295,512x512,512,384,262144,83712,0.31933594,31.9336,ok,
002117,6808,4519,0.275324,512x512,512,340,262144,47927,0.182827,18.2827,ok,
002118,3008,2000,0.024549,512x512,512,340,262144,4284,0.01634216,1.6342,ok,
002119,919,802,0.405872,512x512,512,447,262144,92873,0.35428238,35.4282,ok,
002120,4288,2848,0.017387,512x512,512,340,262144,3028,0.0115509,1.1551,ok,
002121,6681,4440,0.104597,512x512,512,340,262144,18225,0.06952286,6.9523,ok,
002122,3072,2304,0.132276,512x512,512,384,262144,26103,0.09957504,9.9575,ok,
002123,3008,2000,0.081803,512x512,512,340,262144,14239,0.05431747,5.4317,ok,
002124,767,576,0.157144,512x512,512,385,262144,30914,0.11792755,11.7928,ok,
002125,4288,2848,0.018217,512x512,512,340,262144,3188,0.01216125,1.2161,ok,
002126,640,480,0.356686,512x512,512,384,262144,70175,0.26769638,26.7696,ok,
002127,3872,2592,0.025676,512x512,512,343,262144,4524,0.01725769,1.7258,ok,
002128,1024,768,0.940744,512x512,512,384,262144,185142,0.70626068,70.6261,ok,
002129,6668,4439,0.551659,512x512,512,341,262144,96333,0.36748123,36.7481,ok,
002130,4288,2848,0.011822,512x512,512,340,262144,2063,0.00786972,0.787,ok,
002131,4288,2848,0.137173,512x512,512,340,262144,23874,0.09107208,9.1072,ok,
002132,919,802,0.688952,512x512,512,447,262144,157647,0.60137558,60.1376,ok,
002133,640,480,0.191738,512x512,512,384,262144,37738,0.14395905,14.3959,ok,
002134,4288,2848,0.032799,512x512,512,340,262144,5708,0.02177429,2.1774,ok,
002135,3072,2304,0.431985,512x512,512,384,262144,84909,0.32390213,32.3902,ok,
002136,3008,2000,0.237049,512x512,512,340,262144,41265,0.15741348,15.7413,ok,
002137,3008,2000,0.079828,512x512,512,340,262144,13872,0.05291748,5.2917,ok,
002138,1024,768,0.083658,512x512,512,384,262144,16449,0.06274796,6.2748,ok,
002139,3072,2304,0.07541,512x512,512,384,262144,14828,0.05656433,5.6564,ok,
002140,4288,2848,0.011554,512x512,512,340,262144,2012,0.00767517,0.7675,ok,
002141,1024,768,0.909651,512x512,512,384,262144,178959,0.68267441,68.2674,ok,
002142,640,480,0.414277,512x512,512,384,262144,81500,0.31089783,31.0898,ok,
002143,3072,2304,0.310023,512x512,512,384,262144,60956,0.23252869,23.2529,ok,
002144,3008,2000,0.107572,512x512,512,340,262144,18708,0.07136536,7.1365,ok,
002145,1707,1222,0.086512,512x512,512,367,262144,16244,0.06196594,6.1966,ok,
002146,6748,4499,0.082342,512x512,512,341,262144,14368,0.05480957,5.481,ok,
002147,3008,2000,0.038877,512x512,512,340,262144,6764,0.02580261,2.5803,ok,
002148,3072,2304,0.112881,512x512,512,384,262144,22196,0.08467102,8.4671,ok,
002149,6688,4419,0.127199,512x512,512,338,262144,22003,0.08393478,8.3935,ok,
002150,2048,1536,0.235329,512x512,512,384,262144,46268,0.17649841,17.6498,ok,
002151,3024,2016,0.109839,512x512,512,341,262144,19186,0.07318878,7.3189,ok,
002152,767,576,0.227641,512x512,512,385,262144,44837,0.17103958,17.104,ok,
002153,3024,2016,0.030307,512x512,512,341,262144,5290,0.02017975,2.018,ok,
002154,640,480,0.586715,512x512,512,384,262144,115368,0.44009399,44.0094,ok,
002155,2621,2060,0.030898,512x512,512,402,262144,6355,0.0242424,2.4242,ok,
002156,767,576,0.190873,512x512,512,385,262144,37617,0.14349747,14.3497,ok,
002157,6694,4477,0.194497,512x512,512,342,262144,34004,0.12971497,12.9715,ok,
002158,4288,2848,0.006785,512x512,512,340,262144,1176,0.00448608,0.4486,ok,
002159,640,480,0.464128,512x512,512,384,262144,91236,0.34803772,34.8038,ok,
002160,4288,2848,0.048527,512x512,512,340,262144,8438,0.03218842,3.2188,ok,
002161,4288,2848,0.050764,512x512,512,340,262144,8824,0.03366089,3.3661,ok,
002162,4288,2848,0.026223,512x512,512,340,262144,4573,0.01744461,1.7445,ok,
002163,2448,2448,0.514423,512x512,512,512,262144,134860,0.51445007,51.445,ok,
002164,640,480,0.191624,512x512,512,384,262144,37699,0.14381027,14.381,ok,
002165,4288,2848,0.093904,512x512,512,340,262144,16342,0.06233978,6.234,ok,
002166,640,480,0.119349,512x512,512,384,262144,23491,0.08961105,8.9611,ok,
002167,640,480,0.059492,512x512,512,384,262144,11732,0.04475403,4.4754,ok,
002168,3072,2304,0.096223,512x512,512,384,262144,18920,0.07217407,7.2174,ok,
002169,6602,4361,0.218005,512x512,512,338,262144,37756,0.14402771,14.4028,ok,
002170,2592,1936,0.018037,512x512,512,382,262144,3552,0.0135498,1.355,ok,
002171,4288,2848,0.020757,512x512,512,340,262144,3611,0.01377487,1.3775,ok,
002172,853,680,0.287816,512x512,512,408,262144,60183,0.22957993,22.958,ok,
002173,6668,4439,0.36082,512x512,512,341,262144,62990,0.24028778,24.0288,ok,
002174,3072,2304,0.045564,512x512,512,384,262144,8960,0.03417969,3.418,ok,
002175,3872,2592,0.022757,512x512,512,343,262144,3991,0.01522446,1.5224,ok,
002176,6621,4401,0.423588,512x512,512,340,262144,73728,0.28125,28.125,ok,
002177,3072,2304,0.179801,512x512,512,384,262144,35358,0.13488007,13.488,ok,
002178,3872,2592,0.248103,512x512,512,343,262144,43585,0.16626358,16.6264,ok,
002179,3072,2304,0.179713,512x512,512,384,262144,35336,0.13479614,13.4796,ok,
002180,3872,2592,0.127559,512x512,512,343,262144,22395,0.08543015,8.543,ok,
002181,3024,2016,0.051609,512x512,512,341,262144,9013,0.03438187,3.4382,ok,
002182,724,542,0.648267,512x512,512,383,262144,127070,0.48473358,48.4734,ok,
002183,2592,1944,0.128764,512x512,512,384,262144,25328,0.09661865,9.6619,ok,
002184,1024,768,0.381541,512x512,512,384,262144,75015,0.28615952,28.616,ok,
002185,962,722,0.363807,512x512,512,384,262144,71529,0.27286148,27.2861,ok,
002186,4288,2848,0.096915,512x512,512,340,262144,16866,0.06433868,6.4339,ok,
002187,3072,2304,0.378791,512x512,512,384,262144,74468,0.28407288,28.4073,ok,
002188,3872,2592,0.011961,512x512,512,343,262144,2099,0.00800705,0.8007,ok,
002189,3872,2592,0.753365,512x512,512,343,262144,132297,0.504673,50.4673,ok,
002190,4288,2848,0.040167,512x512,512,340,262144,7019,0.02677536,2.6775,ok,
002191,3008,2000,0.077905,512x512,512,340,262144,13557,0.05171585,5.1716,ok,
002192,824,719,0.514293,512x512,512,447,262144,117726,0.44908905,44.9089,ok,
002193,1024,768,0.678605,512x512,512,384,262144,133471,0.50915146,50.9151,ok,
002194,6622,4402,0.229782,512x512,512,340,262144,40028,0.1526947,15.2695,ok,
002195,4288,2848,0.12888,512x512,512,340,262144,22461,0.08568192,8.5682,ok,
002196,3072,2304,0.04471,512x512,512,384,262144,8792,0.03353882,3.3539,ok,
002197,640,480,0.435371,512x512,512,384,262144,85641,0.32669449,32.6694,ok,
002198,1022,767,0.280558,512x512,512,384,262144,55084,0.21012878,21.0129,ok,
002199,640,480,0.282633,512x512,512,384,262144,55597,0.21208572,21.2086,ok,
002200,6642,4441,0.179614,512x512,512,342,262144,31452,0.11997986,11.998,ok,
002201,1024,768,0.812112,512x512,512,384,262144,159782,0.60951996,60.952,ok,
002202,1024,768,0.349401,512x512,512,384,262144,68730,0.26218414,26.2184,ok,
002203,1024,768,0.189107,512x512,512,384,262144,37182,0.14183807,14.1838,ok,
002204,3072,2304,0.033845,512x512,512,384,262144,6656,0.02539062,2.5391,ok,
002205,1024,768,0.116021,512x512,512,384,262144,22811,0.08701706,8.7017,ok,
002206,3072,2304,0.495889,512x512,512,384,262144,97467,0.3718071,37.1807,ok,
002207,1024,768,0.047822,512x512,512,384,262144,9407,0.03588486,3.5885,ok,
002208,3072,2304,0.01566,512x512,512,384,262144,3080,0.01174927,1.1749,ok,
002209,3872,2592,0.815757,512x512,512,343,262144,143271,0.54653549,54.6535,ok,
002210,2048,1536,0.275358,512x512,512,384,262144,54123,0.20646286,20.6463,ok,
002211,3072,2304,0.020114,512x512,512,384,262144,3956,0.01509094,1.5091,ok,
002212,919,802,0.176588,512x512,512,447,262144,40422,0.15419769,15.4198,ok,
002213,6668,4439,0.349603,512x512,512,341,262144,61037,0.23283768,23.2838,ok,
002214,3024,2016,0.062976,512x512,512,341,262144,10995,0.0419426,4.1943,ok,
002215,2448,2448,0.018573,512x512,512,512,262144,4876,0.01860046,1.86,ok,
002216,1024,768,0.202128,512x512,512,384,262144,39726,0.15154266,15.1543,ok,
002217,4288,2848,0.007587,512x512,512,340,262144,1325,0.00505447,0.5054,ok,
002218,3872,2592,0.184039,512x512,512,343,262144,32332,0.12333679,12.3337,ok,
002219,3872,2592,0.010813,512x512,512,343,262144,1908,0.00727844,0.7278,ok,
002220,3872,2592,0.014185,512x512,512,343,262144,2497,0.0095253,0.9525,ok,
002221,4288,2848,0.012504,512x512,512,340,262144,2173,0.00828934,0.8289,ok,
002222,3872,2592,0.012512,512x512,512,343,262144,2196,0.00837708,0.8377,ok,
002223,1024,768,0.142227,512x512,512,384,262144,27965,0.10667801,10.6678,ok,
002224,4288,2848,0.098805,512x512,512,340,262144,17204,0.06562805,6.5628,ok,
002225,3008,2000,0.317101,512x512,512,340,262144,55184,0.21051025,21.051,ok,
002226,1024,768,0.28567,512x512,512,384,262144,56155,0.21421432,21.4214,ok,
002227,3072,2304,0.297692,512x512,512,384,262144,58532,0.22328186,22.3282,ok,
002228,2816,2112,0.147634,512x512,512,384,262144,29018,0.11069489,11.0695,ok,
002229,3872,2592,0.735344,512x512,512,343,262144,129112,0.49252319,49.2523,ok,
002230,6621,4401,0.108156,512x512,512,340,262144,18826,0.07181549,7.1815,ok,
002231,4288,2848,0.014722,512x512,512,340,262144,2572,0.0098114,0.9811,ok,
002232,919,802,0.293221,512x512,512,447,262144,67118,0.25603485,25.6035,ok,
002233,6648,4419,0.19088,512x512,512,340,262144,33231,0.1267662,12.6766,ok,
002234,6661,4441,0.032044,512x512,512,341,262144,5596,0.02134705,2.1347,ok,
002235,640,480,0.175732,512x512,512,384,262144,34580,0.13191223,13.1912,ok,
002236,640,480,0.632513,512x512,512,384,262144,124304,0.47418213,47.4182,ok,
002237,3872,2592,0.086481,512x512,512,343,262144,15192,0.05795288,5.7953,ok,
002238,6688,4439,0.06606,512x512,512,340,262144,11500,0.04386902,4.3869,ok,
002239,3872,2592,0.029703,512x512,512,343,262144,5213,0.01988602,1.9886,ok,
002240,3072,2304,0.130338,512x512,512,384,262144,25628,0.09776306,9.7763,ok,
002241,6628,4419,0.090284,512x512,512,341,262144,15756,0.06010437,6.0104,ok,
002242,3072,2304,0.131186,512x512,512,384,262144,25778,0.09833527,9.8335,ok,
002243,919,802,0.297503,512x512,512,447,262144,68088,0.25973511,25.9735,ok,
002244,3072,2304,0.287516,512x512,512,384,262144,56543,0.21569443,21.5694,ok,
002245,4288,2848,0.054505,512x512,512,340,262144,9487,0.03619003,3.619,ok,
002246,4288,2848,0.053923,512x512,512,340,262144,9364,0.03572083,3.5721,ok,
002247,965,624,0.267711,512x512,512,331,262144,45379,0.17310715,17.3107,ok,
002248,1502,1051,0.171127,512x512,512,358,262144,31373,0.1196785,11.9678,ok,
002249,3024,2016,0.06179,512x512,512,341,262144,10795,0.04117966,4.118,ok,
002250,3024,2016,0.097768,512x512,512,341,262144,17051,0.0650444,6.5044,ok,
002251,640,480,0.082936,512x512,512,384,262144,16324,0.06227112,6.2271,ok,
002252,6681,4441,0.651517,512x512,512,340,262144,113390,0.43254852,43.2549,ok,
002253,4288,2848,0.011355,512x512,512,340,262144,1981,0.00755692,0.7557,ok,
002254,767,576,0.699125,512x512,512,385,262144,137941,0.52620316,52.6203,ok,
002255,1024,768,0.506348,512x512,512,384,262144,99548,0.37974548,37.9745,ok,
002256,2304,1536,0.042277,512x512,512,341,262144,7372,0.02812195,2.8122,ok,
002257,3072,2304,0.673553,512x512,512,384,262144,132430,0.50518036,50.518,ok,
002258,4288,2848,0.22172,512x512,512,340,262144,38592,0.1472168,14.7217,ok,
002259,1024,768,0.361069,512x512,512,384,262144,71004,0.27085876,27.0859,ok,
002260,824,719,0.51285,512x512,512,447,262144,117411,0.44788742,44.7887,ok,
002261,3008,2000,0.019582,512x512,512,340,262144,3404,0.01298523,1.2985,ok,
002262,3008,2000,0.116696,512x512,512,340,262144,20307,0.07746506,7.7465,ok,
002263,1024,768,0.101376,512x512,512,384,262144,19924,0.07600403,7.6004,ok,
002264,3872,2592,0.057373,512x512,512,343,262144,10072,0.03842163,3.8422,ok,
002265,3008,2000,0.003202,512x512,512,340,262144,557,0.00212479,0.2125,review,very_small_lesion
002266,3024,2016,0.078918,512x512,512,341,262144,13781,0.05257034,5.257,ok,
002267,6642,4421,0.274517,512x512,512,341,262144,47936,0.18286133,18.2861,ok,
002268,3872,2592,0.091091,512x512,512,343,262144,15987,0.06098557,6.0986,ok,
002269,6688,4439,0.191397,512x512,512,340,262144,33326,0.1271286,12.7129,ok,
002270,4288,2848,0.016238,512x512,512,340,262144,2836,0.01081848,1.0818,ok,
002271,6668,4439,0.514224,512x512,512,341,262144,89824,0.34265137,34.2651,ok,
002272,6648,4439,0.409501,512x512,512,342,262144,71697,0.27350235,27.3502,ok,
002273,4288,2848,0.020718,512x512,512,340,262144,3601,0.01373672,1.3737,ok,
002274,3008,2000,0.00862,512x512,512,340,262144,1500,0.00572205,0.5722,ok,
002275,3024,2016,0.028507,512x512,512,341,262144,4979,0.01899338,1.8993,ok,
002276,3072,2304,0.028048,512x512,512,384,262144,5516,0.02104187,2.1042,ok,
002277,4288,2848,0.027605,512x512,512,340,262144,4808,0.01834106,1.8341,ok,
002278,3072,2304,0.242406,512x512,512,384,262144,47656,0.18179321,18.1793,ok,
002279,3008,2000,0.010225,512x512,512,340,262144,1785,0.00680923,0.6809,ok,
002280,3072,2304,0.712743,512x512,512,384,262144,140108,0.5344696,53.447,ok,
002281,4288,2848,0.385004,512x512,512,340,262144,67012,0.25563049,25.563,ok,
002282,1024,768,0.189063,512x512,512,384,262144,37168,0.14178467,14.1785,ok,
002283,1024,768,0.197859,512x512,512,384,262144,38909,0.14842606,14.8426,ok,
002284,1024,768,0.319581,512x512,512,384,262144,62816,0.23962402,23.9624,ok,
002285,2592,1936,0.058616,512x512,512,382,262144,11520,0.04394531,4.3945,ok,
002286,3872,2592,0.141269,512x512,512,343,262144,24793,0.09457779,9.4578,ok,
002287,3008,2000,0.248505,512x512,512,340,262144,43255,0.16500473,16.5005,ok,
002288,640,480,0.30999,512x512,512,384,262144,60965,0.23256302,23.2563,ok,
002289,3072,2304,0.361361,512x512,512,384,262144,71050,0.27103424,27.1034,ok,
002290,1024,768,0.094065,512x512,512,384,262144,18516,0.07063293,7.0633,ok,
002291,1024,768,0.302054,512x512,512,384,262144,59365,0.2264595,22.646,ok,
002292,6641,4402,0.339377,512x512,512,339,262144,58900,0.22468567,22.4686,ok,
002293,640,480,0.299261,512x512,512,384,262144,58899,0.22468185,22.4682,ok,
002294,3008,2000,0.104737,512x512,512,340,262144,18208,0.06945801,6.9458,ok,
002295,3072,2304,0.162546,512x512,512,384,262144,31959,0.12191391,12.1914,ok,
002296,3024,2016,0.05696,512x512,512,341,262144,9955,0.03797531,3.7975,ok,
002297,3072,2304,0.065521,512x512,512,384,262144,12884,0.04914856,4.9149,ok,
002298,2048,1536,0.323372,512x512,512,384,262144,63564,0.24247742,24.2477,ok,
002299,3008,2000,0.017138,512x512,512,340,262144,2996,0.01142883,1.1429,ok,
002300,3008,2000,0.111617,512x512,512,340,262144,19434,0.07413483,7.4135,ok,
002301,1502,1043,0.41238,512x512,512,356,262144,75161,0.28671646,28.6716,ok,
002302,3872,2592,0.886131,512x512,512,343,262144,155720,0.59402466,59.4025,ok,
002303,4288,2848,0.055773,512x512,512,340,262144,9717,0.03706741,3.7067,ok,
002304,1024,768,0.222558,512x512,512,384,262144,43760,0.16693115,16.6931,ok,
002305,640,480,0.536787,512x512,512,384,262144,105601,0.40283585,40.2836,ok,
002306,1024,768,0.261548,512x512,512,384,262144,51422,0.19615936,19.6159,ok,
002307,3008,2000,0.082649,512x512,512,340,262144,14392,0.05490112,5.4901,ok,
002308,3072,2304,0.149622,512x512,512,384,262144,29387,0.11210251,11.2103,ok,
002309,3008,2000,0.014703,512x512,512,340,262144,2560,0.00976562,0.9766,ok,
002310,4288,2848,0.026593,512x512,512,340,262144,4629,0.01765823,1.7658,ok,
002311,962,671,0.157927,512x512,512,357,262144,28877,0.11015701,11.0157,ok,
002312,1504,1129,0.429782,512x512,512,384,262144,84487,0.32229233,32.2292,ok,
002313,640,480,0.233148,512x512,512,384,262144,45892,0.17506409,17.5064,ok,
002314,3072,2304,0.243983,512x512,512,384,262144,47972,0.18299866,18.2999,ok,
002315,2048,1536,0.022532,512x512,512,384,262144,4512,0.01721191,1.7212,ok,
002316,3008,2000,0.126648,512x512,512,340,262144,22049,0.08411026,8.411,ok,
002317,640,480,0.219303,512x512,512,384,262144,43127,0.16451645,16.4516,ok,
002318,2392,2237,0.325401,512x512,512,479,262144,79797,0.3044014,30.4401,ok,
002319,3008,2000,0.004635,512x512,512,340,262144,812,0.00309753,0.3098,review,very_small_lesion
002320,1024,768,0.375333,512x512,512,384,262144,73762,0.2813797,28.138,ok,
002321,640,480,0.134987,512x512,512,384,262144,26563,0.1013298,10.133,ok,
002322,4288,2848,0.055283,512x512,512,340,262144,9628,0.03672791,3.6728,ok,
002323,3008,2000,0.015012,512x512,512,340,262144,2624,0.01000977,1.001,ok,
002324,640,480,0.141546,512x512,512,384,262144,27856,0.10626221,10.6262,ok,
002325,4288,2848,0.041644,512x512,512,340,262144,7247,0.02764511,2.7645,ok,
002326,6708,4459,0.494376,512x512,512,340,262144,86013,0.32811356,32.8114,ok,
002327,1024,768,0.354534,512x512,512,384,262144,69686,0.26583099,26.5831,ok,
002328,4288,2848,0.326194,512x512,512,340,262144,56793,0.2166481,21.6648,ok,
002329,4288,2848,0.048141,512x512,512,340,262144,8392,0.03201294,3.2013,ok,
002330,640,480,0.294648,512x512,512,384,262144,57980,0.22117615,22.1176,ok,
002331,640,480,0.424805,512x512,512,384,262144,83597,0.31889725,31.8897,ok,
002332,767,576,0.12869,512x512,512,385,262144,25348,0.09669495,9.6695,ok,
002333,3072,2304,0.046236,512x512,512,384,262144,9092,0.03468323,3.4683,ok,
002334,6708,4439,0.106636,512x512,512,339,262144,18516,0.07063293,7.0633,ok,
002335,3008,2000,0.044201,512x512,512,340,262144,7696,0.02935791,2.9358,ok,
002336,4288,2848,0.148097,512x512,512,340,262144,25784,0.09835815,9.8358,ok,
002337,3072,2304,0.225243,512x512,512,384,262144,44288,0.16894531,16.8945,ok,
002338,1024,768,0.280108,512x512,512,384,262144,55092,0.2101593,21.0159,ok,
002339,4288,2848,0.132215,512x512,512,340,262144,23010,0.08777618,8.7776,ok,
002340,1024,768,0.464601,512x512,512,384,262144,91354,0.34848785,34.8488,ok,
002341,4288,2848,0.010811,512x512,512,340,262144,1884,0.00718689,0.7187,ok,
002342,1024,768,0.227707,512x512,512,384,262144,44783,0.17083359,17.0834,ok,
002343,3024,2016,0.116194,512x512,512,341,262144,20287,0.07738876,7.7389,ok,
002344,4288,2848,0.00733,512x512,512,340,262144,1284,0.00489807,0.4898,ok,
002345,3072,2304,0.200954,512x512,512,384,262144,39512,0.15072632,15.0726,ok,
002346,3072,2304,0.352561,512x512,512,384,262144,69320,0.26443481,26.4435,ok,
002347,2530,2122,0.34992,512x512,512,429,262144,76873,0.29324722,29.3247,ok,
002348,3008,2000,0.04739,512x512,512,340,262144,8241,0.03143692,3.1437,ok,
002349,1024,768,0.166261,512x512,512,384,262144,32680,0.12466431,12.4664,ok,
002350,1024,768,0.516363,512x512,512,384,262144,101522,0.3872757,38.7276,ok,
002351,3072,2304,0.310389,512x512,512,384,262144,61038,0.23284149,23.2841,ok,
002352,4288,2848,0.066299,512x512,512,340,262144,11541,0.04402542,4.4025,ok,
002353,640,480,0.448955,512x512,512,384,262144,88305,0.33685684,33.6857,ok,
002354,3072,2304,0.053191,512x512,512,384,262144,10465,0.03992081,3.9921,ok,
002355,3024,2016,0.056199,512x512,512,341,262144,9815,0.03744125,3.7441,ok,
002356,4288,2848,0.02074,512x512,512,340,262144,3609,0.01376724,1.3767,ok,
002357,3008,2000,0.152886,512x512,512,340,262144,26604,0.10148621,10.1486,ok,
002358,3008,2000,0.023949,512x512,512,340,262144,4165,0.01588821,1.5888,ok,
002359,3008,2000,0.030755,512x512,512,340,262144,5352,0.02041626,2.0416,ok,
002360,3072,2304,0.114104,512x512,512,384,262144,22436,0.08558655,8.5587,ok,
002361,3072,2304,0.590433,512x512,512,384,262144,116081,0.44281387,44.2814,ok,
002362,722,542,0.5958,512x512,512,384,262144,117129,0.44681168,44.6812,ok,
002363,6688,4419,0.129121,512x512,512,338,262144,22366,0.08531952,8.532,ok,
002364,3072,2304,0.629712,512x512,512,384,262144,123799,0.47225571,47.2256,ok,
002365,640,480,0.110742,512x512,512,384,262144,21761,0.08301163,8.3012,ok,
002366,4288,2848,0.02095,512x512,512,340,262144,3660,0.01396179,1.3962,ok,
002367,6708,4439,0.45179,512x512,512,339,262144,78426,0.29917145,29.9171,ok,
002368,3872,2592,0.069461,512x512,512,343,262144,12190,0.04650116,4.6501,ok,
002369,3008,2000,0.100295,512x512,512,340,262144,17456,0.06658936,6.6589,ok,
002370,3072,2304,0.231972,512x512,512,384,262144,45648,0.1741333,17.4133,ok,
002371,3072,2304,0.11347,512x512,512,384,262144,22302,0.08507538,8.5075,ok,
002372,3008,2000,0.021512,512x512,512,340,262144,3760,0.01434326,1.4343,ok,
002373,1024,768,0.143637,512x512,512,384,262144,28242,0.10773468,10.7735,ok,
002374,3072,2304,1.0,512x512,512,384,262144,196608,0.75,75.0,review,almost_full_mask
002375,3072,2304,0.115996,512x512,512,384,262144,22808,0.08700562,8.7006,ok,
002376,6668,4439,0.41218,512x512,512,341,262144,71972,0.27455139,27.4551,ok,
002377,4288,2848,0.064736,512x512,512,340,262144,11268,0.04298401,4.2984,ok,
002378,4288,2848,0.01697,512x512,512,340,262144,2948,0.01124573,1.1246,ok,
002379,3072,2304,0.104401,512x512,512,384,262144,20528,0.07830811,7.8308,ok,
002380,6642,4441,0.380917,512x512,512,342,262144,66656,0.25427246,25.4272,ok,
002381,2304,1536,0.0177,512x512,512,341,262144,3072,0.01171875,1.1719,ok,
002382,2592,1944,0.006439,512x512,512,384,262144,1264,0.00482178,0.4822,ok,
002383,4288,2848,0.026444,512x512,512,340,262144,4600,0.01754761,1.7548,ok,
002384,3008,2000,0.013123,512x512,512,340,262144,2300,0.0087738,0.8774,ok,
002385,3072,2304,0.395517,512x512,512,384,262144,77754,0.29660797,29.6608,ok,
002386,4288,2848,0.096461,512x512,512,340,262144,16796,0.06407166,6.4072,ok,
002387,767,576,0.391229,512x512,512,385,262144,77130,0.2942276,29.4228,ok,
002388,4288,2848,0.035413,512x512,512,340,262144,6160,0.02349854,2.3499,ok,
002389,3008,2000,0.066173,512x512,512,340,262144,11512,0.04391479,4.3915,ok,
002390,4288,2848,0.065068,512x512,512,340,262144,11330,0.04322052,4.3221,ok,
002391,962,722,0.506289,512x512,512,384,262144,99584,0.37988281,37.9883,ok,
002392,3008,2000,0.150713,512x512,512,340,262144,26224,0.10003662,10.0037,ok,
002393,6661,4441,0.233528,512x512,512,341,262144,40736,0.15539551,15.5396,ok,
002394,919,802,0.177276,512x512,512,447,262144,40565,0.15474319,15.4743,ok,
002395,3008,2000,0.018129,512x512,512,340,262144,3164,0.0120697,1.207,ok,
002396,3872,2592,0.103048,512x512,512,343,262144,18075,0.06895065,6.8951,ok,
002397,3008,2000,0.128814,512x512,512,340,262144,22409,0.08548355,8.5484,ok,
002398,2592,1936,0.202066,512x512,512,382,262144,39522,0.15076447,15.0764,ok,
002399,6701,4440,0.120231,512x512,512,339,262144,20875,0.07963181,7.9632,ok,
002400,722,542,0.494416,512x512,512,384,262144,97205,0.37080765,37.0808,ok,
002401,4288,2848,0.119185,512x512,512,340,262144,20749,0.07915115,7.9151,ok,
002402,4288,2848,0.166138,512x512,512,340,262144,28920,0.11032104,11.0321,ok,
002403,3872,2592,0.024945,512x512,512,343,262144,4400,0.01678467,1.6785,ok,
002404,3008,2000,0.002977,512x512,512,340,262144,514,0.00196075,0.1961,review,very_small_lesion
002405,4608,3072,0.180861,512x512,512,341,262144,31602,0.12055206,12.0552,ok,
002406,3008,2000,0.153516,512x512,512,340,262144,26719,0.1019249,10.1925,ok,
002407,718,542,0.304125,512x512,512,386,262144,60079,0.2291832,22.9183,ok,
002408,4288,2848,0.064568,512x512,512,340,262144,11224,0.04281616,4.2816,ok,
002409,4288,2848,0.027138,512x512,512,340,262144,4723,0.01801682,1.8017,ok,
002410,640,480,0.176536,512x512,512,384,262144,34745,0.13254166,13.2542,ok,
002411,6641,4420,0.099826,512x512,512,341,262144,17436,0.06651306,6.6513,ok,
002412,1024,768,0.091092,512x512,512,384,262144,17888,0.0682373,6.8237,ok,
002413,1024,768,0.330894,512x512,512,384,262144,65057,0.24817276,24.8173,ok,
002414,4288,2848,0.083325,512x512,512,340,262144,14500,0.05531311,5.5313,ok,
002415,3072,2304,0.076378,512x512,512,384,262144,15014,0.05727386,5.7274,ok,
002416,3872,2592,0.114557,512x512,512,343,262144,20140,0.076828,7.6828,ok,
002417,3072,2304,0.12747,512x512,512,384,262144,25064,0.09561157,9.5612,ok,
002418,3072,2304,0.098053,512x512,512,384,262144,19280,0.07354736,7.3547,ok,
002419,3008,2000,0.072834,512x512,512,340,262144,12688,0.04840088,4.8401,ok,
002420,3008,2000,0.007876,512x512,512,340,262144,1380,0.00526428,0.5264,ok,
002421,640,480,0.478086,512x512,512,384,262144,94083,0.35889816,35.8898,ok,
002422,6708,4439,0.46507,512x512,512,339,262144,80735,0.30797958,30.798,ok,
002423,4288,2848,0.380226,512x512,512,340,262144,66191,0.25249863,25.2499,ok,
002424,4288,2848,0.033973,512x512,512,340,262144,5918,0.02257538,2.2575,ok,
002425,4288,2848,0.044901,512x512,512,340,262144,7808,0.02978516,2.9785,ok,
002426,640,480,0.185267,512x512,512,384,262144,36381,0.1387825,13.8783,ok,
002427,3872,2592,0.021818,512x512,512,343,262144,3831,0.01461411,1.4614,ok,
002428,3072,2304,0.048005,512x512,512,384,262144,9440,0.03601074,3.6011,ok,
002429,4288,2848,0.018088,512x512,512,340,262144,3152,0.01202393,1.2024,ok,
002430,4288,2848,0.013027,512x512,512,340,262144,2260,0.00862122,0.8621,ok,
002431,1024,768,0.088066,512x512,512,384,262144,17316,0.0660553,6.6055,ok,
002432,3072,2304,0.090911,512x512,512,384,262144,17876,0.06819153,6.8192,ok,
002433,3008,2000,0.013275,512x512,512,340,262144,2312,0.00881958,0.882,ok,
002434,640,480,0.240176,512x512,512,384,262144,47212,0.18009949,18.0099,ok,
002435,6641,4441,0.095146,512x512,512,342,262144,16676,0.06361389,6.3614,ok,
002436,767,576,0.176205,512x512,512,385,262144,34727,0.13247299,13.2473,ok,
002437,3024,2016,0.08089,512x512,512,341,262144,14121,0.05386734,5.3867,ok,
002438,2592,1936,0.121789,512x512,512,382,262144,23827,0.09089279,9.0893,ok,
002439,1024,768,0.575545,512x512,512,384,262144,113229,0.43193436,43.1934,ok,
002440,3008,2000,0.018421,512x512,512,340,262144,3205,0.0122261,1.2226,ok,
002441,3024,2016,0.085751,512x512,512,341,262144,14958,0.05706024,5.706,ok,
002442,6688,4439,0.232967,512x512,512,340,262144,40567,0.15475082,15.4751,ok,
002443,3008,2000,0.055095,512x512,512,340,262144,9600,0.03662109,3.6621,ok,
002444,6602,4380,0.177432,512x512,512,340,262144,30898,0.11786652,11.7867,ok,
002445,4288,2848,0.047076,512x512,512,340,262144,8184,0.03121948,3.1219,ok,
002446,4288,2848,0.087815,512x512,512,340,262144,15285,0.05830765,5.8308,ok,
002447,4288,2848,0.018557,512x512,512,340,262144,3220,0.01228333,1.2283,ok,
002448,1024,768,0.139111,512x512,512,384,262144,27371,0.10441208,10.4412,ok,
002449,2592,1936,0.139401,512x512,512,382,262144,27254,0.10396576,10.3966,ok,
002450,3008,2000,0.018752,512x512,512,340,262144,3268,0.01246643,1.2466,ok,
002451,6641,4400,0.322826,512x512,512,339,262144,56031,0.2137413,21.3741,ok,
002452,3024,2016,0.068977,512x512,512,341,262144,12048,0.04595947,4.5959,ok,
002453,4288,2848,0.031199,512x512,512,340,262144,5450,0.0207901,2.079,ok,
002454,4288,2848,0.038495,512x512,512,340,262144,6692,0.02552795,2.5528,ok,
002455,3072,2304,0.144034,512x512,512,384,262144,28319,0.10802841,10.8028,ok,
002456,640,480,0.240107,512x512,512,384,262144,47241,0.18021011,18.021,ok,
002457,640,480,0.267673,512x512,512,384,262144,52663,0.2008934,20.0893,ok,
002458,4288,2848,0.055597,512x512,512,340,262144,9670,0.03688812,3.6888,ok,
002459,6688,4439,0.121906,512x512,512,340,262144,21238,0.08101654,8.1017,ok,
002460,1504,1129,0.505169,512x512,512,384,262144,99367,0.37905502,37.9055,ok,
002461,6688,4439,0.310677,512x512,512,340,262144,54108,0.20640564,20.6406,ok,
002462,4288,2848,0.115494,512x512,512,340,262144,20108,0.07670593,7.6706,ok,
002463,1024,768,0.05795,512x512,512,384,262144,11406,0.04351044,4.351,ok,
002464,3072,2304,0.047762,512x512,512,384,262144,9392,0.03582764,3.5828,ok,
002465,640,480,0.073063,512x512,512,384,262144,14397,0.0549202,5.492,ok,
002466,640,480,0.820531,512x512,512,384,262144,161360,0.61553955,61.554,ok,
002467,4288,2848,0.04313,512x512,512,340,262144,7500,0.02861023,2.861,ok,
002468,3072,2304,0.158843,512x512,512,384,262144,31232,0.11914062,11.9141,ok,
002469,3008,2000,0.040607,512x512,512,340,262144,7080,0.02700806,2.7008,ok,
002470,3072,2304,0.20712,512x512,512,384,262144,40718,0.15532684,15.5327,ok,
002471,6688,4439,0.190244,512x512,512,340,262144,33089,0.12622452,12.6225,ok,
002472,3072,2304,0.067588,512x512,512,384,262144,13293,0.05070877,5.0709,ok,
002473,3072,2304,0.838676,512x512,512,384,262144,164871,0.62893295,62.8933,ok,
002474,960,645,0.179194,512x512,512,344,262144,31572,0.12043762,12.0438,ok,
002475,4288,2848,0.259435,512x512,512,340,262144,45165,0.1722908,17.2291,ok,
002476,4288,2848,0.246714,512x512,512,340,262144,42949,0.16383743,16.3837,ok,
002477,2048,1536,0.220558,512x512,512,384,262144,43364,0.16542053,16.5421,ok,
002478,6641,4440,0.412126,512x512,512,342,262144,72147,0.27521896,27.5219,ok,
002479,1024,768,0.828489,512x512,512,384,262144,162917,0.62147903,62.1479,ok,
002480,1024,768,0.490557,512x512,512,384,262144,96893,0.36961746,36.9617,ok,
002481,4288,2848,0.38328,512x512,512,340,262144,66760,0.25466919,25.4669,ok,
002482,4288,2848,0.062177,512x512,512,340,262144,10796,0.04118347,4.1183,ok,
002483,640,480,0.204951,512x512,512,384,262144,40290,0.15369415,15.3694,ok,
002484,1022,767,0.091723,512x512,512,384,262144,18028,0.06877136,6.8771,ok,
002485,6648,4459,0.494187,512x512,512,343,262144,86752,0.33093262,33.0933,ok,
002486,4288,2848,0.180607,512x512,512,340,262144,31420,0.11985779,11.9858,ok,
002487,3072,2304,0.492327,512x512,512,384,262144,96796,0.36924744,36.9247,ok,
002488,4288,2848,0.927283,512x512,512,340,262144,161409,0.61572647,61.5726,ok,
002489,640,480,0.301338,512x512,512,384,262144,59246,0.22600555,22.6006,ok,
002490,3072,2304,0.057222,512x512,512,384,262144,11252,0.04292297,4.2923,ok,
002491,3072,2304,0.288399,512x512,512,384,262144,56704,0.21630859,21.6309,ok,
002492,640,480,0.455866,512x512,512,384,262144,89599,0.34179306,34.1793,ok,
002493,961,649,0.114018,512x512,512,346,262144,20218,0.07712555,7.7126,ok,
002494,6668,4439,0.156644,512x512,512,341,262144,27330,0.10425568,10.4256,ok,
002495,4288,2848,0.087271,512x512,512,340,262144,15190,0.05794525,5.7945,ok,
002496,3008,2000,0.017798,512x512,512,340,262144,3100,0.01182556,1.1826,ok,
002497,4288,2848,0.502874,512x512,512,340,262144,87498,0.33377838,33.3778,ok,
002498,3072,2304,0.507719,512x512,512,384,262144,99826,0.38080597,38.0806,ok,
002499,2304,1536,0.059719,512x512,512,341,262144,10456,0.03988647,3.9886,ok,
002500,1024,768,0.059757,512x512,512,384,262144,11748,0.04481506,4.4815,ok,
002501,919,802,0.312493,512x512,512,447,262144,71552,0.27294922,27.2949,ok,
002502,3008,2000,0.048445,512x512,512,340,262144,8425,0.03213882,3.2139,ok,
002503,3008,2000,0.010319,512x512,512,340,262144,1808,0.00689697,0.6897,ok,
002504,3072,2304,0.083161,512x512,512,384,262144,16352,0.06237793,6.2378,ok,
002505,3872,2592,0.722988,512x512,512,343,262144,126971,0.48435593,48.4356,ok,
002506,4288,2848,0.058837,512x512,512,340,262144,10232,0.03903198,3.9032,ok,
002507,1028,753,0.357873,512x512,512,375,262144,68734,0.2621994,26.2199,ok,
002508,1024,768,0.1307,512x512,512,384,262144,25673,0.09793472,9.7935,ok,
002509,640,480,0.146048,512x512,512,384,262144,28752,0.10968018,10.968,ok,
002510,6688,4459,0.007946,512x512,512,341,262144,1390,0.00530243,0.5302,ok,
002511,1024,768,0.296933,512x512,512,384,262144,58380,0.22270203,22.2702,ok,
002512,640,480,0.554831,512x512,512,384,262144,109088,0.4161377,41.6138,ok,
002513,640,480,0.087467,512x512,512,384,262144,17211,0.06565475,6.5655,ok,
002514,6648,4439,0.571216,512x512,512,342,262144,100021,0.38154984,38.155,ok,
002515,3072,2304,0.183536,512x512,512,384,262144,36087,0.13766098,13.7661,ok,
002516,1024,768,0.202752,512x512,512,384,262144,39886,0.15215302,15.2153,ok,
002517,640,480,0.159967,512x512,512,384,262144,31500,0.12016296,12.0163,ok,
002518,3072,2304,0.096101,512x512,512,384,262144,18896,0.07208252,7.2083,ok,
002519,1024,768,0.114362,512x512,512,384,262144,22488,0.08578491,8.5785,ok,
002520,2048,1536,0.109371,512x512,512,384,262144,21577,0.08230972,8.231,ok,
002521,6648,4439,0.228276,512x512,512,342,262144,39987,0.1525383,15.2538,ok,
002522,6668,4418,0.647874,512x512,512,339,262144,112430,0.42888641,42.8886,ok,
002523,2565,2000,0.226949,512x512,512,399,262144,46332,0.17674255,17.6743,ok,
002524,919,802,0.249322,512x512,512,447,262144,57044,0.21760559,21.7606,ok,
002525,3072,2304,0.091476,512x512,512,384,262144,17974,0.06856537,6.8565,ok,
002526,1024,768,0.113146,512x512,512,384,262144,22229,0.08479691,8.4797,ok,
002527,2048,1536,0.934605,512x512,512,384,262144,183736,0.70089722,70.0897,ok,
002528,640,480,0.241276,512x512,512,384,262144,47495,0.18117905,18.1179,ok,
002529,4288,2848,0.022843,512x512,512,340,262144,3988,0.01521301,1.5213,ok,
002530,3072,2304,0.215846,512x512,512,384,262144,42440,0.16189575,16.1896,ok,
002531,6708,4439,0.077575,512x512,512,339,262144,13470,0.05138397,5.1384,ok,
002532,2583,2096,0.066636,512x512,512,415,262144,14133,0.05391312,5.3913,ok,
002533,2304,1536,0.06955,512x512,512,341,262144,12124,0.04624939,4.6249,ok,
002534,4288,2848,0.567868,512x512,512,340,262144,98856,0.37710571,37.7106,ok,
002535,6648,4419,0.179506,512x512,512,340,262144,31255,0.11922836,11.9228,ok,
002536,4288,2848,0.171474,512x512,512,340,262144,29852,0.11387634,11.3876,ok,
002537,3072,2304,0.1349,512x512,512,384,262144,26508,0.10112,10.112,ok,
002538,640,480,0.283981,512x512,512,384,262144,55886,0.21318817,21.3188,ok,
002539,4288,2848,0.019537,512x512,512,340,262144,3404,0.01298523,1.2985,ok,
002540,4288,2848,0.041152,512x512,512,340,262144,7160,0.02731323,2.7313,ok,
002541,3024,2016,0.021523,512x512,512,341,262144,3775,0.01440048,1.44,ok,
002542,3872,2592,0.136335,512x512,512,343,262144,23940,0.09132385,9.1324,ok,
002543,3008,2000,0.80471,512x512,512,340,262144,140062,0.53429413,53.4294,ok,
002544,640,480,0.15401,512x512,512,384,262144,30306,0.11560822,11.5608,ok,
002545,2592,1944,0.450632,512x512,512,384,262144,88608,0.3380127,33.8013,ok,
002546,3072,2304,0.479413,512x512,512,384,262144,94248,0.35952759,35.9528,ok,
002547,1024,768,0.64939,512x512,512,384,262144,127676,0.48704529,48.7045,ok,
002548,1024,768,0.088648,512x512,512,384,262144,17426,0.06647491,6.6475,ok,
002549,3072,2304,0.210965,512x512,512,384,262144,41480,0.15823364,15.8234,ok,
002550,3024,2016,0.114276,512x512,512,341,262144,19941,0.07606888,7.6069,ok,
002551,1024,768,0.086252,512x512,512,384,262144,16965,0.06471634,6.4716,ok,
002552,2344,1330,0.251444,512x512,512,291,262144,37477,0.14296341,14.2963,ok,
002553,1044,986,0.262297,512x512,512,484,262144,65033,0.24808121,24.8081,ok,
002554,6708,4439,0.402417,512x512,512,339,262144,69806,0.26628876,26.6289,ok,
002555,3072,2304,0.343028,512x512,512,384,262144,67433,0.25723648,25.7236,ok,
002556,640,480,0.298298,512x512,512,384,262144,58737,0.22406387,22.4064,ok,
002557,1024,768,0.248065,512x512,512,384,262144,48763,0.18601608,18.6016,ok,
002558,6668,4439,0.146326,512x512,512,341,262144,25540,0.09742737,9.7427,ok,
002559,640,480,0.380124,512x512,512,384,262144,74711,0.28499985,28.5,ok,
002560,1024,768,0.329072,512x512,512,384,262144,64700,0.24681091,24.6811,ok,
002561,767,576,0.138699,512x512,512,385,262144,27335,0.10427475,10.4275,ok,
002562,4288,2848,0.015874,512x512,512,340,262144,2768,0.01055908,1.0559,ok,
002563,1024,768,0.092588,512x512,512,384,262144,18204,0.06944275,6.9443,ok,
002564,3008,2000,0.012517,512x512,512,340,262144,2168,0.00827026,0.827,ok,
002565,1024,768,0.456989,512x512,512,384,262144,89861,0.34279251,34.2793,ok,
002566,2048,1536,0.488758,512x512,512,384,262144,96087,0.36654282,36.6543,ok,
002567,3008,2000,0.018629,512x512,512,340,262144,3260,0.01243591,1.2436,ok,
002568,4288,2848,0.021201,512x512,512,340,262144,3693,0.01408768,1.4088,ok,
002569,6648,4419,0.230662,512x512,512,340,262144,40172,0.15324402,15.3244,ok,
002570,4288,2848,0.10361,512x512,512,340,262144,18038,0.06880951,6.881,ok,
002571,4288,2848,0.122059,512x512,512,340,262144,21251,0.08106613,8.1066,ok,
002572,1022,767,0.275768,512x512,512,384,262144,54179,0.20667648,20.6676,ok,
002573,4288,2848,0.031152,512x512,512,340,262144,5420,0.02067566,2.0676,ok,
002574,767,576,0.089368,512x512,512,385,262144,17597,0.06712723,6.7127,ok,
002575,6687,4439,0.584358,512x512,512,340,262144,101720,0.38803101,38.8031,ok,
002576,1024,768,0.150077,512x512,512,384,262144,29503,0.11254501,11.2545,ok,
002577,1024,768,0.55717,512x512,512,384,262144,109541,0.41786575,41.7866,ok,
002578,4288,2848,0.068936,512x512,512,340,262144,12000,0.04577637,4.5776,ok,
002579,3072,2304,0.102447,512x512,512,384,262144,20191,0.07702255,7.7023,ok,
002580,3072,2304,0.387075,512x512,512,384,262144,76104,0.29031372,29.0314,ok,
002581,3072,2304,0.192408,512x512,512,384,262144,37832,0.14431763,14.4318,ok,
002582,4288,2848,0.131554,512x512,512,340,262144,22908,0.08738708,8.7387,ok,
002583,1024,768,0.33478,512x512,512,384,262144,65813,0.25105667,25.1057,ok,
002584,919,802,0.155613,512x512,512,447,262144,35599,0.13579941,13.5799,ok,
002585,3872,2592,0.033892,512x512,512,343,262144,5951,0.02270126,2.2701,ok,
002586,1024,768,0.4552,512x512,512,384,262144,89495,0.34139633,34.1396,ok,
002587,4288,2848,0.036774,512x512,512,340,262144,6410,0.02445221,2.4452,ok,
002588,6681,4422,0.403269,512x512,512,339,262144,69990,0.26699066,26.6991,ok,
002589,2469,2232,0.117587,512x512,512,463,262144,27893,0.10640335,10.6403,ok,
002590,3872,2592,0.037664,512x512,512,343,262144,6608,0.02520752,2.5208,ok,
002591,3072,2304,0.16287,512x512,512,384,262144,32024,0.12216187,12.2162,ok,
002592,3008,2000,0.032262,512x512,512,340,262144,5608,0.02139282,2.1393,ok,
002593,4288,2848,0.125914,512x512,512,340,262144,21923,0.08362961,8.363,ok,
002594,4288,2848,0.049006,512x512,512,340,262144,8540,0.03257751,3.2578,ok,
002595,640,480,0.356976,512x512,512,384,262144,70250,0.26798248,26.7982,ok,
002596,6648,4439,0.66158,512x512,512,342,262144,115884,0.44206238,44.2062,ok,
002597,1024,768,0.240293,512x512,512,384,262144,47230,0.18016815,18.0168,ok,
002598,2441,1565,0.575875,512x512,512,328,262144,96743,0.36904526,36.9045,ok,
002599,640,480,0.069144,512x512,512,384,262144,13616,0.05194092,5.1941,ok,
002600,640,480,0.10387,512x512,512,384,262144,20447,0.07799911,7.7999,ok,
002601,3008,2000,0.072365,512x512,512,340,262144,12597,0.04805374,4.8054,ok,
002602,6648,4439,0.48591,512x512,512,342,262144,85065,0.32449722,32.4497,ok,
002603,3024,2016,0.099875,512x512,512,341,262144,17441,0.06653214,6.6532,ok,
002604,2664,2124,0.339445,512x512,512,408,262144,70895,0.27044296,27.0443,ok,
002605,3072,2304,0.508284,512x512,512,384,262144,100294,0.38259125,38.2591,ok,
002606,640,480,0.35734,512x512,512,384,262144,70276,0.26808167,26.8082,ok,
002607,6601,4380,0.030476,512x512,512,340,262144,5305,0.02023697,2.0237,ok,
002608,4288,2848,0.038478,512x512,512,340,262144,6679,0.02547836,2.5478,ok,
002609,4288,2848,0.039033,512x512,512,340,262144,6784,0.02587891,2.5879,ok,
002610,576,768,0.442392,512x512,384,512,262144,86974,0.33177948,33.1779,ok,
002611,4288,2848,0.012177,512x512,512,340,262144,2118,0.00807953,0.808,ok,
002612,6628,4399,0.236707,512x512,512,340,262144,41192,0.15713501,15.7135,ok,
002613,767,576,0.109232,512x512,512,385,262144,21503,0.08202744,8.2027,ok,
002614,4288,2848,0.04747,512x512,512,340,262144,8264,0.03152466,3.1525,ok,
002615,4288,2848,0.009452,512x512,512,340,262144,1648,0.00628662,0.6287,ok,
002616,767,576,0.738449,512x512,512,385,262144,145615,0.55547714,55.5477,ok,
002617,3072,2304,0.055194,512x512,512,384,262144,10845,0.04137039,4.137,ok,
002618,4288,2848,0.287506,512x512,512,340,262144,50047,0.19091415,19.0914,ok,
002619,1024,768,0.599656,512x512,512,384,262144,117898,0.44974518,44.9745,ok,
002620,962,723,0.316707,512x512,512,385,262144,62450,0.23822784,23.8228,ok,
002621,1024,768,0.136819,512x512,512,384,262144,26896,0.1026001,10.26,ok,
002622,3008,2000,0.027768,512x512,512,340,262144,4824,0.0184021,1.8402,ok,
002623,3008,2000,0.010034,512x512,512,340,262144,1740,0.00663757,0.6638,ok,
002624,4288,2848,0.027129,512x512,512,340,262144,4716,0.01799011,1.799,ok,
002625,4288,2848,0.062534,512x512,512,340,262144,10881,0.04150772,4.1508,ok,
002626,1024,768,0.715178,512x512,512,384,262144,140625,0.5364418,53.6442,ok,
002627,6642,4441,0.108071,512x512,512,342,262144,18925,0.07219315,7.2193,ok,
002628,1504,1129,0.21148,512x512,512,384,262144,41571,0.15858078,15.8581,ok,
002629,919,802,0.452637,512x512,512,447,262144,103603,0.39521408,39.5214,ok,
002630,3072,2304,0.178249,512x512,512,384,262144,35048,0.13369751,13.3698,ok,
002631,1024,768,0.198925,512x512,512,384,262144,39081,0.14908218,14.9082,ok,
002632,640,480,0.281227,512x512,512,384,262144,55350,0.21114349,21.1143,ok,
002633,3008,2000,0.05031,512x512,512,340,262144,8757,0.0334053,3.3405,ok,
002634,3072,2304,0.172695,512x512,512,384,262144,33956,0.12953186,12.9532,ok,
002635,1024,768,0.118693,512x512,512,384,262144,23346,0.08905792,8.9058,ok,
002636,1062,701,0.853004,512x512,512,338,262144,147792,0.56378174,56.3782,ok,
002637,1024,768,0.246877,512x512,512,384,262144,48544,0.18518066,18.5181,ok,
002638,3024,2016,0.069469,512x512,512,341,262144,12142,0.04631805,4.6318,ok,
002639,2048,1536,0.535716,512x512,512,384,262144,105324,0.40177917,40.1779,ok,
002640,1504,1129,0.319785,512x512,512,384,262144,62886,0.23989105,23.9891,ok,
002641,4288,2848,0.039415,512x512,512,340,262144,6871,0.02621078,2.6211,ok,
002642,3072,2304,0.077789,512x512,512,384,262144,15296,0.05834961,5.835,ok,
002643,3872,2592,0.014112,512x512,512,343,262144,2482,0.00946808,0.9468,ok,
002644,1024,768,0.839218,512x512,512,384,262144,165025,0.62952042,62.952,ok,
002645,3008,2000,0.027488,512x512,512,340,262144,4824,0.0184021,1.8402,ok,
002646,1024,768,0.624301,512x512,512,384,262144,122704,0.46807861,46.8079,ok,
002647,919,802,0.151112,512x512,512,447,262144,34607,0.13201523,13.2015,ok,
002648,1024,768,0.616573,512x512,512,384,262144,121280,0.46264648,46.2646,ok,
002649,6641,4440,0.408666,512x512,512,342,262144,71530,0.2728653,27.2865,ok,
002650,6642,4401,0.472329,512x512,512,339,262144,81976,0.31271362,31.2714,ok,
002651,6688,4459,0.118185,512x512,512,341,262144,20622,0.07866669,7.8667,ok,
002652,1024,768,0.137679,512x512,512,384,262144,27065,0.10324478,10.3245,ok,
002653,4288,2848,0.014476,512x512,512,340,262144,2516,0.00959778,0.9598,ok,
002654,1024,768,0.349962,512x512,512,384,262144,68818,0.26251984,26.252,ok,
002655,3872,2592,0.723342,512x512,512,343,262144,127196,0.48521423,48.5214,ok,
002656,1024,768,0.53311,512x512,512,384,262144,104814,0.39983368,39.9834,ok,
002657,6622,4401,0.228988,512x512,512,340,262144,39858,0.1520462,15.2046,ok,
002658,4288,2848,0.030026,512x512,512,340,262144,5213,0.01988602,1.9886,ok,
002659,3072,2304,0.343042,512x512,512,384,262144,67448,0.2572937,25.7294,ok,
002660,1024,768,0.291054,512x512,512,384,262144,57229,0.21831131,21.8311,ok,
002661,3024,2016,0.055959,512x512,512,341,262144,9780,0.03730774,3.7308,ok,
002662,1024,768,0.157336,512x512,512,384,262144,30923,0.11796188,11.7962,ok,
002663,3072,2304,0.134976,512x512,512,384,262144,26540,0.10124207,10.1242,ok,
002664,4288,2848,0.030705,512x512,512,340,262144,5368,0.02047729,2.0477,ok,
002665,1024,768,0.075231,512x512,512,384,262144,14793,0.05643082,5.6431,ok,
002666,3072,2304,0.029218,512x512,512,384,262144,5745,0.02191544,2.1915,ok,
002667,3008,2000,0.01946,512x512,512,340,262144,3388,0.01292419,1.2924,ok,
002668,3008,2000,0.071315,512x512,512,340,262144,12396,0.04728699,4.7287,ok,
002669,2048,1536,0.17466,512x512,512,384,262144,34340,0.1309967,13.0997,ok,
002670,4288,2848,0.344404,512x512,512,340,262144,59964,0.22874451,22.8745,ok,
002671,2048,1536,0.384438,512x512,512,384,262144,75584,0.28833008,28.833,ok,
002672,6642,4422,0.205611,512x512,512,341,262144,35868,0.13682556,13.6826,ok,
002673,6688,4439,0.469184,512x512,512,340,262144,81690,0.31162262,31.1623,ok,
002674,640,480,0.312021,512x512,512,384,262144,61363,0.23408127,23.4081,ok,
002675,3872,2592,0.025392,512x512,512,343,262144,4472,0.01705933,1.7059,ok,
002676,6642,4422,0.284904,512x512,512,341,262144,49717,0.1896553,18.9655,ok,
002677,3008,2000,0.026189,512x512,512,340,262144,4560,0.01739502,1.7395,ok,
002678,1024,768,0.185914,512x512,512,384,262144,36536,0.13937378,13.9374,ok,
002679,3072,2304,0.033175,512x512,512,384,262144,6524,0.02488708,2.4887,ok,
002680,1024,768,0.050905,512x512,512,384,262144,9995,0.0381279,3.8128,ok,
002681,3008,2000,0.023566,512x512,512,340,262144,4104,0.01565552,1.5656,ok,
002682,919,802,0.173783,512x512,512,447,262144,39772,0.15171814,15.1718,ok,
002683,1022,767,0.618909,512x512,512,384,262144,121554,0.46369171,46.3692,ok,
002684,4288,2848,0.038285,512x512,512,340,262144,6656,0.02539062,2.5391,ok,
002685,4288,2848,0.029379,512x512,512,340,262144,5124,0.01954651,1.9547,ok,
002686,6681,4422,0.30813,512x512,512,339,262144,53497,0.20407486,20.4075,ok,
002687,4288,2848,0.044474,512x512,512,340,262144,7760,0.02960205,2.9602,ok,
002688,1024,768,0.252145,512x512,512,384,262144,49575,0.18911362,18.9114,ok,
002689,6668,4459,0.155365,512x512,512,342,262144,27174,0.10366058,10.3661,ok,
002690,3072,2304,0.070168,512x512,512,384,262144,13806,0.05266571,5.2666,ok,
002691,3072,2304,0.372825,512x512,512,384,262144,73300,0.27961731,27.9617,ok,
002692,1024,768,0.407017,512x512,512,384,262144,80033,0.30530167,30.5302,ok,
002693,3072,2304,0.190944,512x512,512,384,262144,37544,0.14321899,14.3219,ok,
002694,1024,768,0.081528,512x512,512,384,262144,16023,0.06112289,6.1123,ok,
002695,6622,4400,0.135725,512x512,512,340,262144,23628,0.09013367,9.0134,ok,
002696,1504,1129,0.321831,512x512,512,384,262144,63288,0.24142456,24.1425,ok,
002697,3072,2304,0.351163,512x512,512,384,262144,69030,0.26332855,26.3329,ok,
002698,1024,768,0.122374,512x512,512,384,262144,24041,0.09170914,9.1709,ok,
002699,6681,4440,0.326781,512x512,512,340,262144,56883,0.21699142,21.6991,ok,
002700,1024,768,0.821359,512x512,512,384,262144,161492,0.61604309,61.6043,ok,
